사고번호,사고일시,요일,시군구,사고내용,사망자수,중상자수,경상자수,부상신고자수,사고유형,법규위반,노면상태,기상상태,도로형태,가해운전자 차종,가해운전자 성별,가해운전자 연령,가해운전자 상해정도,피해운전자 차종,피해운전자 성별,피해운전자 연령,피해운전자 상해정도
2021011600100414,2021년 1월 16일 21시,토요일,서울특별시 마포구 상수동,중상사고,0,1,0,0,차대사람 - 횡단중,신호위반,포장 - 건조,맑음,단일로 - 기타,승용,남,38세,상해없음,보행자,남,46세,중상
2021011700100036,2021년 1월 17일 09시,일요일,서울특별시 강서구 방화동,중상사고,0,1,0,0,차대사람 - 기타,안전운전불이행,포장 - 건조,맑음,단일로 - 기타,건설기계,남,61세,상해없음,보행자,여,71세,중상
2021011700100113,2021년 1월 17일 14시,일요일,서울특별시 은평구 갈현동,경상사고,0,0,1,0,차대사람 - 기타,안전운전불이행,포장 - 건조,맑음,교차로 - 교차로부근,승용,남,62세,상해없음,보행자,여,37세,경상
2021011700100176,2021년 1월 17일 17시,일요일,서울특별시 양천구 신월동,중상사고,0,1,0,0,차대사람 - 기타,안전운전불이행,포장 - 건조,맑음,기타 - 기타,승용,남,59세,상해없음,보행자,여,66세,중상
2021011700100198,2021년 1월 17일 18시,일요일,서울특별시 강남구 논현동,경상사고,0,0,1,0,차대사람 - 보도통행중,안전운전불이행,포장 - 건조,맑음,기타 - 기타,개인형이동수단(PM),남,34세,상해없음,보행자,여,48세,경상
2021011700100275,2021년 1월 17일 21시,일요일,서울특별시 용산구 한남동,경상사고,0,0,1,0,차대사람 - 횡단중,중앙선침범,포장 - 젖음/습기,맑음,단일로 - 기타,승용,남,41세,상해없음,보행자,남,26세,경상
2021011700100276,2021년 1월 17일 21시,일요일,서울특별시 마포구 서교동,경상사고,0,0,1,0,차대사람 - 기타,안전운전불이행,포장 - 기타,맑음,단일로 - 기타,개인형이동수단(PM),남,20세,상해없음,보행자,여,19세,경상
2021011800100011,2021년 1월 18일 05시,월요일,서울특별시 은평구 신사동,경상사고,0,0,1,0,차대사람 - 차도통행중,안전운전불이행,포장 - 건조,맑음,교차로 - 교차로부근,승용,남,46세,상해없음,보행자,남,62세,경상
2021011800100072,2021년 1월 18일 09시,월요일,서울특별시 송파구 풍납동,부상신고사고,0,0,0,1,차대사람 - 길가장자리구역통행중,안전운전불이행,포장 - 건조,맑음,단일로 - 기타,승용,남,58세,상해없음,보행자,남,21세,부상신고
2021011800100089,2021년 1월 18일 10시,월요일,서울특별시 강북구 미아동,경상사고,0,0,1,0,차대사람 - 횡단중,신호위반,포장 - 서리/결빙,눈,단일로 - 기타,승용,남,63세,상해없음,보행자,여,55세,경상
2021011800100090,2021년 1월 18일 10시,월요일,서울특별시 중랑구 망우동,경상사고,0,0,1,0,차대사람 - 차도통행중,안전운전불이행,포장 - 적설,눈,단일로 - 기타,이륜,여,69세,상해없음,보행자,여,50세,경상
2021011800100117,2021년 1월 18일 11시,월요일,서울특별시 성동구 마장동,경상사고,0,0,1,0,차대사람 - 기타,안전운전불이행,포장 - 젖음/습기,눈,단일로 - 기타,승합,남,40세,상해없음,보행자,남,8세,경상
2021011800100142,2021년 1월 18일 12시,월요일,서울특별시 성동구 행당동,중상사고,0,1,0,0,차대사람 - 횡단중,신호위반,포장 - 건조,맑음,단일로 - 기타,화물,남,43세,상해없음,보행자,남,68세,중상
2021011800100181,2021년 1월 18일 14시,월요일,서울특별시 영등포구 당산동5가,경상사고,0,0,1,0,차대사람 - 기타,안전운전불이행,포장 - 건조,맑음,교차로 - 교차로안,승합,남,72세,상해없음,보행자,여,50세,경상
2021011800100204,2021년 1월 18일 15시,월요일,서울특별시 서대문구 창천동,경상사고,0,0,1,0,차대사람 - 차도통행중,안전운전불이행,포장 - 건조,맑음,단일로 - 기타,승용,남,64세,상해없음,보행자,남,26세,경상
2021011800100229,2021년 1월 18일 16시,월요일,서울특별시 동대문구 제기동,경상사고,0,0,1,0,차대사람 - 기타,보행자보호의무위반,포장 - 건조,맑음,교차로 - 교차로횡단보도내,화물,남,42세,상해없음,보행자,여,81세,경상
2021011800100230,2021년 1월 18일 16시,월요일,서울특별시 동대문구 신설동,경상사고,0,0,1,0,차대사람 - 보도통행중,안전운전불이행,포장 - 건조,맑음,교차로 - 교차로안,이륜,남,48세,경상,보행자,여,60세,상해없음
2021011800100231,2021년 1월 18일 16시,월요일,서울특별시 중랑구 면목동,경상사고,0,0,1,0,차대사람 - 기타,신호위반,포장 - 건조,맑음,교차로 - 교차로부근,개인형이동수단(PM),여,49세,상해없음,보행자,여,86세,경상
2021011800100232,2021년 1월 18일 16시,월요일,서울특별시 양천구 신월동,중상사고,0,1,0,1,차대사람 - 보도통행중,안전운전불이행,포장 - 건조,맑음,단일로 - 기타,이륜,남,19세,부상신고,보행자,남,76세,중상
2021011800100287,2021년 1월 18일 18시,월요일,서울특별시 강북구 미아동,중상사고,0,1,0,0,차대사람 - 횡단중,안전운전불이행,포장 - 젖음/습기,눈,교차로 - 교차로부근,화물,남,46세,상해없음,보행자,여,46세,중상
2021011800100395,2021년 1월 18일 20시,월요일,서울특별시 송파구 잠실동,중상사고,0,2,0,0,차대사람 - 기타,안전운전불이행,포장 - 건조,맑음,교차로 - 교차로안,승용,남,47세,상해없음,보행자,여,25세,중상
2021011800100421,2021년 1월 18일 21시,월요일,서울특별시 용산구 원효로1가,부상신고사고,0,0,0,1,차대사람 - 기타,안전운전불이행,포장 - 건조,맑음,단일로 - 기타,승용,남,62세,상해없음,보행자,남,36세,부상신고
2021011900100030,2021년 1월 19일 06시,화요일,서울특별시 서초구 양재동,중상사고,0,1,0,0,차대사람 - 기타,안전운전불이행,포장 - 건조,맑음,주차장 - 주차장,화물,남,29세,상해없음,보행자,여,57세,중상
2021011900100039,2021년 1월 19일 07시,화요일,서울특별시 용산구 청파동3가,중상사고,0,1,0,0,차대사람 - 횡단중,보행자보호의무위반,포장 - 젖음/습기,맑음,교차로 - 교차로횡단보도내,승용,남,65세,상해없음,보행자,여,28세,중상
2021011900100041,2021년 1월 19일 07시,화요일,서울특별시 동대문구 신설동,경상사고,0,0,1,0,차대사람 - 횡단중,기타,포장 - 건조,맑음,교차로 - 교차로횡단보도내,승용,남,64세,상해없음,보행자,여,29세,경상
2021011900100062,2021년 1월 19일 08시,화요일,서울특별시 동대문구 장안동,경상사고,0,0,1,0,차대사람 - 기타,안전운전불이행,포장 - 건조,맑음,기타 - 기타,승용,남,71세,상해없음,보행자,여,51세,경상
2021011900100133,2021년 1월 19일 10시,화요일,서울특별시 서대문구 냉천동,중상사고,0,1,1,0,차대사람 - 횡단중,신호위반,포장 - 건조,맑음,교차로 - 교차로횡단보도내,승용,여,58세,상해없음,보행자,여,38세,중상
2021011900100163,2021년 1월 19일 11시,화요일,서울특별시 서대문구 북아현동,중상사고,0,1,0,0,차대사람 - 차도통행중,안전운전불이행,포장 - 건조,맑음,단일로 - 기타,승용,남,35세,상해없음,보행자,남,75세,중상
2021011900100166,2021년 1월 19일 11시,화요일,서울특별시 중랑구 중화동,경상사고,0,0,1,0,차대사람 - 기타,안전운전불이행,포장 - 건조,맑음,단일로 - 기타,기타불명,기타불명,미분류,기타불명,보행자,남,61세,경상
2021011900100199,2021년 1월 19일 12시,화요일,서울특별시 중랑구 면목동,부상신고사고,0,0,0,1,차대사람 - 기타,안전운전불이행,포장 - 건조,맑음,단일로 - 기타,이륜,남,43세,부상신고,보행자,남,69세,상해없음
2021011900100235,2021년 1월 19일 13시,화요일,서울특별시 양천구 신정동,경상사고,0,0,1,0,차대사람 - 기타,안전운전불이행,포장 - 건조,맑음,교차로 - 교차로안,승용,남,66세,상해없음,보행자,남,70세,경상
2021011900100236,2021년 1월 19일 13시,화요일,서울특별시 은평구 불광동,경상사고,0,0,1,0,차대사람 - 길가장자리구역통행중,안전운전불이행,포장 - 건조,맑음,단일로 - 기타,기타불명,기타불명,미분류,기타불명,보행자,남,10세,경상
2021011900100264,2021년 1월 19일 14시,화요일,서울특별시 성북구 하월곡동,경상사고,0,0,1,0,차대사람 - 횡단중,안전운전불이행,포장 - 건조,맑음,단일로 - 기타,승용,남,26세,상해없음,보행자,여,72세,경상
2021011900100296,2021년 1월 19일 15시,화요일,서울특별시 중구 신당동,경상사고,0,0,1,0,차대사람 - 보도통행중,신호위반,포장 - 젖음/습기,맑음,단일로 - 기타,이륜,남,26세,상해없음,보행자,여,59세,경상
2021011900100301,2021년 1월 19일 15시,화요일,서울특별시 송파구 가락동,경상사고,0,0,1,0,차대사람 - 기타,안전운전불이행,포장 - 젖음/습기,맑음,기타 - 기타,자전거,남,65세,상해없음,보행자,남,52세,경상
2021011900100302,2021년 1월 19일 15시,화요일,서울특별시 노원구 상계동,경상사고,0,0,1,0,차대사람 - 횡단중,신호위반,포장 - 건조,맑음,단일로 - 기타,승용,여,56세,상해없음,보행자,여,34세,경상
2021011900100321,2021년 1월 19일 16시,화요일,서울특별시 은평구 응암동,경상사고,0,0,1,0,차대사람 - 횡단중,신호위반,포장 - 건조,맑음,교차로 - 교차로안,승용,남,54세,상해없음,보행자,여,33세,경상
2021011900100328,2021년 1월 19일 16시,화요일,서울특별시 구로구 구로동,경상사고,0,0,1,0,차대사람 - 차도통행중,안전운전불이행,포장 - 건조,맑음,단일로 - 기타,승합,남,45세,상해없음,보행자,남,68세,경상
2021011900100361,2021년 1월 19일 17시,화요일,서울특별시 종로구 신문로1가,경상사고,0,0,1,0,차대사람 - 차도통행중,안전운전불이행,포장 - 젖음/습기,맑음,교차로 - 교차로안,승용,남,65세,상해없음,보행자,남,43세,경상
2021011900100362,2021년 1월 19일 17시,화요일,서울특별시 서대문구 충정로2가,중상사고,0,1,0,0,차대사람 - 횡단중,안전운전불이행,포장 - 서리/결빙,흐림,교차로 - 교차로안,이륜,남,19세,상해없음,보행자,여,55세,중상
2021011900100371,2021년 1월 19일 17시,화요일,서울특별시 서초구 서초동,중상사고,0,1,0,0,차대사람 - 기타,안전운전불이행,포장 - 건조,맑음,단일로 - 기타,승용,남,46세,상해없음,보행자,여,60세,중상
2021011900100466,2021년 1월 19일 19시,화요일,서울특별시 영등포구 당산동5가,부상신고사고,0,0,0,1,차대사람 - 기타,안전운전불이행,포장 - 건조,맑음,단일로 - 기타,이륜,남,34세,부상신고,보행자,남,53세,상해없음
2021011900100503,2021년 1월 19일 20시,화요일,서울특별시 관악구 신림동,경상사고,0,0,1,0,차대사람 - 기타,안전운전불이행,포장 - 건조,맑음,기타 - 기타,승용,남,38세,상해없음,보행자,여,34세,경상
2021011900100505,2021년 1월 19일 20시,화요일,서울특별시 관악구 봉천동,경상사고,0,0,1,0,차대사람 - 기타,안전운전불이행,포장 - 건조,맑음,단일로 - 기타,승용,남,63세,상해없음,보행자,남,46세,경상
2021011900100512,2021년 1월 19일 20시,화요일,서울특별시 강동구 성내동,경상사고,0,0,1,0,차대사람 - 횡단중,안전운전불이행,포장 - 건조,맑음,교차로 - 교차로안,승용,여,41세,상해없음,보행자,남,27세,경상
2021011900100513,2021년 1월 19일 20시,화요일,서울특별시 송파구 방이동,경상사고,0,0,1,0,차대사람 - 기타,안전운전불이행,포장 - 건조,맑음,기타 - 기타,이륜,남,38세,상해없음,보행자,남,29세,경상
2021011900100549,2021년 1월 19일 21시,화요일,서울특별시 관악구 신림동,경상사고,0,0,1,1,차대사람 - 횡단중,안전운전불이행,포장 - 젖음/습기,맑음,교차로 - 교차로횡단보도내,이륜,남,27세,경상,보행자,남,49세,부상신고
2021012000100022,2021년 1월 20일 05시,수요일,서울특별시 강남구 개포동,경상사고,0,0,1,0,차대사람 - 기타,안전운전불이행,포장 - 건조,맑음,교차로 - 교차로부근,기타불명,기타불명,미분류,기타불명,보행자,남,74세,경상
2021012000100146,2021년 1월 20일 10시,수요일,서울특별시 중랑구 면목동,경상사고,0,0,1,0,차대사람 - 기타,안전운전불이행,포장 - 건조,맑음,단일로 - 기타,승용,여,39세,상해없음,보행자,여,82세,경상
2021012000100149,2021년 1월 20일 10시,수요일,서울특별시 송파구 석촌동,중상사고,0,1,0,0,차대사람 - 횡단중,신호위반,포장 - 건조,맑음,단일로 - 기타,이륜,남,74세,상해없음,보행자,남,45세,중상
2021012000100188,2021년 1월 20일 11시,수요일,서울특별시 서초구 서초동,경상사고,0,0,1,0,차대사람 - 보도통행중,안전운전불이행,포장 - 건조,맑음,기타 - 기타,이륜,남,50세,상해없음,보행자,남,24세,경상
2021012000100225,2021년 1월 20일 12시,수요일,서울특별시 동대문구 용두동,경상사고,0,0,1,0,차대사람 - 횡단중,안전운전불이행,포장 - 건조,맑음,단일로 - 터널,자전거,남,20세,상해없음,보행자,여,82세,경상
2021012000100234,2021년 1월 20일 12시,수요일,서울특별시 강남구 자곡동,경상사고,0,0,1,0,차대사람 - 횡단중,안전운전불이행,포장 - 건조,맑음,단일로 - 기타,승용,여,62세,상해없음,보행자,여,13세,경상
2021012000100264,2021년 1월 20일 13시,수요일,서울특별시 도봉구 도봉동,중상사고,0,1,0,0,차대사람 - 횡단중,안전운전불이행,포장 - 건조,맑음,교차로 - 교차로안,화물,남,51세,상해없음,보행자,남,60세,중상
2021012000100305,2021년 1월 20일 14시,수요일,서울특별시 관악구 신림동,경상사고,0,0,2,0,차대사람 - 횡단중,신호위반,포장 - 건조,맑음,교차로 - 교차로안,이륜,남,62세,상해없음,보행자,여,60세,경상
2021012000100306,2021년 1월 20일 14시,수요일,서울특별시 송파구 가락동,경상사고,0,0,1,0,차대사람 - 기타,안전운전불이행,포장 - 건조,맑음,단일로 - 기타,승용,남,45세,상해없음,보행자,여,48세,경상
2021012000100364,2021년 1월 20일 16시,수요일,서울특별시 성북구 하월곡동,경상사고,0,0,1,0,차대사람 - 차도통행중,안전운전불이행,포장 - 건조,맑음,단일로 - 기타,승용,남,59세,상해없음,보행자,여,62세,경상
2021012000100393,2021년 1월 20일 17시,수요일,서울특별시 성동구 도선동,경상사고,0,0,1,0,차대사람 - 기타,안전운전불이행,포장 - 건조,맑음,단일로 - 기타,화물,남,65세,상해없음,보행자,남,71세,경상
2021012000100395,2021년 1월 20일 17시,수요일,서울특별시 중랑구 상봉동,경상사고,0,0,1,0,차대사람 - 기타,기타,포장 - 건조,맑음,단일로 - 기타,화물,남,53세,상해없음,보행자,남,32세,경상
2021012000100400,2021년 1월 20일 17시,수요일,서울특별시 강남구 역삼동,경상사고,0,0,1,0,차대사람 - 길가장자리구역통행중,안전운전불이행,포장 - 건조,맑음,단일로 - 기타,승용,남,71세,상해없음,보행자,여,20세,경상
2021012000100446,2021년 1월 20일 18시,수요일,서울특별시 종로구 숭인동,경상사고,0,0,1,0,차대사람 - 차도통행중,안전운전불이행,포장 - 건조,맑음,교차로 - 교차로부근,승용,남,69세,상해없음,보행자,남,59세,경상
2021012000100455,2021년 1월 20일 18시,수요일,서울특별시 강남구 신사동,중상사고,0,1,0,0,차대사람 - 기타,신호위반,포장 - 건조,맑음,교차로 - 교차로안,승용,남,48세,상해없음,보행자,남,62세,중상
2021012000100459,2021년 1월 20일 18시,수요일,서울특별시 구로구 구로동,경상사고,0,0,1,0,차대사람 - 횡단중,안전운전불이행,포장 - 건조,맑음,교차로 - 교차로횡단보도내,승합,남,68세,상해없음,보행자,여,81세,경상
2021012000100577,2021년 1월 20일 20시,수요일,서울특별시 동작구 노량진동,중상사고,0,1,0,0,차대사람 - 횡단중,안전운전불이행,포장 - 건조,맑음,단일로 - 기타,승용,남,49세,상해없음,보행자,남,24세,중상
2021012000100579,2021년 1월 20일 20시,수요일,서울특별시 강남구 압구정동,경상사고,0,0,1,0,차대사람 - 횡단중,신호위반,포장 - 건조,맑음,교차로 - 교차로횡단보도내,승용,남,46세,상해없음,보행자,남,21세,경상
2021012000100611,2021년 1월 20일 21시,수요일,서울특별시 종로구 신문로2가,부상신고사고,0,0,0,1,차대사람 - 기타,안전운전불이행,포장 - 건조,맑음,단일로 - 기타,이륜,남,25세,부상신고,보행자,남,50세,상해없음
2021012000100628,2021년 1월 20일 21시,수요일,서울특별시 강동구 천호동,중상사고,0,1,0,0,차대사람 - 기타,안전운전불이행,포장 - 건조,맑음,단일로 - 기타,승합,남,58세,상해없음,보행자,남,38세,중상
2021012000100660,2021년 1월 20일 22시,수요일,서울특별시 동작구 동작동,사망사고,1,0,0,0,차대사람 - 차도통행중,안전운전불이행,포장 - 건조,맑음,단일로 - 기타,승용,남,46세,상해없음,보행자,남,68세,사망
2021012100100005,2021년 1월 21일 01시,목요일,서울특별시 동대문구 이문동,부상신고사고,0,0,0,1,차대사람 - 기타,안전운전불이행,포장 - 건조,맑음,단일로 - 기타,승용,남,65세,상해없음,보행자,남,37세,부상신고
2021012100100015,2021년 1월 21일 05시,목요일,서울특별시 금천구 가산동,중상사고,0,1,0,0,차대사람 - 횡단중,보행자보호의무위반,포장 - 건조,맑음,단일로 - 기타,승용,남,44세,상해없음,보행자,여,60세,중상
2021012100100030,2021년 1월 21일 06시,목요일,서울특별시 송파구 가락동,중상사고,0,1,0,0,차대사람 - 횡단중,안전운전불이행,포장 - 건조,맑음,교차로 - 교차로안,승용,남,63세,상해없음,보행자,남,61세,중상
2021012100100066,2021년 1월 21일 08시,목요일,서울특별시 양천구 목동,경상사고,0,0,1,0,차대사람 - 기타,기타,포장 - 건조,맑음,기타 - 기타,개인형이동수단(PM),여,21세,상해없음,보행자,여,42세,경상
2021012100100094,2021년 1월 21일 09시,목요일,서울특별시 강남구 역삼동,경상사고,0,0,1,0,차대사람 - 기타,안전운전불이행,포장 - 건조,맑음,단일로 - 기타,개인형이동수단(PM),여,30세,상해없음,보행자,여,35세,경상
2021012100100097,2021년 1월 21일 09시,목요일,서울특별시 양천구 신월동,경상사고,0,0,1,0,차대사람 - 기타,안전운전불이행,포장 - 건조,맑음,기타 - 기타,승합,남,65세,상해없음,보행자,남,58세,경상
2021012100100203,2021년 1월 21일 12시,목요일,서울특별시 서초구 잠원동,경상사고,0,0,1,0,차대사람 - 횡단중,보행자보호의무위반,포장 - 건조,맑음,교차로 - 교차로횡단보도내,승용,남,28세,상해없음,보행자,여,53세,경상
2021012100100227,2021년 1월 21일 13시,목요일,서울특별시 종로구 묘동,경상사고,0,0,1,0,차대사람 - 차도통행중,안전운전불이행,포장 - 건조,맑음,단일로 - 기타,승용,남,44세,상해없음,보행자,남,89세,경상
2021012100100230,2021년 1월 21일 13시,목요일,서울특별시 중랑구 면목동,경상사고,0,0,1,0,차대사람 - 기타,안전운전불이행,포장 - 건조,맑음,단일로 - 기타,승용,남,66세,상해없음,보행자,남,36세,경상
2021012100100258,2021년 1월 21일 14시,목요일,서울특별시 영등포구 신길동,경상사고,0,0,1,0,차대사람 - 횡단중,보행자보호의무위반,포장 - 젖음/습기,비,교차로 - 교차로안,승용,남,59세,상해없음,보행자,남,32세,경상
2021012100100284,2021년 1월 21일 15시,목요일,서울특별시 강동구 천호동,사망사고,1,0,0,0,차대사람 - 기타,기타,포장 - 젖음/습기,비,단일로 - 기타,화물,남,71세,상해없음,보행자,여,31세,사망
2021012100100378,2021년 1월 21일 18시,목요일,서울특별시 성북구 삼선동2가,경상사고,0,0,1,0,차대사람 - 횡단중,신호위반,포장 - 젖음/습기,비,교차로 - 교차로횡단보도내,승용,남,72세,상해없음,보행자,여,19세,경상
2021012100100379,2021년 1월 21일 18시,목요일,서울특별시 동대문구 휘경동,경상사고,0,0,1,0,차대사람 - 차도통행중,안전운전불이행,포장 - 젖음/습기,비,단일로 - 기타,이륜,남,27세,상해없음,보행자,여,38세,경상
2021012100100380,2021년 1월 21일 18시,목요일,서울특별시 영등포구 신길동,중상사고,0,1,0,0,차대사람 - 횡단중,신호위반,포장 - 젖음/습기,비,단일로 - 기타,승용,남,45세,상해없음,보행자,남,73세,중상
2021012100100385,2021년 1월 21일 18시,목요일,서울특별시 서초구 양재동,경상사고,0,0,1,0,차대사람 - 기타,안전운전불이행,포장 - 젖음/습기,비,단일로 - 기타,승용,남,75세,상해없음,보행자,남,24세,경상
2021012100100386,2021년 1월 21일 18시,목요일,서울특별시 강남구 대치동,중상사고,0,1,2,0,차대사람 - 기타,안전운전불이행,포장 - 건조,맑음,단일로 - 기타,승용,남,29세,상해없음,보행자,여,59세,경상
2021012100100448,2021년 1월 21일 19시,목요일,서울특별시 마포구 연남동,경상사고,0,0,1,0,차대사람 - 횡단중,안전운전불이행,포장 - 젖음/습기,비,교차로 - 교차로안,이륜,남,24세,상해없음,보행자,남,27세,경상
2021012100100458,2021년 1월 21일 19시,목요일,서울특별시 노원구 상계동,경상사고,0,0,1,0,차대사람 - 횡단중,안전운전불이행,포장 - 젖음/습기,비,단일로 - 기타,승용,남,53세,상해없음,보행자,남,61세,경상
2021012100100496,2021년 1월 21일 20시,목요일,서울특별시 강북구 미아동,중상사고,0,1,0,0,차대사람 - 기타,중앙선침범,포장 - 건조,맑음,단일로 - 기타,승용,남,46세,상해없음,보행자,남,71세,중상
2021012100100501,2021년 1월 21일 20시,목요일,서울특별시 구로구 고척동,경상사고,0,0,1,0,차대사람 - 횡단중,신호위반,포장 - 젖음/습기,비,단일로 - 기타,이륜,남,17세,상해없음,보행자,여,64세,경상
2021012100100537,2021년 1월 21일 21시,목요일,서울특별시 강남구 삼성동,경상사고,0,0,1,0,차대사람 - 기타,보행자보호의무위반,포장 - 건조,맑음,기타 - 기타,승용,남,40세,상해없음,보행자,남,41세,경상
2021012100100587,2021년 1월 21일 22시,목요일,서울특별시 중랑구 면목동,경상사고,0,0,1,0,차대사람 - 횡단중,안전운전불이행,포장 - 젖음/습기,비,교차로 - 교차로부근,승용,남,32세,상해없음,보행자,여,23세,경상
2021012200100007,2021년 1월 22일 01시,금요일,서울특별시 은평구 불광동,경상사고,0,0,2,0,차대사람 - 기타,기타,포장 - 건조,맑음,단일로 - 기타,승용,남,64세,상해없음,보행자,여,26세,경상
2021012200100086,2021년 1월 22일 09시,금요일,서울특별시 양천구 목동,중상사고,0,1,0,0,차대사람 - 횡단중,보행자보호의무위반,포장 - 건조,맑음,교차로 - 교차로횡단보도내,승용,여,32세,상해없음,보행자,남,36세,중상
2021012200100154,2021년 1월 22일 12시,금요일,서울특별시 중구 북창동,경상사고,0,0,1,0,차대사람 - 기타,안전운전불이행,포장 - 건조,맑음,단일로 - 기타,화물,남,47세,상해없음,보행자,남,26세,경상
2021012200100201,2021년 1월 22일 14시,금요일,서울특별시 강서구 가양동,중상사고,0,1,0,0,차대사람 - 기타,기타,포장 - 젖음/습기,흐림,기타 - 기타,승용,남,73세,상해없음,보행자,여,19세,중상
2021012200100202,2021년 1월 22일 14시,금요일,서울특별시 양천구 목동,중상사고,0,1,0,0,차대사람 - 기타,안전운전불이행,포장 - 건조,맑음,교차로 - 교차로부근,승용,남,43세,상해없음,보행자,남,59세,중상
2021012200100265,2021년 1월 22일 16시,금요일,서울특별시 서대문구 북아현동,부상신고사고,0,0,0,1,차대사람 - 기타,안전운전불이행,포장 - 건조,맑음,교차로 - 교차로안,승용,여,38세,상해없음,보행자,남,5세,부상신고
2021012200100268,2021년 1월 22일 16시,금요일,서울특별시 강남구 대치동,중상사고,0,1,0,0,차대사람 - 기타,안전운전불이행,포장 - 건조,맑음,교차로 - 교차로부근,승용,여,35세,상해없음,보행자,남,33세,중상
2021012200100298,2021년 1월 22일 17시,금요일,서울특별시 강북구 우이동,중상사고,0,1,0,0,차대사람 - 차도통행중,안전운전불이행,포장 - 건조,맑음,교차로 - 교차로안,승용,여,36세,상해없음,보행자,여,70세,중상
2021012200100299,2021년 1월 22일 17시,금요일,서울특별시 마포구 동교동,경상사고,0,0,1,0,차대사람 - 횡단중,신호위반,포장 - 건조,맑음,단일로 - 기타,승용,여,42세,상해없음,보행자,여,22세,경상
2021012200100301,2021년 1월 22일 17시,금요일,서울특별시 강남구 역삼동,경상사고,0,0,1,0,차대사람 - 기타,안전운전불이행,포장 - 건조,맑음,단일로 - 기타,승용,여,59세,상해없음,보행자,남,56세,경상
2021012200100428,2021년 1월 22일 19시,금요일,서울특별시 성동구 성수동2가,경상사고,0,0,1,0,차대사람 - 길가장자리구역통행중,안전운전불이행,포장 - 젖음/습기,흐림,단일로 - 기타,승용,남,37세,상해없음,보행자,남,31세,경상
2021012200100439,2021년 1월 22일 19시,금요일,서울특별시 강남구 대치동,경상사고,0,0,1,0,차대사람 - 기타,안전운전불이행,포장 - 젖음/습기,기타,단일로 - 기타,승용,남,64세,상해없음,보행자,남,40세,경상
2021012200100484,2021년 1월 22일 20시,금요일,서울특별시 강북구 수유동,경상사고,0,0,1,0,차대사람 - 기타,안전운전불이행,포장 - 건조,맑음,단일로 - 기타,이륜,남,29세,상해없음,보행자,남,30세,경상
2021012300100026,2021년 1월 23일 05시,토요일,서울특별시 광진구 중곡동,경상사고,0,0,1,0,차대사람 - 보도통행중,안전운전불이행,포장 - 건조,맑음,단일로 - 기타,승용,남,73세,상해없음,보행자,남,27세,경상
2021012300100064,2021년 1월 23일 09시,토요일,서울특별시 구로구 오류동,경상사고,0,0,1,0,차대사람 - 보도통행중,기타,포장 - 건조,맑음,기타 - 기타,건설기계,남,63세,상해없음,보행자,남,52세,경상
2021012300100129,2021년 1월 23일 12시,토요일,서울특별시 은평구 응암동,경상사고,0,0,1,0,차대사람 - 횡단중,안전운전불이행,포장 - 건조,맑음,교차로 - 교차로안,화물,남,48세,기타불명,보행자,여,53세,경상
2021012300100234,2021년 1월 23일 15시,토요일,서울특별시 영등포구 신길동,경상사고,0,0,1,0,차대사람 - 기타,안전운전불이행,포장 - 건조,맑음,단일로 - 기타,승용,남,64세,상해없음,보행자,여,56세,경상
2021012300100238,2021년 1월 23일 15시,토요일,서울특별시 성북구 상월곡동,경상사고,0,0,1,0,차대사람 - 차도통행중,안전운전불이행,포장 - 건조,맑음,단일로 - 기타,승용,남,68세,상해없음,보행자,남,63세,경상
2021012300100269,2021년 1월 23일 16시,토요일,서울특별시 노원구 중계동,중상사고,0,1,0,0,차대사람 - 횡단중,신호위반,포장 - 건조,맑음,교차로 - 교차로횡단보도내,이륜,남,56세,상해없음,보행자,여,56세,중상
2021012300100301,2021년 1월 23일 17시,토요일,서울특별시 강남구 신사동,경상사고,0,0,1,0,차대사람 - 길가장자리구역통행중,안전운전불이행,포장 - 건조,맑음,교차로 - 교차로부근,승용,여,50세,상해없음,보행자,여,19세,경상
2021012300100302,2021년 1월 23일 17시,토요일,서울특별시 구로구 구로동,중상사고,0,1,0,0,차대사람 - 차도통행중,안전운전불이행,포장 - 건조,맑음,교차로 - 교차로안,승용,남,32세,기타불명,보행자,남,66세,중상
2021012300100333,2021년 1월 23일 18시,토요일,서울특별시 종로구 장사동,경상사고,0,0,1,0,차대사람 - 기타,안전운전불이행,포장 - 건조,맑음,단일로 - 기타,기타불명,기타불명,미분류,기타불명,보행자,남,69세,경상
2021012300100334,2021년 1월 23일 18시,토요일,서울특별시 용산구 용산동2가,경상사고,0,0,1,0,차대사람 - 기타,불법유턴,포장 - 건조,맑음,기타 - 기타,승용,남,66세,상해없음,보행자,여,26세,경상
2021012300100384,2021년 1월 23일 19시,토요일,서울특별시 강남구 역삼동,경상사고,0,0,1,0,차대사람 - 기타,안전운전불이행,포장 - 건조,맑음,단일로 - 기타,승용,남,26세,상해없음,보행자,남,34세,경상
2021012300100385,2021년 1월 23일 19시,토요일,서울특별시 도봉구 쌍문동,중상사고,0,2,0,0,차대사람 - 보도통행중,신호위반,포장 - 젖음/습기,흐림,교차로 - 교차로부근,승용,남,73세,상해없음,보행자,남,48세,중상