사고번호,사고일시,요일,시군구,사고내용,사망자수,중상자수,경상자수,부상신고자수,사고유형,법규위반,노면상태,기상상태,도로형태,가해운전자 차종,가해운전자 성별,가해운전자 연령,가해운전자 상해정도,피해운전자 차종,피해운전자 성별,피해운전자 연령,피해운전자 상해정도
2021012300100433,2021년 1월 23일 21시,토요일,서울특별시 관악구 신림동,중상사고,0,1,0,0,차대사람 - 기타,안전운전불이행,포장 - 건조,기타,교차로 - 교차로횡단보도내,승용,여,35세,상해없음,보행자,여,35세,중상
2021012300100436,2021년 1월 23일 21시,토요일,서울특별시 서초구 방배동,경상사고,0,0,1,0,차대사람 - 기타,안전운전불이행,포장 - 건조,맑음,단일로 - 기타,자전거,남,52세,상해없음,보행자,여,37세,경상
2021012400100036,2021년 1월 24일 08시,일요일,서울특별시 마포구 창전동,중상사고,0,1,0,0,차대사람 - 횡단중,보행자보호의무위반,포장 - 건조,맑음,교차로 - 교차로안,승용,남,46세,상해없음,보행자,남,57세,중상
2021012400100048,2021년 1월 24일 09시,일요일,서울특별시 마포구 합정동,경상사고,0,0,1,0,차대사람 - 보도통행중,신호위반,포장 - 건조,맑음,교차로 - 교차로안,승용,남,63세,상해없음,보행자,남,36세,경상
2021012400100060,2021년 1월 24일 10시,일요일,서울특별시 동작구 흑석동,중상사고,0,1,0,0,차대사람 - 기타,기타,포장 - 건조,맑음,단일로 - 기타,승합,남,60세,기타불명,보행자,여,81세,중상
2021012400100072,2021년 1월 24일 11시,일요일,서울특별시 은평구 진관동,중상사고,0,1,0,0,차대사람 - 기타,신호위반,포장 - 건조,맑음,교차로 - 교차로횡단보도내,승용,남,62세,상해없음,보행자,여,69세,중상
2021012400100092,2021년 1월 24일 12시,일요일,서울특별시 송파구 풍납동,부상신고사고,0,0,0,1,차대사람 - 기타,안전운전불이행,포장 - 건조,맑음,단일로 - 기타,승용,남,70세,상해없음,보행자,남,21세,부상신고
2021012400100108,2021년 1월 24일 13시,일요일,서울특별시 영등포구 신길동,경상사고,0,0,1,0,차대사람 - 기타,안전운전불이행,포장 - 건조,맑음,단일로 - 기타,승용,남,64세,상해없음,보행자,남,60세,경상
2021012400100132,2021년 1월 24일 14시,일요일,서울특별시 동대문구 이문동,경상사고,0,0,1,0,차대사람 - 기타,안전운전불이행,포장 - 건조,맑음,기타 - 기타,승용,여,62세,상해없음,보행자,남,24세,경상
2021012400100184,2021년 1월 24일 16시,일요일,서울특별시 영등포구 영등포동3가,중상사고,0,1,0,0,차대사람 - 차도통행중,안전운전불이행,포장 - 건조,맑음,단일로 - 기타,승용,남,66세,상해없음,보행자,남,37세,중상
2021012400100233,2021년 1월 24일 18시,일요일,서울특별시 강남구 신사동,경상사고,0,0,1,0,차대사람 - 기타,안전운전불이행,포장 - 건조,맑음,교차로 - 교차로부근,승용,남,63세,상해없음,보행자,남,18세,경상
2021012400100289,2021년 1월 24일 20시,일요일,서울특별시 강동구 길동,중상사고,0,1,0,0,차대사람 - 기타,안전운전불이행,포장 - 건조,맑음,단일로 - 기타,승용,남,43세,상해없음,보행자,여,38세,중상
2021012400100290,2021년 1월 24일 20시,일요일,서울특별시 노원구 중계동,중상사고,0,1,0,0,차대사람 - 기타,안전운전불이행,포장 - 건조,맑음,교차로 - 교차로부근,이륜,남,17세,상해없음,보행자,여,77세,중상
2021012400100316,2021년 1월 24일 21시,일요일,서울특별시 강북구 수유동,경상사고,0,0,1,0,차대사람 - 기타,안전운전불이행,포장 - 건조,맑음,교차로 - 교차로안,승용,남,29세,상해없음,보행자,남,19세,경상
2021012400100348,2021년 1월 24일 22시,일요일,서울특별시 중랑구 면목동,경상사고,0,0,1,0,차대사람 - 횡단중,보행자보호의무위반,포장 - 건조,맑음,교차로 - 교차로횡단보도내,승용,남,36세,상해없음,보행자,남,14세,경상
2021012500100002,2021년 1월 25일 00시,월요일,서울특별시 은평구 대조동,중상사고,0,1,0,0,차대사람 - 기타,안전운전불이행,포장 - 건조,맑음,단일로 - 기타,승용,남,35세,기타불명,보행자,남,65세,중상
2021012500100014,2021년 1월 25일 06시,월요일,서울특별시 은평구 수색동,경상사고,0,0,1,0,차대사람 - 횡단중,안전운전불이행,포장 - 건조,맑음,단일로 - 기타,승용,남,52세,상해없음,보행자,남,54세,경상
2021012500100124,2021년 1월 25일 10시,월요일,서울특별시 마포구 공덕동,경상사고,0,0,1,0,차대사람 - 차도통행중,안전운전불이행,포장 - 건조,맑음,교차로 - 교차로부근,승용,남,77세,상해없음,보행자,여,59세,경상
2021012500100189,2021년 1월 25일 12시,월요일,서울특별시 강동구 성내동,경상사고,0,0,1,0,차대사람 - 기타,불법유턴,포장 - 건조,맑음,단일로 - 기타,승용,남,54세,상해없음,보행자,남,57세,경상
2021012500100222,2021년 1월 25일 13시,월요일,서울특별시 동작구 상도동,중상사고,0,1,0,0,차대사람 - 횡단중,보행자보호의무위반,포장 - 건조,맑음,단일로 - 기타,승용,남,55세,상해없음,보행자,여,69세,중상
2021012500100257,2021년 1월 25일 14시,월요일,서울특별시 강서구 염창동,중상사고,0,1,0,0,차대사람 - 횡단중,안전운전불이행,포장 - 건조,맑음,단일로 - 기타,승용,남,74세,상해없음,보행자,남,86세,중상
2021012500100297,2021년 1월 25일 15시,월요일,서울특별시 동작구 사당동,중상사고,0,1,0,0,차대사람 - 기타,안전운전불이행,포장 - 건조,맑음,단일로 - 기타,승용,여,43세,상해없음,보행자,여,78세,중상
2021012500100329,2021년 1월 25일 16시,월요일,서울특별시 성동구 마장동,부상신고사고,0,0,0,1,차대사람 - 기타,안전운전불이행,포장 - 건조,맑음,단일로 - 기타,승용,남,77세,상해없음,보행자,남,37세,부상신고
2021012500100368,2021년 1월 25일 17시,월요일,서울특별시 송파구 방이동,경상사고,0,0,1,0,차대사람 - 길가장자리구역통행중,안전운전불이행,포장 - 건조,맑음,단일로 - 기타,승용,여,66세,상해없음,보행자,남,23세,경상
2021012500100371,2021년 1월 25일 17시,월요일,서울특별시 양천구 신월동,경상사고,0,0,1,0,차대사람 - 보도통행중,기타,포장 - 건조,맑음,단일로 - 기타,승용,여,49세,상해없음,보행자,여,57세,경상
2021012500100455,2021년 1월 25일 19시,월요일,서울특별시 종로구 궁정동,중상사고,0,1,0,0,차대사람 - 차도통행중,신호위반,포장 - 건조,맑음,교차로 - 교차로부근,승용,남,53세,상해없음,보행자,여,72세,중상
2021012500100460,2021년 1월 25일 19시,월요일,서울특별시 서초구 서초동,경상사고,0,0,1,0,차대사람 - 횡단중,보행자보호의무위반,포장 - 건조,맑음,교차로 - 교차로횡단보도내,개인형이동수단(PM),남,40세,기타불명,보행자,여,29세,경상
2021012500100523,2021년 1월 25일 21시,월요일,서울특별시 광진구 화양동,경상사고,0,0,1,0,차대사람 - 기타,안전운전불이행,포장 - 건조,맑음,단일로 - 기타,승용,남,79세,상해없음,보행자,남,19세,경상
2021012500100524,2021년 1월 25일 21시,월요일,서울특별시 강남구 신사동,중상사고,0,1,0,0,차대사람 - 횡단중,안전운전불이행,포장 - 건조,맑음,기타 - 기타,승용,남,60세,상해없음,보행자,여,24세,중상
2021012500100527,2021년 1월 25일 21시,월요일,서울특별시 양천구 신월동,경상사고,0,0,1,0,차대사람 - 기타,안전운전불이행,포장 - 건조,맑음,교차로 - 교차로안,승용,여,54세,상해없음,보행자,남,31세,경상
2021012500100529,2021년 1월 25일 21시,월요일,서울특별시 서초구 방배동,경상사고,0,0,1,0,차대사람 - 횡단중,보행자보호의무위반,포장 - 건조,맑음,교차로 - 교차로안,승용,남,66세,상해없음,보행자,여,62세,경상
2021012600100037,2021년 1월 26일 06시,화요일,서울특별시 은평구 증산동,중상사고,0,1,0,0,차대사람 - 횡단중,신호위반,포장 - 건조,맑음,교차로 - 교차로횡단보도내,화물,남,56세,상해없음,보행자,여,15세,중상
2021012600100039,2021년 1월 26일 06시,화요일,서울특별시 서초구 양재동,중상사고,0,1,0,0,차대사람 - 기타,안전운전불이행,포장 - 건조,맑음,단일로 - 기타,승용,남,57세,상해없음,보행자,남,65세,중상
2021012600100061,2021년 1월 26일 07시,화요일,서울특별시 강남구 역삼동,중상사고,0,1,0,0,차대사람 - 횡단중,보행자보호의무위반,포장 - 건조,맑음,단일로 - 기타,화물,남,55세,상해없음,보행자,여,17세,중상
2021012600100115,2021년 1월 26일 09시,화요일,서울특별시 강남구 삼성동,경상사고,0,0,1,0,차대사람 - 기타,중앙선침범,포장 - 젖음/습기,비,단일로 - 기타,승용,남,67세,상해없음,보행자,남,56세,경상
2021012600100166,2021년 1월 26일 11시,화요일,서울특별시 광진구 중곡동,중상사고,0,1,0,0,차대사람 - 횡단중,안전운전불이행,포장 - 젖음/습기,비,단일로 - 기타,화물,남,70세,상해없음,보행자,여,63세,중상
2021012600100254,2021년 1월 26일 14시,화요일,서울특별시 종로구 평창동,중상사고,0,1,0,0,차대사람 - 기타,안전운전불이행,포장 - 건조,맑음,단일로 - 기타,이륜,남,61세,상해없음,보행자,여,60세,중상
2021012600100255,2021년 1월 26일 14시,화요일,서울특별시 서대문구 연희동,경상사고,0,0,1,0,차대사람 - 기타,안전운전불이행,포장 - 건조,맑음,단일로 - 기타,승용,남,74세,상해없음,보행자,남,11세,경상
2021012600100257,2021년 1월 26일 14시,화요일,서울특별시 강동구 상일동,경상사고,0,0,1,0,차대사람 - 보도통행중,안전운전불이행,포장 - 건조,맑음,단일로 - 기타,승합,남,54세,상해없음,보행자,여,72세,경상
2021012600100289,2021년 1월 26일 15시,화요일,서울특별시 영등포구 대림동,경상사고,0,0,1,0,차대사람 - 횡단중,신호위반,포장 - 젖음/습기,흐림,단일로 - 기타,이륜,남,51세,상해없음,보행자,남,10세,경상
2021012600100290,2021년 1월 26일 15시,화요일,서울특별시 성동구 성수동2가,경상사고,0,0,1,0,차대사람 - 차도통행중,안전운전불이행,포장 - 건조,맑음,단일로 - 기타,화물,남,42세,상해없음,보행자,남,44세,경상
2021012600100319,2021년 1월 26일 16시,화요일,서울특별시 강북구 수유동,중상사고,0,1,0,0,차대사람 - 차도통행중,안전운전불이행,포장 - 젖음/습기,흐림,교차로 - 교차로부근,이륜,남,47세,상해없음,보행자,여,16세,중상
2021012600100320,2021년 1월 26일 16시,화요일,서울특별시 도봉구 창동,부상신고사고,0,0,0,1,차대사람 - 횡단중,안전운전불이행,포장 - 젖음/습기,흐림,단일로 - 기타,승용,여,43세,상해없음,보행자,여,82세,부상신고
2021012600100342,2021년 1월 26일 17시,화요일,서울특별시 중구 오장동,경상사고,0,0,1,0,차대사람 - 기타,안전운전불이행,포장 - 건조,맑음,교차로 - 교차로안,승용,남,43세,상해없음,보행자,남,79세,경상
2021012600100344,2021년 1월 26일 17시,화요일,서울특별시 금천구 시흥동,경상사고,0,0,1,0,차대사람 - 기타,안전운전불이행,포장 - 건조,맑음,단일로 - 기타,화물,남,58세,상해없음,보행자,여,45세,경상
2021012600100345,2021년 1월 26일 17시,화요일,서울특별시 서초구 양재동,중상사고,0,1,0,0,차대사람 - 횡단중,보행자보호의무위반,포장 - 건조,맑음,교차로 - 교차로횡단보도내,화물,남,31세,상해없음,보행자,남,46세,중상
2021012600100346,2021년 1월 26일 17시,화요일,서울특별시 양천구 신월동,중상사고,0,1,0,0,차대사람 - 기타,보행자보호의무위반,포장 - 젖음/습기,흐림,단일로 - 기타,승용,여,45세,상해없음,보행자,남,17세,중상
2021012600100347,2021년 1월 26일 17시,화요일,서울특별시 노원구 월계동,중상사고,0,1,0,0,차대사람 - 횡단중,보행자보호의무위반,포장 - 젖음/습기,비,교차로 - 교차로횡단보도내,승용,남,83세,상해없음,보행자,여,46세,중상
2021012600100379,2021년 1월 26일 18시,화요일,서울특별시 성북구 정릉동,경상사고,0,0,1,0,차대사람 - 횡단중,안전운전불이행,포장 - 건조,맑음,교차로 - 교차로횡단보도내,화물,남,55세,상해없음,보행자,남,34세,경상
2021012600100381,2021년 1월 26일 18시,화요일,서울특별시 성동구 용답동,중상사고,0,1,0,0,차대사람 - 기타,안전운전불이행,포장 - 건조,맑음,교차로 - 교차로안,승용,남,60세,상해없음,보행자,여,71세,중상
2021012600100382,2021년 1월 26일 18시,화요일,서울특별시 관악구 신림동,중상사고,0,1,0,0,차대사람 - 횡단중,보행자보호의무위반,포장 - 젖음/습기,맑음,단일로 - 기타,승용,남,62세,상해없음,보행자,여,45세,중상
2021012600100534,2021년 1월 26일 22시,화요일,서울특별시 금천구 시흥동,중상사고,0,1,0,0,차대사람 - 횡단중,신호위반,포장 - 건조,맑음,단일로 - 기타,승합,남,59세,상해없음,보행자,여,36세,중상
2021012700100001,2021년 1월 27일 00시,수요일,서울특별시 양천구 신정동,경상사고,0,0,1,0,차대사람 - 기타,안전운전불이행,포장 - 건조,맑음,단일로 - 기타,이륜,남,18세,기타불명,보행자,남,55세,경상
2021012700100014,2021년 1월 27일 03시,수요일,서울특별시 중랑구 면목동,경상사고,0,0,1,0,차대사람 - 기타,교차로운행방법위반,포장 - 건조,맑음,교차로 - 교차로부근,승합,남,70세,상해없음,보행자,여,31세,경상
2021012700100042,2021년 1월 27일 07시,수요일,서울특별시 강남구 청담동,경상사고,0,0,1,0,차대사람 - 기타,안전운전불이행,포장 - 건조,맑음,단일로 - 기타,기타불명,기타불명,미분류,기타불명,보행자,남,31세,경상
2021012700100043,2021년 1월 27일 07시,수요일,서울특별시 송파구 오금동,경상사고,0,0,1,0,차대사람 - 기타,보행자보호의무위반,포장 - 건조,흐림,교차로 - 교차로횡단보도내,승용,남,61세,상해없음,보행자,여,67세,경상
2021012700100060,2021년 1월 27일 08시,수요일,서울특별시 서초구 반포동,중상사고,0,1,0,0,차대사람 - 기타,기타,포장 - 건조,맑음,기타 - 기타,승용,남,50세,상해없음,보행자,남,27세,중상
2021012700100091,2021년 1월 27일 09시,수요일,서울특별시 중구 방산동,중상사고,0,1,0,0,차대사람 - 횡단중,안전운전불이행,포장 - 건조,맑음,기타 - 기타,이륜,남,27세,상해없음,보행자,남,40세,중상
2021012700100133,2021년 1월 27일 11시,수요일,서울특별시 강북구 번동,경상사고,0,0,1,0,차대사람 - 기타,안전운전불이행,포장 - 건조,맑음,단일로 - 기타,승용,남,26세,상해없음,보행자,남,51세,경상
2021012700100154,2021년 1월 27일 12시,수요일,서울특별시 성북구 삼선동4가,경상사고,0,0,1,0,차대사람 - 차도통행중,안전운전불이행,포장 - 건조,맑음,단일로 - 기타,이륜,남,32세,기타불명,보행자,여,25세,경상
2021012700100156,2021년 1월 27일 12시,수요일,서울특별시 강북구 수유동,경상사고,0,0,1,0,차대사람 - 기타,안전운전불이행,포장 - 건조,맑음,단일로 - 기타,승용,남,66세,상해없음,보행자,여,23세,경상
2021012700100157,2021년 1월 27일 12시,수요일,서울특별시 동대문구 청량리동,중상사고,0,1,0,0,차대사람 - 기타,안전운전불이행,포장 - 건조,맑음,기타 - 기타,승합,남,50세,상해없음,보행자,여,59세,중상
2021012700100159,2021년 1월 27일 12시,수요일,서울특별시 노원구 공릉동,경상사고,0,0,1,0,차대사람 - 기타,안전운전불이행,포장 - 건조,맑음,교차로 - 교차로안,승용,여,60세,상해없음,보행자,남,72세,경상
2021012700100220,2021년 1월 27일 14시,수요일,서울특별시 동작구 상도동,중상사고,0,1,0,0,차대사람 - 횡단중,안전운전불이행,포장 - 건조,맑음,교차로 - 교차로부근,승용,남,68세,상해없음,보행자,여,69세,중상
2021012700100221,2021년 1월 27일 14시,수요일,서울특별시 관악구 신림동,중상사고,0,1,0,0,차대사람 - 횡단중,보행자보호의무위반,포장 - 건조,맑음,교차로 - 교차로횡단보도내,승용,여,48세,상해없음,보행자,여,26세,중상
2021012700100288,2021년 1월 27일 16시,수요일,서울특별시 중랑구 중화동,중상사고,0,1,0,0,차대사람 - 차도통행중,교차로운행방법위반,포장 - 건조,맑음,교차로 - 교차로횡단보도내,승용,남,55세,상해없음,보행자,남,51세,중상
2021012700100290,2021년 1월 27일 16시,수요일,서울특별시 강남구 역삼동,경상사고,0,0,1,0,차대사람 - 길가장자리구역통행중,안전운전불이행,포장 - 건조,맑음,단일로 - 기타,승용,여,37세,상해없음,보행자,여,41세,경상
2021012700100315,2021년 1월 27일 17시,수요일,서울특별시 영등포구 영등포동,중상사고,0,1,0,0,차대사람 - 보도통행중,신호위반,포장 - 건조,맑음,단일로 - 기타,승용,남,31세,상해없음,보행자,남,39세,중상
2021012700100316,2021년 1월 27일 17시,수요일,서울특별시 강동구 상일동,중상사고,0,1,0,0,차대사람 - 횡단중,보행자보호의무위반,포장 - 건조,맑음,교차로 - 교차로횡단보도내,화물,남,46세,상해없음,보행자,여,39세,중상
2021012700100317,2021년 1월 27일 17시,수요일,서울특별시 강남구 도곡동,경상사고,0,0,1,0,차대사람 - 횡단중,보행자보호의무위반,포장 - 건조,맑음,교차로 - 교차로횡단보도내,화물,남,27세,상해없음,보행자,남,38세,경상
2021012700100347,2021년 1월 27일 18시,수요일,서울특별시 용산구 한남동,중상사고,0,1,0,0,차대사람 - 횡단중,보행자보호의무위반,포장 - 건조,맑음,교차로 - 교차로안,승용,남,49세,상해없음,보행자,여,48세,중상
2021012700100350,2021년 1월 27일 18시,수요일,서울특별시 마포구 성산동,경상사고,0,0,1,0,차대사람 - 기타,보행자보호의무위반,포장 - 건조,맑음,교차로 - 교차로횡단보도내,승용,여,47세,상해없음,보행자,남,54세,경상
2021012700100351,2021년 1월 27일 18시,수요일,서울특별시 영등포구 대림동,중상사고,0,1,0,0,차대사람 - 기타,안전운전불이행,포장 - 건조,맑음,단일로 - 기타,자전거,여,70세,상해없음,보행자,남,9세,중상
2021012700100355,2021년 1월 27일 18시,수요일,서울특별시 송파구 잠실동,중상사고,0,1,0,0,차대사람 - 기타,안전운전불이행,포장 - 건조,맑음,교차로 - 교차로안,승용,여,35세,상해없음,보행자,남,30세,중상
2021012700100357,2021년 1월 27일 18시,수요일,서울특별시 성북구 종암동,경상사고,0,0,1,0,차대사람 - 횡단중,안전운전불이행,포장 - 건조,맑음,교차로 - 교차로안,승용,남,55세,상해없음,보행자,여,54세,경상
2021012700100406,2021년 1월 27일 19시,수요일,서울특별시 구로구 구로동,중상사고,0,1,0,0,차대사람 - 기타,기타,포장 - 건조,흐림,단일로 - 기타,승합,남,53세,상해없음,보행자,남,40세,중상
2021012700100408,2021년 1월 27일 19시,수요일,서울특별시 강서구 마곡동,경상사고,0,0,1,0,차대사람 - 횡단중,안전운전불이행,포장 - 건조,맑음,교차로 - 교차로안,승용,남,60세,상해없음,보행자,남,56세,경상
2021012700100409,2021년 1월 27일 19시,수요일,서울특별시 도봉구 창동,경상사고,0,0,1,0,차대사람 - 보도통행중,안전운전불이행,포장 - 기타,맑음,단일로 - 기타,자전거,남,28세,상해없음,보행자,남,24세,경상
2021012700100442,2021년 1월 27일 20시,수요일,서울특별시 중구 신당동,중상사고,0,1,0,0,차대사람 - 횡단중,안전운전불이행,포장 - 건조,맑음,교차로 - 교차로부근,이륜,남,47세,상해없음,보행자,여,78세,중상
2021012700100446,2021년 1월 27일 20시,수요일,서울특별시 중랑구 면목동,경상사고,0,0,1,0,차대사람 - 횡단중,보행자보호의무위반,포장 - 건조,맑음,교차로 - 교차로횡단보도내,승용,남,53세,상해없음,보행자,여,32세,경상
2021012700100448,2021년 1월 27일 20시,수요일,서울특별시 송파구 가락동,중상사고,0,1,0,0,차대사람 - 차도통행중,안전운전불이행,포장 - 건조,맑음,단일로 - 기타,이륜,남,38세,상해없음,보행자,여,78세,중상
2021012700100480,2021년 1월 27일 21시,수요일,서울특별시 광진구 화양동,중상사고,0,1,0,0,차대사람 - 기타,안전운전불이행,포장 - 건조,맑음,단일로 - 기타,승용,여,36세,상해없음,보행자,여,63세,중상
2021012700100482,2021년 1월 27일 21시,수요일,서울특별시 동작구 사당동,경상사고,0,0,1,0,차대사람 - 횡단중,안전운전불이행,포장 - 건조,맑음,단일로 - 기타,승용,남,55세,상해없음,보행자,남,46세,경상
2021012700100515,2021년 1월 27일 22시,수요일,서울특별시 용산구 이촌동,중상사고,0,1,0,0,차대사람 - 차도통행중,안전운전불이행,포장 - 건조,맑음,단일로 - 기타,승용,남,26세,상해없음,보행자,여,46세,중상
2021012700100528,2021년 1월 27일 23시,수요일,서울특별시 은평구 응암동,부상신고사고,0,0,0,1,차대사람 - 기타,안전운전불이행,포장 - 건조,맑음,단일로 - 기타,승용,남,49세,상해없음,보행자,남,53세,부상신고
2021012800100021,2021년 1월 28일 06시,목요일,서울특별시 성북구 돈암동,경상사고,0,0,1,0,차대사람 - 보도통행중,안전운전불이행,포장 - 건조,맑음,단일로 - 기타,승용,남,72세,상해없음,보행자,여,79세,경상
2021012800100022,2021년 1월 28일 06시,목요일,서울특별시 서초구 반포동,경상사고,0,0,1,0,차대사람 - 기타,안전운전불이행,포장 - 건조,맑음,단일로 - 기타,승용,남,47세,상해없음,보행자,남,34세,경상
2021012800100070,2021년 1월 28일 09시,목요일,서울특별시 강서구 화곡동,중상사고,0,1,0,0,차대사람 - 보도통행중,보행자보호의무위반,포장 - 건조,맑음,교차로 - 교차로횡단보도내,승합,남,64세,상해없음,보행자,여,70세,중상
2021012800100101,2021년 1월 28일 10시,목요일,서울특별시 강동구 천호동,중상사고,0,1,0,0,차대사람 - 차도통행중,중앙선침범,포장 - 서리/결빙,흐림,단일로 - 기타,승용,남,66세,상해없음,보행자,여,89세,중상
2021012800100216,2021년 1월 28일 13시,목요일,서울특별시 성북구 석관동,경상사고,0,0,1,0,차대사람 - 차도통행중,안전운전불이행,포장 - 건조,흐림,단일로 - 기타,승용,남,51세,상해없음,보행자,여,63세,경상
2021012800100238,2021년 1월 28일 14시,목요일,서울특별시 광진구 구의동,경상사고,0,0,1,0,차대사람 - 횡단중,신호위반,포장 - 건조,맑음,단일로 - 기타,원동기,남,24세,상해없음,보행자,여,22세,경상
2021012800100271,2021년 1월 28일 15시,목요일,서울특별시 용산구 보광동,사망사고,1,0,0,0,차대사람 - 차도통행중,안전운전불이행,포장 - 건조,맑음,단일로 - 기타,화물,남,47세,상해없음,보행자,남,87세,사망
2021012800100277,2021년 1월 28일 15시,목요일,서울특별시 양천구 신정동,중상사고,0,1,0,0,차대사람 - 보도통행중,기타,포장 - 젖음/습기,맑음,기타 - 기타,화물,남,55세,기타불명,보행자,여,79세,중상
2021012800100300,2021년 1월 28일 16시,목요일,서울특별시 은평구 응암동,부상신고사고,0,0,0,1,차대사람 - 기타,안전운전불이행,포장 - 건조,맑음,단일로 - 기타,승용,여,63세,상해없음,보행자,여,13세,부상신고
2021012800100329,2021년 1월 28일 17시,목요일,서울특별시 서대문구 충정로3가,경상사고,0,0,1,0,차대사람 - 횡단중,보행자보호의무위반,포장 - 건조,맑음,단일로 - 기타,이륜,남,59세,상해없음,보행자,남,30세,경상
2021012800100367,2021년 1월 28일 18시,목요일,서울특별시 은평구 대조동,중상사고,0,1,0,0,차대사람 - 보도통행중,보행자보호의무위반,포장 - 젖음/습기,눈,교차로 - 교차로부근,승용,여,25세,상해없음,보행자,여,55세,중상
2021012800100414,2021년 1월 28일 19시,목요일,서울특별시 강서구 화곡동,부상신고사고,0,0,0,1,차대사람 - 보도통행중,신호위반,포장 - 건조,맑음,기타 - 기타,승용,남,18세,상해없음,보행자,남,40세,부상신고
2021012800100415,2021년 1월 28일 19시,목요일,서울특별시 강동구 명일동,중상사고,0,1,0,0,차대사람 - 기타,안전운전불이행,포장 - 건조,맑음,교차로 - 교차로부근,승용,남,61세,상해없음,보행자,여,50세,중상
2021012800100457,2021년 1월 28일 20시,목요일,서울특별시 관악구 봉천동,중상사고,0,1,0,0,차대사람 - 길가장자리구역통행중,안전운전불이행,포장 - 건조,맑음,기타 - 기타,승용,여,29세,상해없음,보행자,남,50세,중상
2021012800100482,2021년 1월 28일 21시,목요일,서울특별시 강남구 청담동,경상사고,0,0,1,0,차대사람 - 기타,보행자보호의무위반,포장 - 건조,맑음,단일로 - 기타,이륜,남,21세,상해없음,보행자,남,29세,경상
2021012800100483,2021년 1월 28일 21시,목요일,서울특별시 구로구 구로동,경상사고,0,0,1,0,차대사람 - 차도통행중,안전운전불이행,포장 - 건조,맑음,단일로 - 기타,승용,남,44세,상해없음,보행자,남,32세,경상
2021012800100484,2021년 1월 28일 21시,목요일,서울특별시 서초구 서초동,경상사고,0,0,1,0,차대사람 - 횡단중,안전운전불이행,포장 - 건조,맑음,단일로 - 기타,승용,남,61세,상해없음,보행자,남,37세,경상
2021012800100531,2021년 1월 28일 23시,목요일,서울특별시 송파구 방이동,경상사고,0,0,1,0,차대사람 - 기타,안전운전불이행,포장 - 건조,맑음,단일로 - 기타,승용,여,47세,상해없음,보행자,여,51세,경상
2021012900100002,2021년 1월 29일 00시,금요일,서울특별시 송파구 마천동,경상사고,0,0,2,0,차대사람 - 기타,안전운전불이행,포장 - 건조,맑음,단일로 - 기타,승용,남,44세,상해없음,보행자,여,62세,경상
2021012900100029,2021년 1월 29일 05시,금요일,서울특별시 서초구 양재동,경상사고,0,0,1,0,차대사람 - 기타,안전운전불이행,포장 - 건조,기타,단일로 - 기타,승용,남,60세,상해없음,보행자,남,69세,경상
2021012900100036,2021년 1월 29일 06시,금요일,서울특별시 용산구 원효로1가,경상사고,0,0,1,0,차대사람 - 보도통행중,보행자보호의무위반,포장 - 건조,맑음,교차로 - 교차로횡단보도내,이륜,남,38세,상해없음,보행자,여,49세,경상
2021012900100116,2021년 1월 29일 09시,금요일,서울특별시 마포구 동교동,경상사고,0,0,1,0,차대사람 - 차도통행중,안전운전불이행,포장 - 건조,맑음,교차로 - 교차로안,개인형이동수단(PM),여,29세,상해없음,보행자,여,27세,경상
2021012900100121,2021년 1월 29일 09시,금요일,서울특별시 구로구 구로동,경상사고,0,0,1,0,차대사람 - 보도통행중,보행자보호의무위반,포장 - 건조,맑음,교차로 - 교차로횡단보도내,화물,남,46세,상해없음,보행자,남,60세,경상
2021012900100148,2021년 1월 29일 10시,금요일,서울특별시 금천구 시흥동,경상사고,0,0,1,0,차대사람 - 기타,기타,포장 - 건조,맑음,교차로 - 교차로부근,화물,남,72세,상해없음,보행자,여,52세,경상
2021012900100150,2021년 1월 29일 10시,금요일,서울특별시 성동구 옥수동,중상사고,0,1,0,0,차대사람 - 횡단중,보행자보호의무위반,포장 - 건조,맑음,교차로 - 교차로안,승용,여,42세,상해없음,보행자,남,55세,중상
2021012900100151,2021년 1월 29일 10시,금요일,서울특별시 강동구 길동,경상사고,0,0,1,0,차대사람 - 길가장자리구역통행중,안전운전불이행,포장 - 건조,맑음,단일로 - 기타,승용,남,61세,상해없음,보행자,남,30세,경상
2021012900100186,2021년 1월 29일 11시,금요일,서울특별시 중랑구 망우동,경상사고,0,0,1,0,차대사람 - 기타,안전운전불이행,포장 - 건조,맑음,단일로 - 기타,승용,여,37세,상해없음,보행자,남,60세,경상
2021012900100190,2021년 1월 29일 11시,금요일,서울특별시 강남구 역삼동,경상사고,0,0,1,0,차대사람 - 기타,안전운전불이행,포장 - 건조,맑음,단일로 - 기타,승용,여,76세,상해없음,보행자,여,28세,경상
2021012900100213,2021년 1월 29일 12시,금요일,서울특별시 중구 수표동,경상사고,0,0,1,0,차대사람 - 기타,보행자보호의무위반,포장 - 건조,맑음,단일로 - 기타,승용,여,66세,상해없음,보행자,여,30세,경상
2021012900100214,2021년 1월 29일 12시,금요일,서울특별시 영등포구 당산동2가,경상사고,0,0,1,0,차대사람 - 기타,안전운전불이행,포장 - 건조,맑음,단일로 - 기타,승용,남,60세,상해없음,보행자,남,60세,경상
2021012900100245,2021년 1월 29일 13시,금요일,서울특별시 중구 충무로4가,경상사고,0,0,1,0,차대사람 - 횡단중,신호위반,포장 - 젖음/습기,맑음,단일로 - 기타,원동기,남,54세,상해없음,보행자,여,36세,경상