사고번호,사고일시,요일,시군구,사고내용,사망자수,중상자수,경상자수,부상신고자수,사고유형,법규위반,노면상태,기상상태,도로형태,가해운전자 차종,가해운전자 성별,가해운전자 연령,가해운전자 상해정도,피해운전자 차종,피해운전자 성별,피해운전자 연령,피해운전자 상해정도
2021021700100346,2021년 2월 17일 17시,수요일,서울특별시 성북구 정릉동,경상사고,0,0,1,0,차대사람 - 횡단중,안전운전불이행,포장 - 건조,맑음,기타 - 기타,승용,남,45세,상해없음,보행자,여,28세,경상
2021021700100353,2021년 2월 17일 17시,수요일,서울특별시 구로구 구로동,경상사고,0,0,1,0,차대사람 - 횡단중,보행자보호의무위반,포장 - 건조,맑음,교차로 - 교차로횡단보도내,화물,남,38세,상해없음,보행자,여,5세,경상
2021021700100383,2021년 2월 17일 18시,수요일,서울특별시 강북구 수유동,경상사고,0,0,1,0,차대사람 - 차도통행중,안전운전불이행,포장 - 건조,맑음,단일로 - 기타,화물,남,69세,상해없음,보행자,남,30세,경상
2021021700100386,2021년 2월 17일 18시,수요일,서울특별시 강남구 논현동,경상사고,0,0,1,0,차대사람 - 길가장자리구역통행중,안전운전불이행,포장 - 건조,맑음,교차로 - 교차로안,승용,남,44세,기타불명,보행자,남,41세,경상
2021021700100390,2021년 2월 17일 18시,수요일,서울특별시 도봉구 방학동,중상사고,0,1,1,0,차대사람 - 횡단중,보행자보호의무위반,포장 - 건조,맑음,교차로 - 교차로횡단보도내,승용,남,31세,기타불명,보행자,남,80세,중상
2021021700100392,2021년 2월 17일 18시,수요일,서울특별시 강남구 대치동,중상사고,0,1,0,0,차대사람 - 횡단중,보행자보호의무위반,포장 - 건조,맑음,교차로 - 교차로횡단보도내,기타불명,기타불명,미분류,기타불명,보행자,여,30세,중상
2021021700100443,2021년 2월 17일 19시,수요일,서울특별시 중랑구 상봉동,중상사고,0,1,0,0,차대사람 - 횡단중,보행자보호의무위반,포장 - 기타,맑음,교차로 - 교차로횡단보도내,승용,남,67세,상해없음,보행자,여,60세,중상
2021021700100561,2021년 2월 17일 23시,수요일,서울특별시 성동구 마장동,경상사고,0,0,1,0,차대사람 - 횡단중,안전운전불이행,포장 - 건조,맑음,교차로 - 교차로횡단보도내,승용,남,61세,상해없음,보행자,남,60세,경상
2021021800100001,2021년 2월 18일 00시,목요일,서울특별시 종로구 숭인동,경상사고,0,0,1,0,차대사람 - 보도통행중,보행자보호의무위반,포장 - 건조,맑음,교차로 - 교차로횡단보도내,승용,남,59세,상해없음,보행자,남,34세,경상
2021021800100028,2021년 2월 18일 06시,목요일,서울특별시 서대문구 연희동,부상신고사고,0,0,0,1,차대사람 - 차도통행중,안전운전불이행,포장 - 건조,맑음,단일로 - 기타,승용,여,62세,상해없음,보행자,여,77세,부상신고
2021021800100050,2021년 2월 18일 07시,목요일,서울특별시 관악구 봉천동,중상사고,0,1,0,0,차대사람 - 기타,보행자보호의무위반,포장 - 건조,맑음,단일로 - 기타,승용,남,50세,상해없음,보행자,여,23세,중상
2021021800100064,2021년 2월 18일 08시,목요일,서울특별시 양천구 신월동,경상사고,0,0,1,0,차대사람 - 횡단중,신호위반,포장 - 건조,맑음,교차로 - 교차로횡단보도내,승용,남,55세,상해없음,보행자,여,27세,경상
2021021800100065,2021년 2월 18일 08시,목요일,서울특별시 도봉구 도봉동,경상사고,0,0,1,0,차대사람 - 기타,안전운전불이행,포장 - 건조,맑음,교차로 - 교차로부근,승용,여,60세,상해없음,보행자,남,63세,경상
2021021800100085,2021년 2월 18일 09시,목요일,서울특별시 구로구 구로동,경상사고,0,0,1,0,차대사람 - 기타,안전운전불이행,포장 - 건조,맑음,단일로 - 기타,승용,남,35세,상해없음,보행자,여,76세,경상
2021021800100108,2021년 2월 18일 10시,목요일,서울특별시 동대문구 용두동,중상사고,0,1,0,0,차대사람 - 횡단중,신호위반,포장 - 건조,맑음,교차로 - 교차로횡단보도내,화물,남,53세,상해없음,보행자,여,72세,중상
2021021800100164,2021년 2월 18일 12시,목요일,서울특별시 중랑구 망우동,사망사고,1,0,0,0,차대사람 - 횡단중,안전운전불이행,포장 - 건조,맑음,단일로 - 기타,승합,남,49세,기타불명,보행자,여,68세,사망
2021021800100165,2021년 2월 18일 12시,목요일,서울특별시 송파구 신천동,경상사고,0,0,1,0,차대사람 - 횡단중,신호위반,포장 - 건조,맑음,단일로 - 기타,승용,남,44세,상해없음,보행자,여,58세,경상
2021021800100198,2021년 2월 18일 13시,목요일,서울특별시 영등포구 문래동3가,중상사고,0,1,0,0,차대사람 - 차도통행중,안전운전불이행,포장 - 건조,맑음,단일로 - 기타,승용,여,53세,상해없음,보행자,여,5세,중상
2021021800100201,2021년 2월 18일 13시,목요일,서울특별시 구로구 개봉동,중상사고,0,1,0,0,차대사람 - 기타,신호위반,포장 - 건조,맑음,단일로 - 기타,이륜,남,41세,상해없음,보행자,여,72세,중상
2021021800100271,2021년 2월 18일 15시,목요일,서울특별시 은평구 불광동,중상사고,0,1,2,0,차대사람 - 횡단중,신호위반,포장 - 건조,맑음,단일로 - 기타,승용,여,67세,상해없음,보행자,여,72세,중상
2021021800100307,2021년 2월 18일 16시,목요일,서울특별시 영등포구 대림동,경상사고,0,0,1,0,차대사람 - 기타,보행자보호의무위반,포장 - 건조,맑음,교차로 - 교차로부근,승용,남,51세,상해없음,보행자,여,49세,경상
2021021800100455,2021년 2월 18일 20시,목요일,서울특별시 송파구 마천동,중상사고,0,1,0,0,차대사람 - 기타,보행자보호의무위반,포장 - 건조,맑음,단일로 - 기타,승용,남,37세,상해없음,보행자,남,67세,중상
2021021800100480,2021년 2월 18일 21시,목요일,서울특별시 영등포구 대림동,부상신고사고,0,0,0,1,차대사람 - 기타,안전운전불이행,포장 - 건조,맑음,교차로 - 교차로안,개인형이동수단(PM),남,19세,상해없음,보행자,여,31세,부상신고
2021021800100482,2021년 2월 18일 21시,목요일,서울특별시 도봉구 방학동,경상사고,0,0,1,0,차대사람 - 횡단중,안전운전불이행,포장 - 건조,맑음,단일로 - 기타,승용,남,68세,상해없음,보행자,남,68세,경상
2021021800100511,2021년 2월 18일 22시,목요일,서울특별시 강남구 역삼동,경상사고,0,0,1,0,차대사람 - 기타,안전운전불이행,포장 - 건조,맑음,교차로 - 교차로안,승용,남,57세,상해없음,보행자,남,39세,경상
2021021900100041,2021년 2월 19일 07시,금요일,서울특별시 광진구 중곡동,경상사고,0,0,1,0,차대사람 - 기타,안전운전불이행,포장 - 건조,맑음,단일로 - 기타,이륜,남,58세,상해없음,보행자,남,80세,경상
2021021900100067,2021년 2월 19일 08시,금요일,서울특별시 서초구 서초동,경상사고,0,0,1,0,차대사람 - 기타,안전운전불이행,포장 - 건조,맑음,교차로 - 교차로안,승용,남,40세,상해없음,보행자,여,22세,경상
2021021900100100,2021년 2월 19일 09시,금요일,서울특별시 서대문구 연희동,경상사고,0,0,1,0,차대사람 - 횡단중,보행자보호의무위반,포장 - 건조,맑음,교차로 - 교차로횡단보도내,승용,남,72세,상해없음,보행자,남,29세,경상
2021021900100139,2021년 2월 19일 10시,금요일,서울특별시 중랑구 망우동,경상사고,0,0,1,0,차대사람 - 횡단중,안전운전불이행,포장 - 건조,맑음,교차로 - 교차로부근,자전거,남,71세,상해없음,보행자,여,70세,경상
2021021900100161,2021년 2월 19일 11시,금요일,서울특별시 종로구 종로5가,중상사고,0,1,0,0,차대사람 - 보도통행중,기타,포장 - 건조,맑음,단일로 - 기타,자전거,남,53세,상해없음,보행자,여,67세,중상
2021021900100162,2021년 2월 19일 11시,금요일,서울특별시 동대문구 용두동,경상사고,0,0,1,0,차대사람 - 기타,안전운전불이행,포장 - 건조,맑음,단일로 - 기타,승용,남,68세,상해없음,보행자,남,58세,경상
2021021900100204,2021년 2월 19일 12시,금요일,서울특별시 강북구 수유동,경상사고,0,0,1,0,차대사람 - 기타,안전운전불이행,포장 - 건조,맑음,단일로 - 기타,승용,남,43세,상해없음,보행자,남,39세,경상
2021021900100208,2021년 2월 19일 12시,금요일,서울특별시 중랑구 망우동,경상사고,0,0,1,0,차대사람 - 횡단중,안전운전불이행,포장 - 건조,맑음,교차로 - 교차로부근,이륜,남,36세,상해없음,보행자,남,61세,경상
2021021900100211,2021년 2월 19일 12시,금요일,서울특별시 서초구 서초동,경상사고,0,0,1,0,차대사람 - 보도통행중,안전운전불이행,포장 - 건조,맑음,단일로 - 기타,승용,남,81세,상해없음,보행자,여,31세,경상
2021021900100257,2021년 2월 19일 13시,금요일,서울특별시 양천구 신정동,경상사고,0,0,1,0,차대사람 - 기타,안전운전불이행,포장 - 건조,맑음,단일로 - 기타,승용,여,61세,상해없음,보행자,여,43세,경상
2021021900100288,2021년 2월 19일 14시,금요일,서울특별시 영등포구 대림동,부상신고사고,0,0,0,1,차대사람 - 길가장자리구역통행중,안전운전불이행,포장 - 건조,맑음,단일로 - 기타,기타불명,기타불명,미분류,기타불명,보행자,남,54세,부상신고
2021021900100338,2021년 2월 19일 15시,금요일,서울특별시 구로구 오류동,중상사고,0,1,0,0,차대사람 - 기타,안전운전불이행,포장 - 건조,맑음,단일로 - 기타,승용,여,44세,상해없음,보행자,남,67세,중상
2021021900100384,2021년 2월 19일 16시,금요일,서울특별시 용산구 용문동,경상사고,0,0,1,0,차대사람 - 기타,안전운전불이행,포장 - 건조,맑음,단일로 - 기타,화물,남,60세,기타불명,보행자,여,43세,경상
2021021900100434,2021년 2월 19일 17시,금요일,서울특별시 송파구 석촌동,경상사고,0,0,1,0,차대사람 - 횡단중,안전운전불이행,포장 - 건조,맑음,단일로 - 기타,승용,여,40세,상해없음,보행자,여,20세,경상
2021021900100438,2021년 2월 19일 17시,금요일,서울특별시 도봉구 쌍문동,경상사고,0,0,1,0,차대사람 - 횡단중,신호위반,포장 - 건조,맑음,교차로 - 교차로부근,승용,여,60세,상해없음,보행자,남,38세,경상
2021021900100532,2021년 2월 19일 19시,금요일,서울특별시 동대문구 전농동,경상사고,0,0,1,0,차대사람 - 횡단중,안전운전불이행,포장 - 건조,기타,교차로 - 교차로부근,승용,남,49세,상해없음,보행자,남,60세,경상
2021021900100591,2021년 2월 19일 20시,금요일,서울특별시 송파구 방이동,경상사고,0,0,1,0,차대사람 - 횡단중,안전운전불이행,포장 - 건조,맑음,교차로 - 교차로안,승용,남,34세,상해없음,보행자,남,29세,경상
2021021900100595,2021년 2월 19일 20시,금요일,서울특별시 은평구 갈현동,경상사고,0,0,1,0,차대사람 - 기타,안전운전불이행,포장 - 건조,맑음,단일로 - 기타,화물,남,24세,상해없음,보행자,남,45세,경상
2021021900100597,2021년 2월 19일 20시,금요일,서울특별시 강남구 역삼동,경상사고,0,0,1,0,차대사람 - 길가장자리구역통행중,안전운전불이행,포장 - 건조,맑음,단일로 - 기타,승용,남,34세,상해없음,보행자,여,46세,경상
2021021900100631,2021년 2월 19일 21시,금요일,서울특별시 송파구 잠실동,경상사고,0,0,1,0,차대사람 - 기타,안전운전불이행,포장 - 건조,맑음,기타 - 기타,승용,남,62세,상해없음,보행자,여,27세,경상
2021021900100664,2021년 2월 19일 22시,금요일,서울특별시 금천구 독산동,중상사고,0,1,0,0,차대사람 - 기타,안전운전불이행,포장 - 건조,맑음,기타 - 기타,승용,여,25세,상해없음,보행자,여,35세,중상
2021021900100665,2021년 2월 19일 22시,금요일,서울특별시 성동구 성수동1가,경상사고,0,0,1,0,차대사람 - 횡단중,보행자보호의무위반,포장 - 건조,맑음,교차로 - 교차로횡단보도내,승용,남,62세,상해없음,보행자,여,21세,경상
2021021900100666,2021년 2월 19일 22시,금요일,서울특별시 성동구 도선동,경상사고,0,0,1,0,차대사람 - 기타,안전운전불이행,포장 - 건조,맑음,기타 - 기타,승용,남,56세,상해없음,보행자,여,24세,경상
2021021900100716,2021년 2월 19일 23시,금요일,서울특별시 도봉구 방학동,경상사고,0,0,1,0,차대사람 - 차도통행중,안전운전불이행,포장 - 기타,맑음,단일로 - 기타,이륜,남,18세,상해없음,보행자,남,52세,경상
2021022000100036,2021년 2월 20일 04시,토요일,서울특별시 강북구 번동,중상사고,0,1,0,0,차대사람 - 횡단중,안전운전불이행,포장 - 건조,맑음,교차로 - 교차로횡단보도내,승용,남,74세,상해없음,보행자,남,25세,중상
2021022000100068,2021년 2월 20일 08시,토요일,서울특별시 종로구 종로6가,경상사고,0,0,1,0,차대사람 - 횡단중,중앙선침범,포장 - 건조,맑음,단일로 - 기타,화물,남,56세,상해없음,보행자,여,27세,경상
2021022000100169,2021년 2월 20일 12시,토요일,서울특별시 강남구 대치동,경상사고,0,0,1,0,차대사람 - 길가장자리구역통행중,안전운전불이행,포장 - 건조,맑음,단일로 - 기타,승용,남,50세,상해없음,보행자,여,39세,경상
2021022000100241,2021년 2월 20일 14시,토요일,서울특별시 동작구 상도동,경상사고,0,0,1,0,차대사람 - 차도통행중,안전운전불이행,포장 - 건조,맑음,단일로 - 기타,승용,남,21세,상해없음,보행자,여,27세,경상
2021022000100243,2021년 2월 20일 14시,토요일,서울특별시 강동구 천호동,중상사고,0,1,0,0,차대사람 - 횡단중,안전운전불이행,포장 - 건조,맑음,단일로 - 기타,자전거,여,29세,상해없음,보행자,여,76세,중상
2021022000100244,2021년 2월 20일 14시,토요일,서울특별시 은평구 갈현동,중상사고,0,1,0,0,차대사람 - 기타,안전운전불이행,포장 - 건조,맑음,교차로 - 교차로안,승용,여,73세,상해없음,보행자,여,63세,중상
2021022000100306,2021년 2월 20일 16시,토요일,서울특별시 강북구 미아동,경상사고,0,0,1,0,차대사람 - 기타,안전운전불이행,포장 - 건조,맑음,단일로 - 기타,승용,남,61세,상해없음,보행자,여,43세,경상
2021022000100307,2021년 2월 20일 16시,토요일,서울특별시 동대문구 신설동,경상사고,0,0,1,0,차대사람 - 기타,안전운전불이행,포장 - 건조,맑음,단일로 - 기타,승용,남,62세,상해없음,보행자,남,68세,경상
2021022000100313,2021년 2월 20일 16시,토요일,서울특별시 강서구 화곡동,중상사고,0,1,0,0,차대사람 - 기타,안전운전불이행,포장 - 건조,맑음,단일로 - 기타,승합,남,74세,상해없음,보행자,여,69세,중상
2021022000100384,2021년 2월 20일 18시,토요일,서울특별시 관악구 신림동,중상사고,0,1,0,0,차대사람 - 기타,신호위반,포장 - 건조,기타,기타 - 기타,승용,남,69세,상해없음,보행자,여,71세,중상
2021022000100421,2021년 2월 20일 19시,토요일,서울특별시 광진구 구의동,부상신고사고,0,0,0,1,차대사람 - 기타,안전운전불이행,포장 - 건조,맑음,단일로 - 기타,승용,여,26세,상해없음,보행자,남,37세,부상신고
2021022000100451,2021년 2월 20일 20시,토요일,서울특별시 관악구 봉천동,경상사고,0,0,1,0,차대사람 - 횡단중,보행자보호의무위반,포장 - 건조,맑음,교차로 - 교차로횡단보도내,승용,남,51세,상해없음,보행자,여,25세,경상
2021022000100475,2021년 2월 20일 21시,토요일,서울특별시 강남구 일원동,중상사고,0,1,0,0,차대사람 - 횡단중,신호위반,포장 - 건조,맑음,교차로 - 교차로횡단보도내,이륜,남,19세,상해없음,보행자,여,59세,중상
2021022000100500,2021년 2월 20일 22시,토요일,서울특별시 용산구 한강로1가,중상사고,0,1,0,0,차대사람 - 횡단중,보행자보호의무위반,포장 - 건조,맑음,단일로 - 기타,승용,남,43세,상해없음,보행자,여,21세,중상
2021022000100502,2021년 2월 20일 22시,토요일,서울특별시 영등포구 영등포동1가,경상사고,0,0,1,0,차대사람 - 기타,안전운전불이행,포장 - 건조,맑음,교차로 - 교차로안,승용,여,31세,상해없음,보행자,여,31세,경상
2021022100100073,2021년 2월 21일 10시,일요일,서울특별시 강서구 화곡동,경상사고,0,0,1,0,차대사람 - 횡단중,신호위반,포장 - 건조,맑음,교차로 - 교차로부근,승용,남,66세,상해없음,보행자,여,63세,경상
2021022100100187,2021년 2월 21일 15시,일요일,서울특별시 영등포구 대림동,중상사고,0,1,0,0,차대사람 - 차도통행중,안전운전불이행,포장 - 건조,맑음,단일로 - 기타,승용,남,40세,상해없음,보행자,여,72세,중상
2021022100100188,2021년 2월 21일 15시,일요일,서울특별시 금천구 독산동,경상사고,0,0,2,0,차대사람 - 횡단중,안전운전불이행,포장 - 건조,맑음,단일로 - 기타,승용,남,28세,상해없음,보행자,남,81세,경상
2021022100100189,2021년 2월 21일 15시,일요일,서울특별시 성동구 성수동1가,경상사고,0,0,1,0,차대사람 - 기타,안전운전불이행,포장 - 건조,맑음,단일로 - 기타,승용,남,43세,상해없음,보행자,남,61세,경상
2021022100100265,2021년 2월 21일 17시,일요일,서울특별시 성동구 도선동,중상사고,0,1,0,0,차대사람 - 보도통행중,기타,포장 - 건조,맑음,단일로 - 기타,자전거,남,31세,상해없음,보행자,여,76세,중상
2021022100100292,2021년 2월 21일 18시,일요일,서울특별시 종로구 부암동,경상사고,0,0,1,0,차대사람 - 기타,안전운전불이행,포장 - 건조,맑음,단일로 - 기타,승합,남,62세,상해없음,보행자,남,33세,경상
2021022100100293,2021년 2월 21일 18시,일요일,서울특별시 송파구 삼전동,중상사고,0,1,0,0,차대사람 - 길가장자리구역통행중,안전운전불이행,포장 - 건조,맑음,교차로 - 교차로안,승용,남,63세,상해없음,보행자,여,38세,중상
2021022100100323,2021년 2월 21일 19시,일요일,서울특별시 동작구 사당동,경상사고,0,0,1,0,차대사람 - 기타,안전운전불이행,포장 - 건조,맑음,교차로 - 교차로안,승용,남,31세,상해없음,보행자,남,31세,경상
2021022100100326,2021년 2월 21일 19시,일요일,서울특별시 구로구 구로동,경상사고,0,0,1,0,차대사람 - 기타,안전운전불이행,포장 - 건조,맑음,단일로 - 기타,승용,남,61세,상해없음,보행자,남,15세,경상
2021022100100346,2021년 2월 21일 20시,일요일,서울특별시 양천구 신정동,경상사고,0,0,1,0,차대사람 - 보도통행중,안전운전불이행,포장 - 건조,맑음,단일로 - 기타,승용,남,38세,상해없음,보행자,남,64세,경상
2021022200100038,2021년 2월 22일 07시,월요일,서울특별시 서초구 방배동,경상사고,0,0,1,0,차대사람 - 보도통행중,기타,포장 - 건조,맑음,단일로 - 기타,화물,남,54세,상해없음,보행자,여,74세,경상
2021022200100063,2021년 2월 22일 08시,월요일,서울특별시 마포구 신공덕동,경상사고,0,0,1,0,차대사람 - 기타,기타,포장 - 건조,맑음,교차로 - 교차로부근,승합,남,59세,상해없음,보행자,여,64세,경상
2021022200100115,2021년 2월 22일 09시,월요일,서울특별시 강남구 대치동,부상신고사고,0,0,0,1,차대사람 - 기타,기타,포장 - 건조,맑음,단일로 - 기타,기타불명,기타불명,미분류,기타불명,보행자,여,20세,부상신고
2021022200100148,2021년 2월 22일 10시,월요일,서울특별시 강북구 미아동,경상사고,0,0,1,0,차대사람 - 기타,안전운전불이행,포장 - 건조,맑음,단일로 - 기타,승용,남,28세,상해없음,보행자,남,49세,경상
2021022200100149,2021년 2월 22일 10시,월요일,서울특별시 영등포구 양평동4가,경상사고,0,0,1,0,차대사람 - 기타,보행자보호의무위반,포장 - 건조,맑음,교차로 - 교차로안,승용,여,65세,상해없음,보행자,남,29세,경상
2021022200100212,2021년 2월 22일 12시,월요일,서울특별시 구로구 구로동,경상사고,0,0,1,0,차대사람 - 차도통행중,안전운전불이행,포장 - 건조,맑음,단일로 - 기타,승용,여,52세,상해없음,보행자,여,70세,경상
2021022200100244,2021년 2월 22일 13시,월요일,서울특별시 서초구 서초동,중상사고,0,2,0,0,차대사람 - 횡단중,신호위반,포장 - 건조,맑음,교차로 - 교차로부근,승용,여,64세,상해없음,보행자,여,28세,중상
2021022200100273,2021년 2월 22일 14시,월요일,서울특별시 성동구 도선동,부상신고사고,0,0,0,1,차대사람 - 횡단중,신호위반,포장 - 건조,맑음,교차로 - 교차로횡단보도내,승용,남,43세,상해없음,보행자,남,22세,부상신고
2021022200100304,2021년 2월 22일 15시,월요일,서울특별시 동작구 노량진동,경상사고,0,0,1,0,차대사람 - 기타,기타,포장 - 건조,맑음,단일로 - 기타,승합,남,57세,기타불명,보행자,여,39세,경상
2021022200100307,2021년 2월 22일 15시,월요일,서울특별시 송파구 신천동,경상사고,0,0,1,0,차대사람 - 기타,안전운전불이행,포장 - 건조,맑음,단일로 - 기타,자전거,여,30세,상해없음,보행자,여,44세,경상
2021022200100351,2021년 2월 22일 16시,월요일,서울특별시 양천구 신월동,중상사고,0,1,0,0,차대사람 - 횡단중,안전운전불이행,포장 - 건조,맑음,단일로 - 기타,화물,남,54세,상해없음,보행자,남,69세,중상
2021022200100352,2021년 2월 22일 16시,월요일,서울특별시 노원구 월계동,중상사고,0,1,0,0,차대사람 - 횡단중,안전운전불이행,포장 - 건조,맑음,기타 - 기타,자전거,남,42세,상해없음,보행자,남,79세,중상
2021022200100353,2021년 2월 22일 16시,월요일,서울특별시 노원구 공릉동,경상사고,0,0,1,0,차대사람 - 차도통행중,안전운전불이행,포장 - 건조,맑음,기타 - 기타,승용,남,62세,상해없음,보행자,남,23세,경상
2021022200100391,2021년 2월 22일 17시,월요일,서울특별시 종로구 숭인동,중상사고,0,1,0,0,차대사람 - 기타,안전운전불이행,포장 - 건조,맑음,단일로 - 기타,승용,남,33세,상해없음,보행자,남,29세,중상
2021022200100427,2021년 2월 22일 18시,월요일,서울특별시 노원구 중계동,경상사고,0,0,2,0,차대사람 - 횡단중,안전운전불이행,포장 - 건조,흐림,주차장 - 주차장,자전거,여,28세,경상,보행자,여,60세,경상
2021022200100464,2021년 2월 22일 19시,월요일,서울특별시 성북구 정릉동,경상사고,0,0,1,0,차대사람 - 차도통행중,안전운전불이행,포장 - 건조,맑음,교차로 - 교차로부근,화물,남,54세,상해없음,보행자,여,49세,경상
2021022200100500,2021년 2월 22일 20시,월요일,서울특별시 동대문구 제기동,중상사고,0,1,0,0,차대사람 - 기타,안전운전불이행,포장 - 건조,맑음,기타 - 기타,건설기계,남,58세,상해없음,보행자,남,62세,중상
2021022200100503,2021년 2월 22일 20시,월요일,서울특별시 서초구 방배동,경상사고,0,0,1,0,차대사람 - 횡단중,안전운전불이행,포장 - 건조,맑음,기타 - 기타,승용,남,63세,상해없음,보행자,남,28세,경상
2021022200100528,2021년 2월 22일 21시,월요일,서울특별시 금천구 시흥동,중상사고,0,1,0,0,차대사람 - 기타,기타,포장 - 건조,맑음,단일로 - 기타,승합,남,58세,상해없음,보행자,남,74세,중상
2021022200100569,2021년 2월 22일 23시,월요일,서울특별시 동작구 신대방동,중상사고,0,1,0,0,차대사람 - 횡단중,신호위반,포장 - 건조,맑음,단일로 - 기타,이륜,남,26세,상해없음,보행자,남,28세,중상
2021022300100065,2021년 2월 23일 08시,화요일,서울특별시 성동구 사근동,경상사고,0,0,1,0,차대사람 - 기타,안전운전불이행,포장 - 건조,맑음,기타 - 기타,승용,여,44세,상해없음,보행자,여,71세,경상
2021022300100066,2021년 2월 23일 08시,화요일,서울특별시 강동구 명일동,중상사고,0,1,0,0,차대사람 - 보도통행중,안전운전불이행,포장 - 건조,맑음,단일로 - 기타,승용,여,43세,상해없음,보행자,여,38세,중상
2021022300100177,2021년 2월 23일 12시,화요일,서울특별시 용산구 한남동,경상사고,0,0,1,0,차대사람 - 길가장자리구역통행중,안전거리미확보,포장 - 건조,맑음,단일로 - 기타,승용,남,59세,상해없음,보행자,남,39세,경상
2021022300100184,2021년 2월 23일 12시,화요일,서울특별시 송파구 가락동,경상사고,0,0,1,0,차대사람 - 기타,기타,포장 - 건조,맑음,단일로 - 기타,승합,남,57세,상해없음,보행자,여,62세,경상
2021022300100290,2021년 2월 23일 15시,화요일,서울특별시 영등포구 문래동6가,중상사고,0,1,0,0,차대사람 - 보도통행중,보행자보호의무위반,포장 - 건조,맑음,교차로 - 교차로횡단보도내,화물,남,38세,상해없음,보행자,남,8세,중상
2021022300100292,2021년 2월 23일 15시,화요일,서울특별시 양천구 신정동,중상사고,0,1,0,0,차대사람 - 차도통행중,안전운전불이행,포장 - 건조,맑음,교차로 - 교차로안,승용,여,64세,상해없음,보행자,여,62세,중상
2021022300100330,2021년 2월 23일 16시,화요일,서울특별시 강동구 강일동,중상사고,0,2,0,0,차대사람 - 기타,안전운전불이행,포장 - 건조,맑음,기타 - 기타,자전거,남,41세,중상,보행자,여,64세,중상
2021022300100362,2021년 2월 23일 17시,화요일,서울특별시 중구 봉래동2가,경상사고,0,0,1,0,차대사람 - 기타,안전운전불이행,포장 - 건조,맑음,단일로 - 지하차도(도로)내,승합,남,57세,상해없음,보행자,남,90세,경상
2021022300100363,2021년 2월 23일 17시,화요일,서울특별시 광진구 자양동,경상사고,0,0,1,0,차대사람 - 기타,보행자보호의무위반,포장 - 건조,맑음,교차로 - 교차로안,승용,남,66세,상해없음,보행자,여,10세,경상
2021022300100368,2021년 2월 23일 17시,화요일,서울특별시 서초구 서초동,경상사고,0,0,1,0,차대사람 - 기타,안전운전불이행,포장 - 건조,맑음,교차로 - 교차로안,승용,남,63세,상해없음,보행자,남,41세,경상
2021022300100408,2021년 2월 23일 18시,화요일,서울특별시 구로구 구로동,경상사고,0,0,1,0,차대사람 - 차도통행중,안전운전불이행,포장 - 건조,맑음,단일로 - 기타,승용,남,59세,상해없음,보행자,여,33세,경상
2021022300100444,2021년 2월 23일 19시,화요일,서울특별시 은평구 녹번동,중상사고,0,2,0,0,차대사람 - 횡단중,신호위반,포장 - 건조,맑음,교차로 - 교차로안,이륜,남,42세,상해없음,보행자,여,65세,중상
2021022300100448,2021년 2월 23일 19시,화요일,서울특별시 성북구 종암동,경상사고,0,0,1,0,차대사람 - 차도통행중,보행자보호의무위반,포장 - 건조,맑음,교차로 - 교차로횡단보도내,승용,여,49세,상해없음,보행자,여,62세,경상
2021022300100511,2021년 2월 23일 21시,화요일,서울특별시 서초구 반포동,경상사고,0,0,1,0,차대사람 - 횡단중,안전운전불이행,포장 - 건조,맑음,교차로 - 교차로부근,승용,남,59세,상해없음,보행자,여,25세,경상
2021022300100530,2021년 2월 23일 22시,화요일,서울특별시 동대문구 전농동,중상사고,0,1,0,0,차대사람 - 기타,기타,포장 - 건조,맑음,단일로 - 기타,승합,남,51세,상해없음,보행자,남,61세,중상
2021022300100536,2021년 2월 23일 22시,화요일,서울특별시 서초구 서초동,경상사고,0,0,1,0,차대사람 - 기타,안전운전불이행,포장 - 건조,맑음,단일로 - 기타,승용,여,25세,상해없음,보행자,남,18세,경상
2021022300100538,2021년 2월 23일 22시,화요일,서울특별시 노원구 상계동,경상사고,0,0,1,0,차대사람 - 기타,안전운전불이행,포장 - 건조,맑음,교차로 - 교차로부근,승용,남,57세,상해없음,보행자,남,25세,경상
2021022300100556,2021년 2월 23일 23시,화요일,서울특별시 중구 남대문로5가,중상사고,0,1,0,0,차대사람 - 횡단중,안전운전불이행,포장 - 건조,맑음,단일로 - 기타,승합,남,49세,상해없음,보행자,남,62세,중상
2021022400100036,2021년 2월 24일 07시,수요일,서울특별시 마포구 용강동,경상사고,0,0,1,0,차대사람 - 횡단중,안전운전불이행,포장 - 건조,맑음,단일로 - 기타,승용,남,53세,상해없음,보행자,남,57세,경상
2021022400100037,2021년 2월 24일 07시,수요일,서울특별시 양천구 목동,경상사고,0,0,1,0,차대사람 - 횡단중,보행자보호의무위반,포장 - 건조,맑음,교차로 - 교차로횡단보도내,승용,남,67세,상해없음,보행자,남,27세,경상
2021022400100156,2021년 2월 24일 12시,수요일,서울특별시 강남구 대치동,중상사고,0,1,0,0,차대사람 - 기타,안전운전불이행,포장 - 건조,맑음,단일로 - 기타,화물,남,20세,상해없음,보행자,여,64세,중상
2021022400100179,2021년 2월 24일 13시,수요일,서울특별시 송파구 신천동,경상사고,0,0,1,0,차대사람 - 횡단중,보행자보호의무위반,포장 - 건조,맑음,교차로 - 교차로부근,승용,남,71세,상해없음,보행자,남,66세,경상