사고번호,사고일시,요일,시군구,사고내용,사망자수,중상자수,경상자수,부상신고자수,사고유형,법규위반,노면상태,기상상태,도로형태,가해운전자 차종,가해운전자 성별,가해운전자 연령,가해운전자 상해정도,피해운전자 차종,피해운전자 성별,피해운전자 연령,피해운전자 상해정도
2021030900100111,2021년 3월 9일 10시,화요일,서울특별시 동작구 노량진동,경상사고,0,0,1,0,차대사람 - 기타,안전운전불이행,포장 - 건조,맑음,단일로 - 기타,이륜,남,58세,기타불명,보행자,남,17세,경상
2021030900100112,2021년 3월 9일 10시,화요일,서울특별시 중랑구 면목동,중상사고,0,1,0,0,차대사람 - 보도통행중,기타,포장 - 건조,맑음,기타 - 기타,화물,남,52세,상해없음,보행자,남,75세,중상
2021030900100134,2021년 3월 9일 11시,화요일,서울특별시 중구 만리동1가,경상사고,0,0,1,0,차대사람 - 보도통행중,기타,포장 - 건조,맑음,단일로 - 기타,승용,여,28세,상해없음,보행자,남,65세,경상
2021030900100136,2021년 3월 9일 11시,화요일,서울특별시 영등포구 영등포동6가,사망사고,1,0,0,0,차대사람 - 횡단중,안전운전불이행,포장 - 건조,맑음,기타 - 기타,승용,남,70세,상해없음,보행자,여,59세,사망
2021030900100208,2021년 3월 9일 13시,화요일,서울특별시 성북구 종암동,중상사고,0,1,0,0,차대사람 - 횡단중,보행자보호의무위반,포장 - 건조,맑음,단일로 - 기타,화물,남,48세,상해없음,보행자,남,78세,중상
2021030900100325,2021년 3월 9일 17시,화요일,서울특별시 중랑구 묵동,경상사고,0,0,1,0,차대사람 - 기타,안전운전불이행,포장 - 건조,맑음,단일로 - 기타,승용,여,41세,상해없음,보행자,여,52세,경상
2021030900100328,2021년 3월 9일 17시,화요일,서울특별시 송파구 방이동,경상사고,0,0,1,0,차대사람 - 기타,안전운전불이행,포장 - 건조,맑음,단일로 - 기타,원동기,남,18세,상해없음,보행자,여,45세,경상
2021030900100363,2021년 3월 9일 18시,화요일,서울특별시 용산구 용산동2가,부상신고사고,0,0,0,1,차대사람 - 기타,안전운전불이행,포장 - 젖음/습기,맑음,단일로 - 기타,승용,남,34세,기타불명,보행자,남,46세,부상신고
2021030900100398,2021년 3월 9일 19시,화요일,서울특별시 송파구 잠실동,경상사고,0,0,1,0,차대사람 - 차도통행중,기타,포장 - 건조,맑음,단일로 - 기타,기타불명,기타불명,미분류,기타불명,보행자,남,54세,경상
2021030900100425,2021년 3월 9일 20시,화요일,서울특별시 광진구 구의동,부상신고사고,0,0,0,1,차대사람 - 기타,안전운전불이행,포장 - 건조,맑음,단일로 - 기타,승합,남,52세,상해없음,보행자,남,59세,부상신고
2021030900100426,2021년 3월 9일 20시,화요일,서울특별시 중랑구 중화동,경상사고,0,0,1,0,차대사람 - 기타,안전운전불이행,포장 - 건조,맑음,단일로 - 기타,기타불명,기타불명,미분류,기타불명,보행자,남,29세,경상
2021030900100429,2021년 3월 9일 20시,화요일,서울특별시 송파구 가락동,경상사고,0,0,1,0,차대사람 - 기타,안전운전불이행,포장 - 건조,맑음,단일로 - 기타,승합,남,26세,상해없음,보행자,남,30세,경상
2021030900100458,2021년 3월 9일 21시,화요일,서울특별시 양천구 목동,경상사고,0,0,1,0,차대사람 - 횡단중,안전운전불이행,포장 - 건조,맑음,단일로 - 기타,승합,남,42세,상해없음,보행자,남,58세,경상
2021030900100506,2021년 3월 9일 23시,화요일,서울특별시 노원구 중계동,경상사고,0,0,1,0,차대사람 - 기타,신호위반,포장 - 건조,맑음,기타 - 기타,원동기,여,19세,상해없음,보행자,남,42세,경상
2021031000100107,2021년 3월 10일 09시,수요일,서울특별시 종로구 연건동,중상사고,0,1,0,0,차대사람 - 기타,안전운전불이행,포장 - 건조,맑음,교차로 - 교차로안,승용,여,36세,상해없음,보행자,남,66세,중상
2021031000100126,2021년 3월 10일 10시,수요일,서울특별시 종로구 연건동,경상사고,0,0,1,0,차대사람 - 기타,안전운전불이행,포장 - 건조,맑음,단일로 - 기타,승용,남,71세,상해없음,보행자,남,55세,경상
2021031000100128,2021년 3월 10일 10시,수요일,서울특별시 동대문구 장안동,중상사고,0,1,0,0,차대사람 - 기타,안전운전불이행,포장 - 건조,맑음,주차장 - 주차장,승용,남,47세,상해없음,보행자,남,75세,중상
2021031000100132,2021년 3월 10일 10시,수요일,서울특별시 강남구 압구정동,중상사고,0,1,0,0,차대사람 - 기타,기타,포장 - 건조,맑음,단일로 - 기타,승용,남,67세,상해없음,보행자,남,69세,중상
2021031000100138,2021년 3월 10일 10시,수요일,서울특별시 강남구 역삼동,경상사고,0,0,1,0,차대사람 - 기타,안전운전불이행,포장 - 건조,맑음,단일로 - 기타,승용,여,39세,상해없음,보행자,여,21세,경상
2021031000100161,2021년 3월 10일 11시,수요일,서울특별시 영등포구 영등포동6가,중상사고,0,1,0,0,차대사람 - 기타,안전운전불이행,포장 - 기타,맑음,단일로 - 기타,승용,남,58세,상해없음,보행자,남,75세,중상
2021031000100191,2021년 3월 10일 12시,수요일,서울특별시 송파구 방이동,경상사고,0,0,1,0,차대사람 - 차도통행중,안전운전불이행,포장 - 건조,맑음,단일로 - 기타,화물,남,42세,상해없음,보행자,여,37세,경상
2021031000100228,2021년 3월 10일 13시,수요일,서울특별시 강동구 둔촌동,경상사고,0,0,1,0,차대사람 - 기타,안전운전불이행,포장 - 건조,맑음,단일로 - 기타,기타불명,기타불명,미분류,기타불명,보행자,남,45세,경상
2021031000100229,2021년 3월 10일 13시,수요일,서울특별시 송파구 송파동,경상사고,0,0,1,0,차대사람 - 차도통행중,안전운전불이행,포장 - 건조,맑음,교차로 - 교차로부근,승용,여,69세,상해없음,보행자,여,25세,경상
2021031000100261,2021년 3월 10일 14시,수요일,서울특별시 강남구 삼성동,경상사고,0,0,1,0,차대사람 - 길가장자리구역통행중,안전운전불이행,포장 - 건조,맑음,교차로 - 교차로부근,승용,여,35세,기타불명,보행자,남,39세,경상
2021031000100348,2021년 3월 10일 16시,수요일,서울특별시 동대문구 제기동,중상사고,0,1,0,0,차대사람 - 기타,안전운전불이행,포장 - 건조,맑음,교차로 - 교차로안,농기계,남,58세,상해없음,보행자,여,74세,중상
2021031000100352,2021년 3월 10일 16시,수요일,서울특별시 노원구 중계동,경상사고,0,0,1,0,차대사람 - 횡단중,안전운전불이행,포장 - 건조,맑음,교차로 - 교차로부근,승용,여,51세,상해없음,보행자,남,60세,경상
2021031000100353,2021년 3월 10일 16시,수요일,서울특별시 노원구 상계동,중상사고,0,1,0,0,차대사람 - 기타,안전운전불이행,포장 - 건조,맑음,단일로 - 기타,승합,남,56세,상해없음,보행자,여,30세,중상
2021031000100421,2021년 3월 10일 18시,수요일,서울특별시 종로구 숭인동,경상사고,0,0,1,0,차대사람 - 기타,안전운전불이행,포장 - 건조,맑음,단일로 - 기타,화물,남,62세,상해없음,보행자,남,64세,경상
2021031000100462,2021년 3월 10일 19시,수요일,서울특별시 서초구 서초동,중상사고,0,1,0,0,차대사람 - 횡단중,보행자보호의무위반,포장 - 건조,맑음,교차로 - 교차로횡단보도내,승용,여,58세,상해없음,보행자,여,44세,중상
2021031000100522,2021년 3월 10일 21시,수요일,서울특별시 중구 신당동,경상사고,0,0,1,0,차대사람 - 길가장자리구역통행중,안전운전불이행,포장 - 건조,흐림,교차로 - 교차로부근,승합,남,29세,상해없음,보행자,남,56세,경상
2021031000100577,2021년 3월 10일 23시,수요일,서울특별시 송파구 방이동,경상사고,0,0,1,0,차대사람 - 횡단중,중앙선침범,포장 - 건조,맑음,단일로 - 기타,승용,남,27세,상해없음,보행자,남,29세,경상
2021031100100049,2021년 3월 11일 07시,목요일,서울특별시 성동구 행당동,경상사고,0,0,1,0,차대사람 - 횡단중,안전운전불이행,포장 - 건조,맑음,교차로 - 교차로안,승용,남,70세,기타불명,보행자,여,15세,경상
2021031100100079,2021년 3월 11일 08시,목요일,서울특별시 송파구 가락동,경상사고,0,0,1,0,차대사람 - 횡단중,안전운전불이행,포장 - 건조,맑음,교차로 - 교차로안,승용,남,59세,상해없음,보행자,여,47세,경상
2021031100100152,2021년 3월 11일 11시,목요일,서울특별시 영등포구 여의도동,중상사고,0,1,0,0,차대사람 - 횡단중,안전운전불이행,포장 - 건조,맑음,교차로 - 교차로안,승용,남,48세,상해없음,보행자,남,95세,중상
2021031100100183,2021년 3월 11일 12시,목요일,서울특별시 마포구 노고산동,중상사고,0,1,0,0,차대사람 - 횡단중,보행자보호의무위반,포장 - 건조,맑음,단일로 - 기타,화물,남,52세,상해없음,보행자,여,19세,중상
2021031100100184,2021년 3월 11일 12시,목요일,서울특별시 영등포구 양평동2가,경상사고,0,0,1,0,차대사람 - 횡단중,안전운전불이행,포장 - 건조,맑음,단일로 - 기타,승용,여,60세,상해없음,보행자,남,30세,경상
2021031100100213,2021년 3월 11일 13시,목요일,서울특별시 성동구 금호동4가,중상사고,0,1,0,0,차대사람 - 보도통행중,기타,포장 - 건조,맑음,단일로 - 기타,원동기,남,81세,상해없음,보행자,남,82세,중상
2021031100100265,2021년 3월 11일 15시,목요일,서울특별시 서초구 잠원동,중상사고,0,1,0,0,차대사람 - 횡단중,신호위반,포장 - 건조,맑음,기타 - 기타,승용,여,24세,상해없음,보행자,여,25세,중상
2021031100100303,2021년 3월 11일 16시,목요일,서울특별시 용산구 한강로2가,경상사고,0,0,1,0,차대사람 - 기타,안전운전불이행,포장 - 건조,맑음,단일로 - 기타,화물,남,69세,상해없음,보행자,남,39세,경상
2021031100100306,2021년 3월 11일 16시,목요일,서울특별시 강서구 화곡동,경상사고,0,0,1,0,차대사람 - 길가장자리구역통행중,안전운전불이행,포장 - 건조,맑음,단일로 - 기타,이륜,남,32세,상해없음,보행자,남,13세,경상
2021031100100343,2021년 3월 11일 17시,목요일,서울특별시 성북구 길음동,중상사고,0,1,0,0,차대사람 - 기타,안전운전불이행,포장 - 건조,맑음,교차로 - 교차로부근,승용,남,75세,상해없음,보행자,여,79세,중상
2021031100100378,2021년 3월 11일 18시,목요일,서울특별시 노원구 월계동,경상사고,0,0,1,0,차대사람 - 기타,안전운전불이행,포장 - 건조,맑음,주차장 - 주차장,승용,여,62세,상해없음,보행자,여,2세,경상
2021031100100410,2021년 3월 11일 19시,목요일,서울특별시 서대문구 남가좌동,경상사고,0,0,1,0,차대사람 - 차도통행중,안전운전불이행,포장 - 건조,맑음,단일로 - 기타,승용,여,35세,상해없음,보행자,남,40세,경상
2021031100100411,2021년 3월 11일 19시,목요일,서울특별시 강북구 수유동,경상사고,0,0,1,0,차대사람 - 차도통행중,안전운전불이행,포장 - 건조,맑음,단일로 - 기타,승용,여,26세,상해없음,보행자,여,26세,경상
2021031100100415,2021년 3월 11일 19시,목요일,서울특별시 송파구 풍납동,경상사고,0,0,1,0,차대사람 - 횡단중,보행자보호의무위반,포장 - 건조,맑음,단일로 - 기타,승용,남,61세,상해없음,보행자,남,12세,경상
2021031100100454,2021년 3월 11일 20시,목요일,서울특별시 금천구 가산동,경상사고,0,0,1,0,차대사람 - 기타,보행자보호의무위반,포장 - 건조,맑음,단일로 - 기타,승용,남,44세,상해없음,보행자,여,21세,경상
2021031100100457,2021년 3월 11일 20시,목요일,서울특별시 구로구 구로동,경상사고,0,0,1,0,차대사람 - 기타,안전운전불이행,포장 - 건조,맑음,단일로 - 기타,승합,남,51세,상해없음,보행자,여,56세,경상
2021031100100487,2021년 3월 11일 21시,목요일,서울특별시 성동구 옥수동,부상신고사고,0,0,0,1,차대사람 - 기타,안전운전불이행,포장 - 건조,기타,기타 - 기타,화물,남,66세,상해없음,보행자,남,37세,부상신고
2021031100100513,2021년 3월 11일 22시,목요일,서울특별시 관악구 신림동,경상사고,0,0,1,0,차대사람 - 보도통행중,기타,포장 - 건조,흐림,단일로 - 기타,승용,남,66세,상해없음,보행자,남,29세,경상
2021031100100515,2021년 3월 11일 22시,목요일,서울특별시 강남구 도곡동,중상사고,0,1,0,0,차대사람 - 횡단중,안전운전불이행,포장 - 건조,맑음,단일로 - 기타,승용,남,33세,상해없음,보행자,남,26세,중상
2021031100100544,2021년 3월 11일 23시,목요일,서울특별시 중구 흥인동,중상사고,0,1,0,0,차대사람 - 횡단중,신호위반,포장 - 건조,맑음,교차로 - 교차로횡단보도내,개인형이동수단(PM),남,33세,상해없음,보행자,여,54세,중상
2021031100100545,2021년 3월 11일 23시,목요일,서울특별시 성동구 성수동2가,경상사고,0,0,1,0,차대사람 - 횡단중,보행자보호의무위반,포장 - 건조,맑음,단일로 - 기타,승용,남,47세,상해없음,보행자,남,30세,경상
2021031100100548,2021년 3월 11일 23시,목요일,서울특별시 노원구 중계동,중상사고,0,1,0,0,차대사람 - 횡단중,신호위반,포장 - 건조,맑음,교차로 - 교차로부근,이륜,남,25세,상해없음,보행자,남,51세,중상
2021031200100041,2021년 3월 12일 07시,금요일,서울특별시 송파구 잠실동,경상사고,0,0,1,0,차대사람 - 보도통행중,안전운전불이행,포장 - 건조,맑음,단일로 - 기타,화물,남,47세,상해없음,보행자,여,71세,경상
2021031200100056,2021년 3월 12일 08시,금요일,서울특별시 노원구 월계동,경상사고,0,0,1,0,차대사람 - 기타,안전운전불이행,포장 - 건조,맑음,단일로 - 고가도로위,승용,여,42세,상해없음,보행자,여,30세,경상
2021031200100082,2021년 3월 12일 09시,금요일,서울특별시 중랑구 중화동,경상사고,0,0,1,0,차대사람 - 기타,안전운전불이행,포장 - 건조,맑음,기타 - 기타,화물,남,48세,상해없음,보행자,여,22세,경상
2021031200100083,2021년 3월 12일 09시,금요일,서울특별시 송파구 가락동,경상사고,0,0,1,0,차대사람 - 횡단중,보행자보호의무위반,포장 - 건조,맑음,교차로 - 교차로횡단보도내,화물,여,58세,상해없음,보행자,남,41세,경상
2021031200100128,2021년 3월 12일 11시,금요일,서울특별시 성동구 마장동,중상사고,0,1,0,0,차대사람 - 횡단중,안전운전불이행,포장 - 건조,맑음,교차로 - 교차로부근,이륜,남,30세,상해없음,보행자,여,68세,중상
2021031200100129,2021년 3월 12일 11시,금요일,서울특별시 중랑구 면목동,경상사고,0,0,1,0,차대사람 - 횡단중,보행자보호의무위반,포장 - 건조,맑음,교차로 - 교차로안,승용,남,74세,상해없음,보행자,여,26세,경상
2021031200100132,2021년 3월 12일 11시,금요일,서울특별시 성북구 길음동,중상사고,0,1,0,0,차대사람 - 길가장자리구역통행중,안전운전불이행,포장 - 건조,맑음,교차로 - 교차로안,승용,남,65세,상해없음,보행자,여,77세,중상
2021031200100134,2021년 3월 12일 11시,금요일,서울특별시 구로구 개봉동,중상사고,0,1,1,0,차대사람 - 기타,안전운전불이행,포장 - 건조,맑음,교차로 - 교차로안,화물,남,62세,상해없음,보행자,여,38세,중상
2021031200100137,2021년 3월 12일 11시,금요일,서울특별시 서초구 잠원동,경상사고,0,0,1,0,차대사람 - 보도통행중,안전운전불이행,포장 - 건조,맑음,교차로 - 교차로안,승용,남,30세,기타불명,보행자,남,59세,경상
2021031200100201,2021년 3월 12일 13시,금요일,서울특별시 마포구 마포동,경상사고,0,0,1,0,차대사람 - 길가장자리구역통행중,안전운전불이행,포장 - 건조,맑음,단일로 - 기타,승용,남,80세,상해없음,보행자,여,50세,경상
2021031200100205,2021년 3월 12일 13시,금요일,서울특별시 강남구 역삼동,경상사고,0,0,1,0,차대사람 - 길가장자리구역통행중,안전운전불이행,포장 - 젖음/습기,비,단일로 - 기타,승용,남,54세,상해없음,보행자,여,26세,경상
2021031200100351,2021년 3월 12일 17시,금요일,서울특별시 용산구 한강로3가,경상사고,0,0,1,0,차대사람 - 보도통행중,기타,포장 - 건조,맑음,기타 - 기타,이륜,남,24세,상해없음,보행자,여,79세,경상
2021031200100352,2021년 3월 12일 17시,금요일,서울특별시 광진구 화양동,경상사고,0,0,1,0,차대사람 - 기타,안전운전불이행,포장 - 건조,맑음,기타 - 기타,승용,남,59세,상해없음,보행자,여,23세,경상
2021031200100354,2021년 3월 12일 17시,금요일,서울특별시 강남구 논현동,경상사고,0,0,1,0,차대사람 - 기타,안전운전불이행,포장 - 건조,맑음,기타 - 기타,승용,남,26세,상해없음,보행자,여,20세,경상
2021031200100439,2021년 3월 12일 19시,금요일,서울특별시 강동구 천호동,중상사고,0,1,0,0,차대사람 - 횡단중,안전운전불이행,포장 - 건조,맑음,단일로 - 기타,이륜,남,62세,상해없음,보행자,남,71세,중상
2021031200100440,2021년 3월 12일 19시,금요일,서울특별시 도봉구 방학동,중상사고,0,1,0,0,차대사람 - 기타,기타,포장 - 건조,맑음,단일로 - 기타,승용,남,38세,상해없음,보행자,여,37세,중상
2021031200100493,2021년 3월 12일 20시,금요일,서울특별시 중랑구 면목동,경상사고,0,0,1,1,차대사람 - 길가장자리구역통행중,안전운전불이행,포장 - 건조,맑음,단일로 - 기타,승용,여,49세,부상신고,보행자,여,73세,경상
2021031200100495,2021년 3월 12일 20시,금요일,서울특별시 강서구 개화동,경상사고,0,0,1,0,차대사람 - 기타,안전운전불이행,포장 - 건조,맑음,단일로 - 기타,승합,남,41세,상해없음,보행자,여,28세,경상
2021031200100498,2021년 3월 12일 20시,금요일,서울특별시 서초구 방배동,경상사고,0,0,1,0,차대사람 - 횡단중,안전운전불이행,포장 - 건조,맑음,단일로 - 기타,승용,여,53세,상해없음,보행자,여,57세,경상
2021031200100540,2021년 3월 12일 21시,금요일,서울특별시 용산구 이태원동,경상사고,0,0,1,0,차대사람 - 기타,안전운전불이행,포장 - 건조,맑음,기타 - 기타,승용,남,47세,상해없음,보행자,남,31세,경상
2021031200100565,2021년 3월 12일 22시,금요일,서울특별시 중구 황학동,중상사고,0,1,0,0,차대사람 - 보도통행중,보행자보호의무위반,포장 - 건조,맑음,단일로 - 기타,승용,남,73세,상해없음,보행자,남,29세,중상
2021031200100567,2021년 3월 12일 22시,금요일,서울특별시 성북구 동선동1가,경상사고,0,0,1,0,차대사람 - 기타,안전운전불이행,포장 - 건조,맑음,기타 - 기타,승합,남,44세,상해없음,보행자,남,66세,경상
2021031200100569,2021년 3월 12일 22시,금요일,서울특별시 관악구 신림동,경상사고,0,0,1,0,차대사람 - 기타,기타,포장 - 건조,기타,단일로 - 기타,승용,남,50세,상해없음,보행자,남,20세,경상
2021031200100601,2021년 3월 12일 23시,금요일,서울특별시 관악구 신림동,중상사고,0,1,0,0,차대사람 - 기타,기타,포장 - 건조,맑음,단일로 - 기타,승용,남,56세,상해없음,보행자,여,29세,중상
2021031300100065,2021년 3월 13일 08시,토요일,서울특별시 양천구 신정동,중상사고,0,1,0,0,차대사람 - 횡단중,안전운전불이행,포장 - 건조,맑음,교차로 - 교차로부근,승용,남,66세,상해없음,보행자,여,51세,중상
2021031300100083,2021년 3월 13일 09시,토요일,서울특별시 구로구 가리봉동,중상사고,0,1,0,0,차대사람 - 기타,안전운전불이행,포장 - 건조,맑음,교차로 - 교차로부근,화물,남,45세,상해없음,보행자,남,81세,중상
2021031300100101,2021년 3월 13일 10시,토요일,서울특별시 성동구 성수동2가,경상사고,0,0,1,0,차대사람 - 기타,신호위반,포장 - 건조,맑음,단일로 - 기타,자전거,남,57세,상해없음,보행자,남,43세,경상
2021031300100135,2021년 3월 13일 11시,토요일,서울특별시 광진구 군자동,중상사고,0,1,0,0,차대사람 - 기타,과속,포장 - 건조,맑음,교차로 - 교차로안,원동기,남,25세,상해없음,보행자,남,12세,중상
2021031300100172,2021년 3월 13일 12시,토요일,서울특별시 용산구 용산동6가,경상사고,0,0,1,0,차대사람 - 기타,안전운전불이행,포장 - 건조,맑음,주차장 - 주차장,승용,여,77세,상해없음,보행자,여,60세,경상
2021031300100180,2021년 3월 13일 12시,토요일,서울특별시 은평구 진관동,중상사고,0,1,0,0,차대사람 - 횡단중,신호위반,포장 - 건조,맑음,교차로 - 교차로안,승용,남,64세,상해없음,보행자,여,75세,중상
2021031300100259,2021년 3월 13일 14시,토요일,서울특별시 광진구 자양동,중상사고,0,1,0,0,차대사람 - 기타,안전운전불이행,포장 - 건조,맑음,단일로 - 기타,승용,남,73세,상해없음,보행자,여,68세,중상
2021031300100292,2021년 3월 13일 15시,토요일,서울특별시 마포구 서교동,경상사고,0,0,1,0,차대사람 - 차도통행중,안전운전불이행,포장 - 건조,맑음,단일로 - 기타,개인형이동수단(PM),남,23세,상해없음,보행자,여,32세,경상
2021031300100294,2021년 3월 13일 15시,토요일,서울특별시 강서구 염창동,중상사고,0,1,0,0,차대사람 - 횡단중,보행자보호의무위반,포장 - 건조,맑음,교차로 - 교차로횡단보도내,승용,여,52세,상해없음,보행자,여,75세,중상
2021031300100296,2021년 3월 13일 15시,토요일,서울특별시 도봉구 쌍문동,경상사고,0,0,1,0,차대사람 - 기타,안전운전불이행,포장 - 건조,맑음,단일로 - 기타,이륜,남,83세,상해없음,보행자,여,38세,경상
2021031300100357,2021년 3월 13일 17시,토요일,서울특별시 마포구 서교동,부상신고사고,0,0,0,2,차대사람 - 횡단중,안전운전불이행,포장 - 건조,맑음,교차로 - 교차로부근,승용,남,31세,상해없음,보행자,남,39세,부상신고
2021031300100390,2021년 3월 13일 18시,토요일,서울특별시 중구 신당동,경상사고,0,0,1,0,차대사람 - 길가장자리구역통행중,안전운전불이행,포장 - 건조,맑음,단일로 - 기타,승용,남,38세,상해없음,보행자,남,69세,경상
2021031300100392,2021년 3월 13일 18시,토요일,서울특별시 강서구 내발산동,경상사고,0,0,1,0,차대사람 - 차도통행중,안전운전불이행,포장 - 건조,맑음,단일로 - 기타,기타불명,기타불명,미분류,기타불명,보행자,남,20세,경상
2021031300100393,2021년 3월 13일 18시,토요일,서울특별시 서초구 잠원동,중상사고,0,1,0,0,차대사람 - 기타,안전운전불이행,포장 - 건조,맑음,교차로 - 교차로부근,개인형이동수단(PM),남,19세,상해없음,보행자,여,62세,중상
2021031300100426,2021년 3월 13일 19시,토요일,서울특별시 마포구 서교동,중상사고,0,1,0,0,차대사람 - 길가장자리구역통행중,안전운전불이행,포장 - 건조,맑음,단일로 - 기타,승용,남,22세,상해없음,보행자,여,47세,중상
2021031300100428,2021년 3월 13일 19시,토요일,서울특별시 도봉구 쌍문동,중상사고,0,1,0,0,차대사람 - 길가장자리구역통행중,안전운전불이행,포장 - 건조,맑음,단일로 - 기타,승용,남,61세,상해없음,보행자,여,87세,중상
2021031300100502,2021년 3월 13일 22시,토요일,서울특별시 마포구 상수동,경상사고,0,0,1,0,차대사람 - 횡단중,안전운전불이행,포장 - 건조,맑음,교차로 - 교차로부근,개인형이동수단(PM),남,19세,상해없음,보행자,남,28세,경상
2021031300100505,2021년 3월 13일 22시,토요일,서울특별시 강서구 마곡동,중상사고,0,1,0,0,차대사람 - 차도통행중,안전운전불이행,포장 - 건조,맑음,단일로 - 기타,승용,남,23세,상해없음,보행자,여,18세,중상
2021031400100031,2021년 3월 14일 04시,일요일,서울특별시 마포구 망원동,부상신고사고,0,0,0,1,차대사람 - 차도통행중,안전운전불이행,포장 - 건조,맑음,단일로 - 기타,승용,남,55세,상해없음,보행자,여,29세,부상신고
2021031400100088,2021년 3월 14일 11시,일요일,서울특별시 강서구 화곡동,경상사고,0,0,1,0,차대사람 - 차도통행중,안전운전불이행,포장 - 건조,맑음,단일로 - 기타,이륜,남,28세,상해없음,보행자,남,64세,경상
2021031400100135,2021년 3월 14일 13시,일요일,서울특별시 중랑구 중화동,경상사고,0,0,1,0,차대사람 - 기타,안전운전불이행,포장 - 건조,맑음,단일로 - 기타,화물,남,44세,상해없음,보행자,여,70세,경상
2021031400100160,2021년 3월 14일 14시,일요일,서울특별시 광진구 구의동,경상사고,0,0,1,0,차대사람 - 차도통행중,안전운전불이행,포장 - 건조,맑음,교차로 - 교차로안,승용,남,54세,상해없음,보행자,여,89세,경상
2021031400100164,2021년 3월 14일 14시,일요일,서울특별시 중랑구 면목동,중상사고,0,1,0,0,차대사람 - 기타,안전운전불이행,포장 - 건조,맑음,단일로 - 기타,승용,남,40세,상해없음,보행자,여,80세,중상
2021031400100208,2021년 3월 14일 16시,일요일,서울특별시 영등포구 영등포동3가,경상사고,0,0,1,0,차대사람 - 기타,안전운전불이행,포장 - 건조,맑음,단일로 - 기타,승용,여,37세,상해없음,보행자,여,18세,경상
2021031400100241,2021년 3월 14일 17시,일요일,서울특별시 용산구 이촌동,경상사고,0,0,2,0,차대사람 - 기타,안전운전불이행,포장 - 건조,맑음,단일로 - 기타,자전거,여,46세,경상,보행자,여,50세,경상
2021031400100302,2021년 3월 14일 19시,일요일,서울특별시 금천구 독산동,경상사고,0,0,1,0,차대사람 - 횡단중,안전운전불이행,포장 - 건조,맑음,교차로 - 교차로부근,승용,남,66세,상해없음,보행자,남,58세,경상
2021031400100336,2021년 3월 14일 20시,일요일,서울특별시 강북구 미아동,사망사고,1,0,0,0,차대사람 - 기타,안전운전불이행,포장 - 건조,맑음,단일로 - 기타,승용,여,50세,상해없음,보행자,남,60세,사망
2021031500100020,2021년 3월 15일 05시,월요일,서울특별시 송파구 문정동,경상사고,0,0,1,0,차대사람 - 기타,기타,포장 - 건조,맑음,단일로 - 기타,승용,남,60세,상해없음,보행자,남,47세,경상
2021031500100143,2021년 3월 15일 10시,월요일,서울특별시 강서구 화곡동,중상사고,0,1,0,0,차대사람 - 횡단중,보행자보호의무위반,포장 - 건조,맑음,교차로 - 교차로횡단보도내,승합,여,52세,상해없음,보행자,여,61세,중상
2021031500100172,2021년 3월 15일 11시,월요일,서울특별시 성북구 종암동,경상사고,0,0,1,0,차대사람 - 횡단중,보행자보호의무위반,포장 - 건조,맑음,교차로 - 교차로횡단보도내,승용,여,59세,상해없음,보행자,여,59세,경상
2021031500100201,2021년 3월 15일 12시,월요일,서울특별시 구로구 구로동,중상사고,0,1,0,0,차대사람 - 기타,안전운전불이행,포장 - 건조,맑음,단일로 - 기타,승용,남,61세,상해없음,보행자,여,58세,중상
2021031500100202,2021년 3월 15일 12시,월요일,서울특별시 서초구 신원동,경상사고,0,0,1,0,차대사람 - 기타,안전운전불이행,포장 - 건조,맑음,단일로 - 기타,자전거,남,78세,상해없음,보행자,남,29세,경상
2021031500100226,2021년 3월 15일 13시,월요일,서울특별시 강동구 천호동,중상사고,0,1,0,0,차대사람 - 횡단중,안전운전불이행,포장 - 건조,맑음,교차로 - 교차로안,화물,남,72세,상해없음,보행자,여,82세,중상
2021031500100227,2021년 3월 15일 13시,월요일,서울특별시 서초구 서초동,경상사고,0,0,1,0,차대사람 - 기타,안전운전불이행,포장 - 건조,맑음,단일로 - 기타,승용,여,48세,상해없음,보행자,여,44세,경상
2021031500100251,2021년 3월 15일 14시,월요일,서울특별시 관악구 봉천동,중상사고,0,1,0,0,차대사람 - 차도통행중,안전운전불이행,포장 - 건조,맑음,교차로 - 교차로부근,승합,남,54세,상해없음,보행자,남,42세,중상
2021031500100286,2021년 3월 15일 15시,월요일,서울특별시 성북구 동소문동7가,중상사고,0,1,0,0,차대사람 - 기타,안전운전불이행,포장 - 건조,맑음,단일로 - 기타,승합,남,44세,상해없음,보행자,여,41세,중상
2021031500100288,2021년 3월 15일 15시,월요일,서울특별시 강동구 천호동,경상사고,0,0,1,0,차대사람 - 기타,안전운전불이행,포장 - 건조,맑음,단일로 - 기타,승용,남,19세,상해없음,보행자,남,48세,경상
2021031500100320,2021년 3월 15일 16시,월요일,서울특별시 송파구 송파동,경상사고,0,0,1,0,차대사람 - 횡단중,보행자보호의무위반,포장 - 건조,맑음,교차로 - 교차로안,화물,남,21세,상해없음,보행자,여,27세,경상
2021031500100353,2021년 3월 15일 17시,월요일,서울특별시 성동구 옥수동,중상사고,0,1,0,0,차대사람 - 기타,안전운전불이행,포장 - 건조,맑음,단일로 - 기타,자전거,여,19세,상해없음,보행자,여,64세,중상
2021031500100356,2021년 3월 15일 17시,월요일,서울특별시 관악구 신림동,경상사고,0,0,1,0,차대사람 - 기타,안전운전불이행,포장 - 건조,맑음,단일로 - 기타,이륜,남,21세,경상,보행자,남,41세,상해없음