사고번호,사고일시,요일,시군구,사고내용,사망자수,중상자수,경상자수,부상신고자수,사고유형,법규위반,노면상태,기상상태,도로형태,가해운전자 차종,가해운전자 성별,가해운전자 연령,가해운전자 상해정도,피해운전자 차종,피해운전자 성별,피해운전자 연령,피해운전자 상해정도
2021031500100357,2021년 3월 15일 17시,월요일,서울특별시 관악구 신림동,경상사고,0,0,1,0,차대사람 - 기타,안전운전불이행,포장 - 건조,맑음,교차로 - 교차로부근,자전거,남,68세,상해없음,보행자,여,35세,경상
2021031500100402,2021년 3월 15일 18시,월요일,서울특별시 강동구 성내동,중상사고,0,1,0,0,차대사람 - 횡단중,보행자보호의무위반,포장 - 건조,맑음,교차로 - 교차로안,화물,남,57세,상해없음,보행자,여,9세,중상
2021031500100443,2021년 3월 15일 19시,월요일,서울특별시 중구 예장동,부상신고사고,0,0,0,1,차대사람 - 기타,기타,포장 - 건조,맑음,단일로 - 기타,기타불명,기타불명,미분류,기타불명,보행자,남,50세,부상신고
2021031500100508,2021년 3월 15일 21시,월요일,서울특별시 성북구 동선동4가,경상사고,0,0,1,0,차대사람 - 차도통행중,안전운전불이행,포장 - 건조,맑음,단일로 - 기타,승용,남,21세,상해없음,보행자,남,22세,경상
2021031500100524,2021년 3월 15일 22시,월요일,서울특별시 강북구 미아동,경상사고,0,0,1,0,차대사람 - 기타,안전운전불이행,포장 - 건조,맑음,교차로 - 교차로부근,승용,남,26세,상해없음,보행자,남,25세,경상
2021031500100541,2021년 3월 15일 23시,월요일,서울특별시 용산구 한강로3가,중상사고,0,1,1,0,차대사람 - 기타,안전운전불이행,포장 - 젖음/습기,비,교차로 - 교차로안,승용,남,27세,상해없음,보행자,남,27세,중상
2021031500100542,2021년 3월 15일 23시,월요일,서울특별시 용산구 이촌동,경상사고,0,0,1,0,차대사람 - 횡단중,안전운전불이행,포장 - 젖음/습기,비,교차로 - 교차로횡단보도내,원동기,남,27세,상해없음,보행자,남,24세,경상
2021031500100543,2021년 3월 15일 23시,월요일,서울특별시 마포구 서교동,경상사고,0,0,1,0,차대사람 - 기타,보행자보호의무위반,포장 - 젖음/습기,비,교차로 - 교차로안,자전거,남,49세,상해없음,보행자,남,60세,경상
2021031500100546,2021년 3월 15일 23시,월요일,서울특별시 은평구 갈현동,경상사고,0,0,1,0,차대사람 - 횡단중,보행자보호의무위반,포장 - 젖음/습기,비,교차로 - 교차로횡단보도내,승용,남,48세,상해없음,보행자,여,35세,경상
2021031600100001,2021년 3월 16일 00시,화요일,서울특별시 강남구 역삼동,경상사고,0,0,1,0,차대사람 - 기타,안전운전불이행,포장 - 젖음/습기,비,단일로 - 기타,승용,여,37세,상해없음,보행자,남,30세,경상
2021031600100029,2021년 3월 16일 03시,화요일,서울특별시 강남구 삼성동,경상사고,0,0,1,0,차대사람 - 기타,안전운전불이행,포장 - 건조,맑음,교차로 - 교차로부근,승용,남,44세,기타불명,보행자,남,55세,경상
2021031600100036,2021년 3월 16일 05시,화요일,서울특별시 노원구 상계동,중상사고,0,1,0,0,차대사람 - 기타,안전운전불이행,포장 - 건조,맑음,기타 - 기타,화물,남,61세,상해없음,보행자,남,81세,중상
2021031600100062,2021년 3월 16일 07시,화요일,서울특별시 강남구 청담동,경상사고,0,0,1,0,차대사람 - 길가장자리구역통행중,안전운전불이행,포장 - 건조,맑음,단일로 - 기타,승용,남,47세,기타불명,보행자,남,35세,경상
2021031600100194,2021년 3월 16일 11시,화요일,서울특별시 강남구 청담동,경상사고,0,0,1,0,차대사람 - 기타,기타,포장 - 건조,맑음,기타 - 기타,승용,남,60세,상해없음,보행자,여,36세,경상
2021031600100224,2021년 3월 16일 12시,화요일,서울특별시 종로구 종로5가,중상사고,0,1,0,0,차대사람 - 횡단중,안전운전불이행,포장 - 건조,맑음,교차로 - 교차로부근,승용,남,58세,상해없음,보행자,여,88세,중상
2021031600100262,2021년 3월 16일 13시,화요일,서울특별시 은평구 불광동,중상사고,0,1,0,0,차대사람 - 횡단중,안전운전불이행,포장 - 건조,맑음,교차로 - 교차로횡단보도내,승용,남,50세,상해없음,보행자,남,82세,중상
2021031600100288,2021년 3월 16일 14시,화요일,서울특별시 서대문구 홍은동,경상사고,0,0,1,0,차대사람 - 횡단중,보행자보호의무위반,포장 - 건조,맑음,교차로 - 교차로횡단보도내,승용,남,77세,상해없음,보행자,남,88세,경상
2021031600100322,2021년 3월 16일 15시,화요일,서울특별시 중구 신당동,중상사고,0,1,0,0,차대사람 - 기타,기타,포장 - 건조,맑음,단일로 - 기타,승용,남,39세,상해없음,보행자,여,36세,중상
2021031600100325,2021년 3월 16일 15시,화요일,서울특별시 은평구 불광동,경상사고,0,0,1,0,차대사람 - 횡단중,신호위반,포장 - 건조,맑음,교차로 - 교차로부근,자전거,여,56세,상해없음,보행자,남,58세,경상
2021031600100353,2021년 3월 16일 16시,화요일,서울특별시 강북구 번동,부상신고사고,0,0,0,1,차대사람 - 기타,안전운전불이행,포장 - 건조,맑음,단일로 - 기타,승용,남,42세,상해없음,보행자,남,40세,부상신고
2021031600100390,2021년 3월 16일 17시,화요일,서울특별시 도봉구 도봉동,경상사고,0,0,1,0,차대사람 - 기타,안전운전불이행,포장 - 건조,맑음,교차로 - 교차로안,화물,남,40세,상해없음,보행자,남,80세,경상
2021031600100422,2021년 3월 16일 18시,화요일,서울특별시 영등포구 영등포동,경상사고,0,0,1,0,차대사람 - 보도통행중,기타,포장 - 건조,맑음,단일로 - 기타,자전거,여,44세,상해없음,보행자,남,30세,경상
2021031600100427,2021년 3월 16일 18시,화요일,서울특별시 구로구 고척동,경상사고,0,0,1,0,차대사람 - 보도통행중,기타,포장 - 건조,맑음,단일로 - 기타,자전거,남,71세,상해없음,보행자,남,79세,경상
2021031600100428,2021년 3월 16일 18시,화요일,서울특별시 강남구 역삼동,경상사고,0,0,1,0,차대사람 - 기타,안전운전불이행,포장 - 건조,기타,기타 - 기타,승용,남,49세,상해없음,보행자,여,24세,경상
2021031600100478,2021년 3월 16일 19시,화요일,서울특별시 동대문구 신설동,경상사고,0,0,1,0,차대사람 - 기타,안전운전불이행,포장 - 건조,맑음,단일로 - 기타,건설기계,남,35세,상해없음,보행자,남,37세,경상
2021031600100480,2021년 3월 16일 19시,화요일,서울특별시 동작구 사당동,중상사고,0,1,0,0,차대사람 - 기타,안전운전불이행,포장 - 건조,맑음,단일로 - 기타,승용,남,31세,상해없음,보행자,남,69세,중상
2021031600100481,2021년 3월 16일 19시,화요일,서울특별시 관악구 신림동,경상사고,0,0,1,0,차대사람 - 기타,안전운전불이행,포장 - 건조,맑음,기타 - 기타,이륜,남,72세,상해없음,보행자,남,28세,경상
2021031600100530,2021년 3월 16일 21시,화요일,서울특별시 송파구 신천동,경상사고,0,0,1,0,차대사람 - 횡단중,보행자보호의무위반,포장 - 건조,맑음,교차로 - 교차로부근,승용,남,63세,상해없음,보행자,여,26세,경상
2021031600100553,2021년 3월 16일 22시,화요일,서울특별시 송파구 문정동,경상사고,0,0,1,0,차대사람 - 기타,안전운전불이행,포장 - 건조,맑음,교차로 - 교차로안,승용,남,42세,상해없음,보행자,남,47세,경상
2021031600100584,2021년 3월 16일 23시,화요일,서울특별시 관악구 신림동,경상사고,0,0,1,0,차대사람 - 기타,안전운전불이행,포장 - 건조,맑음,기타 - 기타,이륜,남,24세,상해없음,보행자,여,25세,경상
2021031700100041,2021년 3월 17일 07시,수요일,서울특별시 영등포구 영등포동3가,경상사고,0,0,1,0,차대사람 - 기타,안전운전불이행,포장 - 건조,맑음,단일로 - 기타,승합,여,61세,상해없음,보행자,여,38세,경상
2021031700100064,2021년 3월 17일 08시,수요일,서울특별시 송파구 방이동,경상사고,0,0,1,0,차대사람 - 길가장자리구역통행중,안전운전불이행,포장 - 건조,맑음,단일로 - 기타,승용,남,36세,상해없음,보행자,여,61세,경상
2021031700100100,2021년 3월 17일 09시,수요일,서울특별시 동작구 흑석동,경상사고,0,0,1,0,차대사람 - 횡단중,보행자보호의무위반,포장 - 건조,맑음,교차로 - 교차로횡단보도내,승용,남,63세,상해없음,보행자,여,39세,경상
2021031700100101,2021년 3월 17일 09시,수요일,서울특별시 구로구 구로동,중상사고,0,1,0,0,차대사람 - 길가장자리구역통행중,안전운전불이행,포장 - 건조,맑음,단일로 - 기타,승용,남,44세,기타불명,보행자,여,34세,중상
2021031700100125,2021년 3월 17일 10시,수요일,서울특별시 강북구 미아동,중상사고,0,1,1,0,차대사람 - 횡단중,보행자보호의무위반,포장 - 건조,맑음,교차로 - 교차로안,승용,남,56세,상해없음,보행자,여,39세,중상
2021031700100127,2021년 3월 17일 10시,수요일,서울특별시 중랑구 면목동,경상사고,0,0,1,0,차대사람 - 횡단중,보행자보호의무위반,포장 - 건조,맑음,교차로 - 교차로횡단보도내,승용,여,68세,상해없음,보행자,여,23세,경상
2021031700100128,2021년 3월 17일 10시,수요일,서울특별시 강서구 화곡동,경상사고,0,0,1,0,차대사람 - 횡단중,보행자보호의무위반,포장 - 건조,맑음,교차로 - 교차로횡단보도내,승용,남,44세,상해없음,보행자,남,41세,경상
2021031700100130,2021년 3월 17일 10시,수요일,서울특별시 송파구 마천동,경상사고,0,0,1,0,차대사람 - 기타,안전운전불이행,포장 - 건조,맑음,단일로 - 기타,승용,여,40세,상해없음,보행자,남,24세,경상
2021031700100153,2021년 3월 17일 11시,수요일,서울특별시 광진구 구의동,중상사고,0,1,0,0,차대사람 - 차도통행중,안전운전불이행,포장 - 건조,맑음,단일로 - 기타,승용,여,72세,상해없음,보행자,여,66세,중상
2021031700100154,2021년 3월 17일 11시,수요일,서울특별시 동작구 상도동,경상사고,0,0,1,0,차대사람 - 기타,안전운전불이행,포장 - 건조,맑음,교차로 - 교차로안,승용,남,55세,상해없음,보행자,여,40세,경상
2021031700100185,2021년 3월 17일 12시,수요일,서울특별시 은평구 응암동,부상신고사고,0,0,0,1,차대사람 - 차도통행중,안전운전불이행,포장 - 건조,맑음,단일로 - 기타,승용,여,41세,상해없음,보행자,여,82세,부상신고
2021031700100186,2021년 3월 17일 12시,수요일,서울특별시 동대문구 이문동,경상사고,0,0,1,0,차대사람 - 횡단중,안전운전불이행,포장 - 건조,맑음,단일로 - 기타,승용,남,50세,상해없음,보행자,여,71세,경상
2021031700100189,2021년 3월 17일 12시,수요일,서울특별시 강남구 대치동,경상사고,0,0,1,0,차대사람 - 보도통행중,안전운전불이행,포장 - 건조,맑음,단일로 - 기타,승용,여,57세,상해없음,보행자,남,51세,경상
2021031700100253,2021년 3월 17일 14시,수요일,서울특별시 양천구 신정동,경상사고,0,0,1,0,차대사람 - 횡단중,보행자보호의무위반,포장 - 건조,맑음,단일로 - 기타,자전거,남,75세,상해없음,보행자,여,62세,경상
2021031700100289,2021년 3월 17일 15시,수요일,서울특별시 송파구 마천동,중상사고,0,1,0,0,차대사람 - 기타,안전운전불이행,포장 - 건조,맑음,단일로 - 기타,승용,여,52세,상해없음,보행자,여,83세,중상
2021031700100322,2021년 3월 17일 16시,수요일,서울특별시 강남구 압구정동,중상사고,0,2,0,0,차대사람 - 횡단중,보행자보호의무위반,포장 - 건조,맑음,교차로 - 교차로횡단보도내,승용,남,37세,상해없음,보행자,여,47세,중상
2021031700100361,2021년 3월 17일 17시,수요일,서울특별시 관악구 봉천동,중상사고,0,1,0,0,차대사람 - 횡단중,교차로운행방법위반,포장 - 건조,맑음,교차로 - 교차로안,화물,남,48세,상해없음,보행자,남,78세,중상
2021031700100405,2021년 3월 17일 18시,수요일,서울특별시 강서구 염창동,중상사고,0,1,0,0,차대사람 - 횡단중,안전운전불이행,포장 - 건조,맑음,교차로 - 교차로부근,승용,여,54세,상해없음,보행자,여,62세,중상
2021031700100411,2021년 3월 17일 18시,수요일,서울특별시 은평구 대조동,경상사고,0,0,1,0,차대사람 - 횡단중,안전운전불이행,포장 - 건조,맑음,교차로 - 교차로부근,승용,남,48세,상해없음,보행자,여,29세,경상
2021031700100445,2021년 3월 17일 19시,수요일,서울특별시 성북구 장위동,중상사고,0,1,0,0,차대사람 - 횡단중,보행자보호의무위반,포장 - 건조,맑음,교차로 - 교차로횡단보도내,승용,남,59세,상해없음,보행자,남,40세,중상
2021031700100518,2021년 3월 17일 21시,수요일,서울특별시 중랑구 망우동,경상사고,0,0,1,0,차대사람 - 횡단중,안전운전불이행,포장 - 건조,흐림,교차로 - 교차로횡단보도내,기타불명,기타불명,미분류,기타불명,보행자,여,51세,경상
2021031700100546,2021년 3월 17일 22시,수요일,서울특별시 동작구 신대방동,경상사고,0,0,1,0,차대사람 - 기타,안전운전불이행,포장 - 건조,맑음,단일로 - 기타,승용,남,30세,기타불명,보행자,남,20세,경상
2021031800100031,2021년 3월 18일 05시,목요일,서울특별시 양천구 신정동,중상사고,0,1,0,0,차대사람 - 횡단중,신호위반,포장 - 건조,맑음,교차로 - 교차로횡단보도내,화물,남,33세,상해없음,보행자,여,60세,중상
2021031800100077,2021년 3월 18일 08시,목요일,서울특별시 종로구 숭인동,경상사고,0,0,1,0,차대사람 - 횡단중,안전운전불이행,포장 - 건조,맑음,단일로 - 기타,승용,남,67세,상해없음,보행자,남,58세,경상
2021031800100110,2021년 3월 18일 09시,목요일,서울특별시 동대문구 용두동,중상사고,0,1,0,0,차대사람 - 횡단중,신호위반,포장 - 건조,맑음,단일로 - 기타,이륜,남,67세,상해없음,보행자,여,61세,중상
2021031800100181,2021년 3월 18일 12시,목요일,서울특별시 종로구 익선동,경상사고,0,0,1,0,차대사람 - 기타,신호위반,포장 - 건조,맑음,기타 - 기타,승용,여,37세,상해없음,보행자,남,66세,경상
2021031800100244,2021년 3월 18일 14시,목요일,서울특별시 중구 신당동,경상사고,0,0,1,0,차대사람 - 기타,안전운전불이행,포장 - 건조,맑음,단일로 - 기타,승용,남,50세,상해없음,보행자,여,67세,경상
2021031800100246,2021년 3월 18일 14시,목요일,서울특별시 성북구 삼선동3가,중상사고,0,1,0,0,차대사람 - 횡단중,보행자보호의무위반,포장 - 건조,맑음,단일로 - 기타,승용,여,71세,상해없음,보행자,남,8세,중상
2021031800100252,2021년 3월 18일 14시,목요일,서울특별시 강동구 명일동,경상사고,0,0,1,0,차대사람 - 보도통행중,기타,포장 - 건조,맑음,기타 - 기타,승용,남,37세,상해없음,보행자,남,69세,경상
2021031800100253,2021년 3월 18일 14시,목요일,서울특별시 노원구 중계동,부상신고사고,0,0,0,1,차대사람 - 기타,안전운전불이행,포장 - 건조,맑음,단일로 - 기타,기타불명,기타불명,미분류,기타불명,보행자,여,10세,부상신고
2021031800100283,2021년 3월 18일 15시,목요일,서울특별시 양천구 목동,중상사고,0,1,0,0,차대사람 - 기타,안전운전불이행,포장 - 건조,맑음,기타 - 기타,승합,남,31세,상해없음,보행자,여,41세,중상
2021031800100317,2021년 3월 18일 16시,목요일,서울특별시 강남구 개포동,경상사고,0,0,1,0,차대사람 - 기타,기타,포장 - 건조,맑음,단일로 - 기타,승용,여,53세,상해없음,보행자,남,46세,경상
2021031800100387,2021년 3월 18일 18시,목요일,서울특별시 영등포구 여의도동,경상사고,0,0,1,0,차대사람 - 횡단중,안전운전불이행,포장 - 건조,맑음,교차로 - 교차로부근,승용,여,37세,상해없음,보행자,남,33세,경상
2021031800100420,2021년 3월 18일 19시,목요일,서울특별시 강남구 역삼동,중상사고,0,1,0,0,차대사람 - 횡단중,보행자보호의무위반,포장 - 건조,맑음,교차로 - 교차로횡단보도내,승용,남,66세,상해없음,보행자,남,69세,중상
2021031800100494,2021년 3월 18일 22시,목요일,서울특별시 관악구 신림동,중상사고,0,1,0,0,차대사람 - 기타,안전운전불이행,포장 - 건조,맑음,교차로 - 교차로부근,승용,여,46세,상해없음,보행자,여,21세,중상
2021031900100028,2021년 3월 19일 05시,금요일,서울특별시 동작구 사당동,중상사고,0,1,1,0,차대사람 - 횡단중,보행자보호의무위반,포장 - 건조,맑음,교차로 - 교차로횡단보도내,승용,남,53세,상해없음,보행자,여,60세,중상
2021031900100039,2021년 3월 19일 06시,금요일,서울특별시 서초구 잠원동,중상사고,0,1,0,0,차대사람 - 횡단중,보행자보호의무위반,포장 - 건조,맑음,교차로 - 교차로횡단보도내,승용,남,30세,상해없음,보행자,남,52세,중상
2021031900100064,2021년 3월 19일 08시,금요일,서울특별시 금천구 가산동,중상사고,0,1,0,0,차대사람 - 기타,보행자보호의무위반,포장 - 건조,맑음,교차로 - 교차로안,승용,남,52세,상해없음,보행자,남,27세,중상
2021031900100066,2021년 3월 19일 08시,금요일,서울특별시 동작구 상도동,경상사고,0,0,1,0,차대사람 - 길가장자리구역통행중,안전운전불이행,포장 - 건조,맑음,교차로 - 교차로부근,화물,남,40세,상해없음,보행자,남,73세,경상
2021031900100104,2021년 3월 19일 09시,금요일,서울특별시 광진구 광장동,중상사고,0,1,0,0,차대사람 - 기타,안전운전불이행,포장 - 건조,맑음,교차로 - 교차로안,승용,남,69세,상해없음,보행자,남,3세,중상
2021031900100107,2021년 3월 19일 09시,금요일,서울특별시 구로구 가리봉동,경상사고,0,0,1,0,차대사람 - 기타,안전운전불이행,포장 - 건조,맑음,단일로 - 기타,특수,남,29세,상해없음,보행자,남,50세,경상
2021031900100128,2021년 3월 19일 10시,금요일,서울특별시 서대문구 연희동,경상사고,0,0,1,0,차대사람 - 횡단중,신호위반,포장 - 건조,맑음,단일로 - 기타,화물,남,67세,상해없음,보행자,남,47세,경상
2021031900100129,2021년 3월 19일 10시,금요일,서울특별시 용산구 용산동2가,중상사고,0,2,0,0,차대사람 - 기타,안전운전불이행,포장 - 건조,맑음,기타 - 기타,승합,남,63세,중상,보행자,여,74세,중상
2021031900100131,2021년 3월 19일 10시,금요일,서울특별시 영등포구 양평동3가,경상사고,0,0,1,0,차대사람 - 횡단중,보행자보호의무위반,포장 - 건조,맑음,단일로 - 기타,승용,남,46세,상해없음,보행자,여,38세,경상
2021031900100167,2021년 3월 19일 11시,금요일,서울특별시 강동구 성내동,경상사고,0,0,1,0,차대사람 - 기타,안전운전불이행,포장 - 건조,맑음,교차로 - 교차로안,승용,남,36세,상해없음,보행자,여,76세,경상
2021031900100195,2021년 3월 19일 12시,금요일,서울특별시 성동구 상왕십리동,사망사고,1,0,0,0,차대사람 - 횡단중,보행자보호의무위반,포장 - 건조,맑음,교차로 - 교차로안,건설기계,남,55세,상해없음,보행자,남,65세,사망
2021031900100198,2021년 3월 19일 12시,금요일,서울특별시 강남구 자곡동,경상사고,0,0,1,0,차대사람 - 기타,안전운전불이행,포장 - 건조,맑음,단일로 - 기타,승용,남,63세,상해없음,보행자,남,35세,경상
2021031900100233,2021년 3월 19일 13시,금요일,서울특별시 양천구 신월동,중상사고,0,1,0,0,차대사람 - 차도통행중,안전운전불이행,포장 - 건조,맑음,단일로 - 기타,원동기,남,36세,상해없음,보행자,남,61세,중상
2021031900100271,2021년 3월 19일 14시,금요일,서울특별시 강남구 수서동,경상사고,0,0,1,0,차대사람 - 차도통행중,안전운전불이행,포장 - 건조,맑음,단일로 - 기타,승용,여,76세,상해없음,보행자,여,78세,경상
2021031900100296,2021년 3월 19일 15시,금요일,서울특별시 광진구 군자동,경상사고,0,0,1,0,차대사람 - 차도통행중,안전운전불이행,포장 - 건조,맑음,교차로 - 교차로안,승용,여,47세,상해없음,보행자,남,58세,경상
2021031900100297,2021년 3월 19일 15시,금요일,서울특별시 영등포구 당산동4가,중상사고,0,1,0,0,차대사람 - 횡단중,보행자보호의무위반,포장 - 건조,맑음,단일로 - 기타,화물,남,54세,상해없음,보행자,여,33세,중상
2021031900100304,2021년 3월 19일 15시,금요일,서울특별시 서초구 방배동,경상사고,0,0,1,0,차대사람 - 기타,안전운전불이행,포장 - 건조,맑음,단일로 - 기타,승용,여,37세,상해없음,보행자,남,77세,경상
2021031900100352,2021년 3월 19일 16시,금요일,서울특별시 강동구 암사동,경상사고,0,0,1,0,차대사람 - 기타,기타,포장 - 건조,맑음,단일로 - 기타,개인형이동수단(PM),여,15세,기타불명,보행자,여,70세,경상
2021031900100354,2021년 3월 19일 16시,금요일,서울특별시 송파구 거여동,경상사고,0,0,1,0,차대사람 - 길가장자리구역통행중,안전운전불이행,포장 - 건조,맑음,단일로 - 기타,화물,남,49세,상해없음,보행자,남,54세,경상
2021031900100390,2021년 3월 19일 17시,금요일,서울특별시 금천구 시흥동,경상사고,0,0,1,0,차대사람 - 기타,기타,포장 - 건조,맑음,단일로 - 기타,승합,남,43세,상해없음,보행자,여,42세,경상
2021031900100436,2021년 3월 19일 18시,금요일,서울특별시 송파구 잠실동,중상사고,0,1,0,0,차대사람 - 횡단중,보행자보호의무위반,포장 - 건조,맑음,단일로 - 기타,승용,여,65세,상해없음,보행자,여,38세,중상
2021031900100527,2021년 3월 19일 20시,금요일,서울특별시 중구 신당동,경상사고,0,0,1,0,차대사람 - 기타,안전운전불이행,포장 - 건조,흐림,단일로 - 기타,승용,남,26세,상해없음,보행자,여,67세,경상
2021031900100533,2021년 3월 19일 20시,금요일,서울특별시 양천구 신정동,중상사고,0,1,0,0,차대사람 - 기타,신호위반,포장 - 건조,맑음,교차로 - 교차로부근,이륜,남,59세,상해없음,보행자,남,70세,중상
2021031900100534,2021년 3월 19일 20시,금요일,서울특별시 도봉구 방학동,경상사고,0,0,1,0,차대사람 - 횡단중,신호위반,포장 - 건조,맑음,교차로 - 교차로횡단보도내,원동기,남,17세,상해없음,보행자,남,25세,경상
2021031900100571,2021년 3월 19일 21시,금요일,서울특별시 성북구 동소문동6가,경상사고,0,0,1,0,차대사람 - 기타,안전운전불이행,포장 - 건조,맑음,단일로 - 기타,승용,남,61세,상해없음,보행자,여,26세,경상
2021031900100576,2021년 3월 19일 21시,금요일,서울특별시 강남구 대치동,부상신고사고,0,0,0,1,차대사람 - 보도통행중,안전운전불이행,포장 - 건조,맑음,단일로 - 기타,기타불명,기타불명,미분류,기타불명,보행자,여,15세,부상신고
2021031900100601,2021년 3월 19일 22시,금요일,서울특별시 종로구 홍파동,경상사고,0,0,1,0,차대사람 - 보도통행중,기타,포장 - 건조,맑음,기타 - 기타,이륜,남,22세,상해없음,보행자,남,71세,경상
2021031900100602,2021년 3월 19일 22시,금요일,서울특별시 동대문구 답십리동,경상사고,0,0,1,0,차대사람 - 기타,안전운전불이행,포장 - 건조,맑음,교차로 - 교차로안,승용,여,40세,상해없음,보행자,남,64세,경상
2021032000100040,2021년 3월 20일 06시,토요일,서울특별시 강서구 내발산동,중상사고,0,1,0,0,차대사람 - 횡단중,안전운전불이행,포장 - 건조,흐림,교차로 - 교차로횡단보도내,승용,여,53세,상해없음,보행자,여,78세,중상
2021032000100041,2021년 3월 20일 06시,토요일,서울특별시 송파구 거여동,경상사고,0,0,1,1,차대사람 - 보도통행중,기타,포장 - 건조,맑음,교차로 - 교차로안,자전거,남,41세,부상신고,보행자,여,72세,경상
2021032000100052,2021년 3월 20일 07시,토요일,서울특별시 동대문구 청량리동,사망사고,1,0,0,0,차대사람 - 횡단중,안전운전불이행,포장 - 건조,흐림,교차로 - 교차로부근,승합,남,42세,상해없음,보행자,여,83세,사망
2021032000100060,2021년 3월 20일 08시,토요일,서울특별시 종로구 이화동,경상사고,0,0,1,0,차대사람 - 기타,신호위반,포장 - 젖음/습기,비,단일로 - 기타,화물,남,60세,상해없음,보행자,남,60세,경상
2021032000100061,2021년 3월 20일 08시,토요일,서울특별시 동대문구 휘경동,경상사고,0,0,1,0,차대사람 - 기타,보행자보호의무위반,포장 - 건조,맑음,기타 - 기타,승용,남,73세,상해없음,보행자,남,61세,경상
2021032000100075,2021년 3월 20일 09시,토요일,서울특별시 광진구 자양동,중상사고,0,1,0,0,차대사람 - 기타,안전운전불이행,포장 - 젖음/습기,비,단일로 - 기타,화물,남,59세,상해없음,보행자,여,90세,중상
2021032000100091,2021년 3월 20일 10시,토요일,서울특별시 송파구 장지동,중상사고,0,1,0,0,차대사람 - 기타,안전운전불이행,포장 - 건조,맑음,기타 - 기타,화물,남,49세,상해없음,보행자,남,38세,중상
2021032000100113,2021년 3월 20일 11시,토요일,서울특별시 노원구 상계동,경상사고,0,0,1,0,차대사람 - 길가장자리구역통행중,안전운전불이행,포장 - 젖음/습기,비,기타 - 기타,승용,남,38세,상해없음,보행자,여,24세,경상
2021032000100145,2021년 3월 20일 12시,토요일,서울특별시 마포구 아현동,중상사고,0,1,0,0,차대사람 - 차도통행중,안전운전불이행,포장 - 젖음/습기,비,교차로 - 교차로안,승용,여,33세,상해없음,보행자,여,66세,중상
2021032000100178,2021년 3월 20일 13시,토요일,서울특별시 동대문구 신설동,경상사고,0,0,1,0,차대사람 - 기타,안전운전불이행,포장 - 젖음/습기,비,단일로 - 기타,승용,남,37세,상해없음,보행자,남,63세,경상
2021032000100180,2021년 3월 20일 13시,토요일,서울특별시 동작구 노량진동,경상사고,0,0,1,0,차대사람 - 기타,안전운전불이행,포장 - 젖음/습기,흐림,교차로 - 교차로부근,화물,남,38세,상해없음,보행자,여,28세,경상
2021032000100181,2021년 3월 20일 13시,토요일,서울특별시 관악구 남현동,경상사고,0,0,1,0,차대사람 - 기타,안전운전불이행,포장 - 젖음/습기,흐림,기타 - 기타,승용,남,30세,상해없음,보행자,여,24세,경상
2021032000100260,2021년 3월 20일 15시,토요일,서울특별시 강남구 청담동,중상사고,0,1,0,0,차대사람 - 기타,안전운전불이행,포장 - 건조,맑음,단일로 - 기타,승용,남,61세,상해없음,보행자,여,31세,중상
2021032000100263,2021년 3월 20일 15시,토요일,서울특별시 구로구 고척동,중상사고,0,1,0,0,차대사람 - 보도통행중,안전운전불이행,포장 - 젖음/습기,비,교차로 - 교차로안,승용,여,27세,상해없음,보행자,여,57세,중상
2021032000100313,2021년 3월 20일 17시,토요일,서울특별시 강남구 도곡동,경상사고,0,0,1,0,차대사람 - 횡단중,안전운전불이행,포장 - 건조,맑음,교차로 - 교차로안,화물,남,59세,상해없음,보행자,여,8세,경상
2021032000100344,2021년 3월 20일 18시,토요일,서울특별시 종로구 숭인동,부상신고사고,0,0,0,1,차대사람 - 기타,안전운전불이행,포장 - 건조,맑음,단일로 - 기타,승용,남,51세,상해없음,보행자,남,45세,부상신고
2021032000100345,2021년 3월 20일 18시,토요일,서울특별시 용산구 이태원동,경상사고,0,0,1,0,차대사람 - 횡단중,신호위반,포장 - 건조,맑음,단일로 - 기타,승용,남,72세,상해없음,보행자,남,78세,경상
2021032000100413,2021년 3월 20일 20시,토요일,서울특별시 마포구 동교동,경상사고,0,0,1,0,차대사람 - 횡단중,신호위반,포장 - 건조,맑음,단일로 - 기타,원동기,남,26세,상해없음,보행자,남,31세,경상
2021032000100455,2021년 3월 20일 21시,토요일,서울특별시 은평구 갈현동,경상사고,0,0,1,0,차대사람 - 차도통행중,안전운전불이행,포장 - 건조,맑음,단일로 - 기타,승합,남,74세,상해없음,보행자,남,60세,경상
2021032000100474,2021년 3월 20일 22시,토요일,서울특별시 광진구 구의동,경상사고,0,0,1,0,차대사람 - 차도통행중,안전운전불이행,포장 - 건조,맑음,단일로 - 기타,승용,여,40세,상해없음,보행자,여,49세,경상
2021032000100478,2021년 3월 20일 22시,토요일,서울특별시 성동구 도선동,경상사고,0,0,1,0,차대사람 - 길가장자리구역통행중,안전운전불이행,포장 - 건조,맑음,단일로 - 기타,이륜,남,28세,상해없음,보행자,여,24세,경상
2021032000100481,2021년 3월 20일 22시,토요일,서울특별시 도봉구 창동,경상사고,0,0,1,0,차대사람 - 횡단중,안전운전불이행,포장 - 건조,맑음,교차로 - 교차로횡단보도내,승용,남,63세,상해없음,보행자,남,69세,경상