사고번호,사고일시,요일,시군구,사고내용,사망자수,중상자수,경상자수,부상신고자수,사고유형,법규위반,노면상태,기상상태,도로형태,가해운전자 차종,가해운전자 성별,가해운전자 연령,가해운전자 상해정도,피해운전자 차종,피해운전자 성별,피해운전자 연령,피해운전자 상해정도
2021032600100399,2021년 3월 26일 17시,금요일,서울특별시 노원구 상계동,경상사고,0,0,1,0,차대사람 - 차도통행중,안전운전불이행,포장 - 건조,맑음,단일로 - 기타,화물,남,69세,상해없음,보행자,남,27세,경상
2021032600100451,2021년 3월 26일 18시,금요일,서울특별시 노원구 중계동,경상사고,0,0,1,0,차대사람 - 횡단중,보행자보호의무위반,포장 - 건조,맑음,교차로 - 교차로안,화물,남,31세,상해없음,보행자,남,58세,경상
2021032600100488,2021년 3월 26일 19시,금요일,서울특별시 서대문구 연희동,중상사고,0,1,0,0,차대사람 - 횡단중,안전운전불이행,포장 - 건조,맑음,교차로 - 교차로횡단보도내,승합,남,68세,상해없음,보행자,여,94세,중상
2021032600100491,2021년 3월 26일 19시,금요일,서울특별시 금천구 시흥동,경상사고,0,0,1,0,차대사람 - 횡단중,신호위반,포장 - 건조,맑음,교차로 - 교차로횡단보도내,이륜,남,17세,상해없음,보행자,여,22세,경상
2021032600100537,2021년 3월 26일 20시,금요일,서울특별시 동대문구 청량리동,부상신고사고,0,0,0,1,차대사람 - 차도통행중,안전운전불이행,포장 - 건조,맑음,기타 - 기타,화물,남,43세,상해없음,보행자,여,66세,부상신고
2021032600100538,2021년 3월 26일 20시,금요일,서울특별시 영등포구 여의도동,경상사고,0,0,1,0,차대사람 - 횡단중,안전운전불이행,포장 - 건조,맑음,교차로 - 교차로안,화물,남,57세,상해없음,보행자,여,25세,경상
2021032600100539,2021년 3월 26일 20시,금요일,서울특별시 금천구 시흥동,경상사고,0,0,1,0,차대사람 - 기타,안전운전불이행,포장 - 건조,맑음,단일로 - 기타,승용,남,24세,상해없음,보행자,남,29세,경상
2021032600100541,2021년 3월 26일 20시,금요일,서울특별시 도봉구 쌍문동,중상사고,0,1,0,0,차대사람 - 기타,안전운전불이행,포장 - 건조,맑음,단일로 - 기타,이륜,기타불명,미분류,기타불명,보행자,남,48세,중상
2021032600100615,2021년 3월 26일 22시,금요일,서울특별시 강남구 역삼동,경상사고,0,0,1,0,차대사람 - 기타,안전운전불이행,포장 - 건조,맑음,단일로 - 기타,승용,남,28세,상해없음,보행자,남,37세,경상
2021032600100618,2021년 3월 26일 22시,금요일,서울특별시 서초구 반포동,중상사고,0,1,0,0,차대사람 - 기타,안전운전불이행,포장 - 건조,맑음,기타 - 기타,승용,남,53세,기타불명,보행자,남,43세,중상
2021032600100636,2021년 3월 26일 23시,금요일,서울특별시 서초구 서초동,중상사고,0,1,0,0,차대사람 - 횡단중,안전운전불이행,포장 - 건조,맑음,단일로 - 기타,승용,남,70세,상해없음,보행자,남,24세,중상
2021032700100049,2021년 3월 27일 05시,토요일,서울특별시 구로구 가리봉동,부상신고사고,0,0,0,1,차대사람 - 기타,불법유턴,포장 - 건조,맑음,기타 - 기타,승합,남,49세,상해없음,보행자,남,62세,부상신고
2021032700100058,2021년 3월 27일 06시,토요일,서울특별시 은평구 수색동,경상사고,0,0,1,0,차대사람 - 횡단중,안전운전불이행,포장 - 건조,맑음,단일로 - 기타,원동기,여,49세,상해없음,보행자,남,23세,경상
2021032700100253,2021년 3월 27일 14시,토요일,서울특별시 서초구 서초동,경상사고,0,0,1,0,차대사람 - 차도통행중,안전운전불이행,포장 - 젖음/습기,비,단일로 - 기타,승용,여,31세,상해없음,보행자,여,22세,경상
2021032700100291,2021년 3월 27일 15시,토요일,서울특별시 마포구 합정동,경상사고,0,0,1,0,차대사람 - 기타,안전운전불이행,포장 - 젖음/습기,비,교차로 - 교차로안,승용,남,60세,상해없음,보행자,여,33세,경상
2021032700100304,2021년 3월 27일 15시,토요일,서울특별시 서초구 반포동,경상사고,0,0,1,0,차대사람 - 횡단중,보행자보호의무위반,포장 - 젖음/습기,비,교차로 - 교차로횡단보도내,승용,여,60세,상해없음,보행자,남,47세,경상
2021032700100387,2021년 3월 27일 17시,토요일,서울특별시 도봉구 쌍문동,중상사고,0,1,0,0,차대사람 - 횡단중,안전운전불이행,포장 - 젖음/습기,비,교차로 - 교차로안,승용,여,59세,상해없음,보행자,여,65세,중상
2021032700100431,2021년 3월 27일 18시,토요일,서울특별시 강남구 역삼동,경상사고,0,0,1,0,차대사람 - 기타,안전운전불이행,포장 - 젖음/습기,비,주차장 - 주차장,승용,남,28세,상해없음,보행자,남,53세,경상
2021032700100433,2021년 3월 27일 18시,토요일,서울특별시 서초구 방배동,중상사고,0,1,0,0,차대사람 - 길가장자리구역통행중,안전운전불이행,포장 - 젖음/습기,비,교차로 - 교차로부근,승용,남,65세,상해없음,보행자,여,70세,중상
2021032700100476,2021년 3월 27일 19시,토요일,서울특별시 동대문구 휘경동,경상사고,0,0,1,0,차대사람 - 횡단중,보행자보호의무위반,포장 - 젖음/습기,비,교차로 - 교차로부근,승용,여,28세,상해없음,보행자,여,16세,경상
2021032700100477,2021년 3월 27일 19시,토요일,서울특별시 영등포구 당산동1가,중상사고,0,1,0,0,차대사람 - 기타,안전운전불이행,포장 - 건조,맑음,교차로 - 교차로부근,승합,남,45세,기타불명,보행자,남,65세,중상
2021032700100526,2021년 3월 27일 20시,토요일,서울특별시 서대문구 홍제동,경상사고,0,0,1,0,차대사람 - 횡단중,보행자보호의무위반,포장 - 젖음/습기,비,단일로 - 기타,승용,남,36세,상해없음,보행자,여,27세,경상
2021032700100530,2021년 3월 27일 20시,토요일,서울특별시 노원구 월계동,중상사고,0,1,0,0,차대사람 - 횡단중,보행자보호의무위반,포장 - 젖음/습기,비,단일로 - 기타,승용,남,52세,상해없음,보행자,남,68세,중상
2021032700100569,2021년 3월 27일 21시,토요일,서울특별시 종로구 평창동,중상사고,0,1,0,0,차대사람 - 기타,신호위반,포장 - 건조,맑음,단일로 - 기타,승용,여,71세,상해없음,보행자,여,54세,중상
2021032700100572,2021년 3월 27일 21시,토요일,서울특별시 강북구 수유동,부상신고사고,0,0,0,1,차대사람 - 길가장자리구역통행중,안전운전불이행,포장 - 젖음/습기,비,단일로 - 기타,승용,남,31세,상해없음,보행자,남,59세,부상신고
2021032700100573,2021년 3월 27일 21시,토요일,서울특별시 영등포구 신길동,경상사고,0,0,1,0,차대사람 - 차도통행중,안전운전불이행,포장 - 젖음/습기,비,교차로 - 교차로부근,기타불명,기타불명,미분류,기타불명,보행자,남,27세,경상
2021032700100609,2021년 3월 27일 22시,토요일,서울특별시 용산구 이태원동,경상사고,0,0,1,0,차대사람 - 기타,안전운전불이행,포장 - 건조,맑음,단일로 - 기타,승용,남,52세,상해없음,보행자,남,27세,경상
2021032700100614,2021년 3월 27일 22시,토요일,서울특별시 구로구 구로동,경상사고,0,0,1,0,차대사람 - 보도통행중,기타,포장 - 젖음/습기,비,단일로 - 기타,자전거,여,63세,상해없음,보행자,남,70세,경상
2021032700100650,2021년 3월 27일 23시,토요일,서울특별시 중랑구 면목동,경상사고,0,0,1,0,차대사람 - 횡단중,신호위반,포장 - 젖음/습기,비,단일로 - 기타,이륜,남,30세,기타불명,보행자,여,53세,경상
2021032800100002,2021년 3월 28일 00시,일요일,서울특별시 구로구 구로동,중상사고,0,1,0,0,차대사람 - 횡단중,안전운전불이행,포장 - 젖음/습기,맑음,단일로 - 기타,이륜,남,19세,상해없음,보행자,여,47세,중상
2021032800100006,2021년 3월 28일 00시,일요일,서울특별시 서초구 신원동,사망사고,1,1,0,0,차대사람 - 기타,과속,포장 - 젖음/습기,비,기타 - 기타,승용,남,52세,중상,보행자,남,33세,사망
2021032800100025,2021년 3월 28일 01시,일요일,서울특별시 강남구 세곡동,경상사고,0,0,1,0,차대사람 - 횡단중,보행자보호의무위반,포장 - 젖음/습기,비,교차로 - 교차로횡단보도내,승용,남,50세,상해없음,보행자,남,48세,경상
2021032800100052,2021년 3월 28일 03시,일요일,서울특별시 송파구 삼전동,중상사고,0,1,1,0,차대사람 - 횡단중,신호위반,포장 - 젖음/습기,비,교차로 - 교차로횡단보도내,이륜,남,23세,경상,보행자,남,55세,중상
2021032800100067,2021년 3월 28일 05시,일요일,서울특별시 중구 신당동,중상사고,0,1,0,0,차대사람 - 차도통행중,안전운전불이행,포장 - 건조,맑음,단일로 - 기타,승용,남,55세,상해없음,보행자,남,24세,중상
2021032800100088,2021년 3월 28일 09시,일요일,서울특별시 강남구 역삼동,경상사고,0,0,1,0,차대사람 - 기타,안전운전불이행,포장 - 건조,맑음,단일로 - 기타,승용,남,32세,기타불명,보행자,남,27세,경상
2021032800100090,2021년 3월 28일 09시,일요일,서울특별시 노원구 공릉동,경상사고,0,0,1,0,차대사람 - 횡단중,보행자보호의무위반,포장 - 건조,맑음,교차로 - 교차로부근,승합,남,58세,상해없음,보행자,남,63세,경상
2021032800100103,2021년 3월 28일 10시,일요일,서울특별시 성북구 하월곡동,경상사고,0,0,1,0,차대사람 - 기타,안전운전불이행,포장 - 젖음/습기,비,단일로 - 기타,승용,여,24세,기타불명,보행자,남,58세,경상
2021032800100272,2021년 3월 28일 16시,일요일,서울특별시 동대문구 장안동,경상사고,0,0,1,0,차대사람 - 차도통행중,안전운전불이행,포장 - 건조,맑음,단일로 - 기타,사륜오토바이(ATV),여,68세,상해없음,보행자,남,43세,경상
2021032800100326,2021년 3월 28일 18시,일요일,서울특별시 강북구 수유동,경상사고,0,0,1,0,차대사람 - 기타,안전운전불이행,포장 - 건조,맑음,단일로 - 기타,승용,남,49세,상해없음,보행자,남,40세,경상
2021032800100393,2021년 3월 28일 21시,일요일,서울특별시 강서구 공항동,경상사고,0,0,1,0,차대사람 - 횡단중,안전운전불이행,포장 - 건조,맑음,단일로 - 기타,승용,남,58세,상해없음,보행자,여,29세,경상
2021032800100414,2021년 3월 28일 22시,일요일,서울특별시 중랑구 면목동,경상사고,0,0,1,0,차대사람 - 기타,안전운전불이행,포장 - 젖음/습기,비,단일로 - 기타,승용,남,49세,상해없음,보행자,여,76세,상해없음
2021032800100436,2021년 3월 28일 23시,일요일,서울특별시 송파구 오금동,경상사고,0,0,1,0,차대사람 - 차도통행중,안전운전불이행,포장 - 젖음/습기,비,교차로 - 교차로안,기타불명,기타불명,미분류,기타불명,보행자,여,29세,경상
2021032800100437,2021년 3월 28일 23시,일요일,서울특별시 서초구 서초동,중상사고,0,1,0,0,차대사람 - 횡단중,보행자보호의무위반,포장 - 젖음/습기,비,교차로 - 교차로횡단보도내,화물,남,38세,상해없음,보행자,남,28세,중상
2021032900100006,2021년 3월 29일 01시,월요일,서울특별시 강서구 화곡동,중상사고,0,1,0,0,차대사람 - 기타,안전운전불이행,포장 - 젖음/습기,비,단일로 - 기타,화물,남,52세,상해없음,보행자,남,51세,중상
2021032900100042,2021년 3월 29일 07시,월요일,서울특별시 강서구 등촌동,경상사고,0,0,1,0,차대사람 - 횡단중,보행자보호의무위반,포장 - 건조,맑음,교차로 - 교차로부근,승용,여,61세,상해없음,보행자,남,30세,경상
2021032900100078,2021년 3월 29일 08시,월요일,서울특별시 강북구 우이동,경상사고,0,0,1,0,차대사람 - 기타,안전운전불이행,포장 - 건조,맑음,단일로 - 기타,승합,남,58세,상해없음,보행자,여,68세,경상
2021032900100081,2021년 3월 29일 08시,월요일,서울특별시 중랑구 면목동,중상사고,0,1,0,0,차대사람 - 기타,안전운전불이행,포장 - 건조,맑음,단일로 - 기타,승용,여,46세,상해없음,보행자,남,25세,중상
2021032900100128,2021년 3월 29일 09시,월요일,서울특별시 구로구 개봉동,경상사고,0,0,1,0,차대사람 - 기타,안전운전불이행,포장 - 건조,맑음,기타 - 기타,승용,여,35세,상해없음,보행자,남,27세,경상
2021032900100162,2021년 3월 29일 10시,월요일,서울특별시 관악구 신림동,경상사고,0,0,1,0,차대사람 - 기타,안전운전불이행,포장 - 건조,맑음,기타 - 기타,승용,남,38세,상해없음,보행자,남,26세,경상
2021032900100165,2021년 3월 29일 10시,월요일,서울특별시 노원구 상계동,중상사고,0,1,0,0,차대사람 - 횡단중,보행자보호의무위반,포장 - 건조,맑음,교차로 - 교차로횡단보도내,화물,여,60세,상해없음,보행자,여,55세,중상
2021032900100201,2021년 3월 29일 11시,월요일,서울특별시 광진구 화양동,경상사고,0,0,1,0,차대사람 - 기타,안전운전불이행,포장 - 건조,맑음,단일로 - 기타,이륜,남,24세,상해없음,보행자,여,71세,경상
2021032900100276,2021년 3월 29일 13시,월요일,서울특별시 중구 흥인동,중상사고,0,1,0,0,차대사람 - 기타,안전운전불이행,포장 - 건조,맑음,교차로 - 교차로부근,승용,여,30세,상해없음,보행자,남,67세,중상
2021032900100280,2021년 3월 29일 13시,월요일,서울특별시 노원구 중계동,중상사고,0,1,0,1,차대사람 - 횡단중,안전운전불이행,포장 - 건조,맑음,교차로 - 교차로안,이륜,남,36세,부상신고,보행자,여,22세,중상
2021032900100314,2021년 3월 29일 14시,월요일,서울특별시 서초구 방배동,중상사고,0,1,0,0,차대사람 - 기타,기타,포장 - 건조,맑음,단일로 - 기타,승용,남,40세,상해없음,보행자,여,9세,중상
2021032900100315,2021년 3월 29일 14시,월요일,서울특별시 강남구 일원동,경상사고,0,0,1,0,차대사람 - 횡단중,보행자보호의무위반,포장 - 건조,맑음,교차로 - 교차로안,승용,남,65세,상해없음,보행자,여,33세,경상
2021032900100340,2021년 3월 29일 15시,월요일,서울특별시 강북구 번동,중상사고,0,1,0,0,차대사람 - 기타,안전운전불이행,포장 - 건조,맑음,단일로 - 기타,화물,남,64세,상해없음,보행자,남,29세,중상
2021032900100374,2021년 3월 29일 16시,월요일,서울특별시 중랑구 중화동,경상사고,0,0,1,0,차대사람 - 기타,안전운전불이행,포장 - 건조,맑음,교차로 - 교차로안,화물,남,55세,상해없음,보행자,여,53세,경상
2021032900100401,2021년 3월 29일 17시,월요일,서울특별시 영등포구 도림동,중상사고,0,1,0,0,차대사람 - 횡단중,안전운전불이행,포장 - 건조,맑음,교차로 - 교차로안,화물,남,52세,상해없음,보행자,남,75세,중상
2021032900100402,2021년 3월 29일 17시,월요일,서울특별시 송파구 잠실동,경상사고,0,0,1,0,차대사람 - 기타,신호위반,포장 - 건조,맑음,교차로 - 교차로횡단보도내,승용,남,67세,상해없음,보행자,남,31세,경상
2021032900100439,2021년 3월 29일 18시,월요일,서울특별시 서대문구 신촌동,경상사고,0,0,1,0,차대사람 - 횡단중,신호위반,포장 - 건조,맑음,단일로 - 기타,승용,여,58세,상해없음,보행자,여,21세,경상
2021032900100440,2021년 3월 29일 18시,월요일,서울특별시 은평구 증산동,경상사고,0,0,1,0,차대사람 - 길가장자리구역통행중,안전운전불이행,포장 - 건조,맑음,단일로 - 기타,승용,남,35세,상해없음,보행자,남,63세,경상
2021032900100448,2021년 3월 29일 18시,월요일,서울특별시 강남구 대치동,중상사고,0,1,0,0,차대사람 - 횡단중,보행자보호의무위반,포장 - 건조,맑음,교차로 - 교차로부근,승용,남,57세,상해없음,보행자,남,28세,중상
2021032900100489,2021년 3월 29일 19시,월요일,서울특별시 중랑구 면목동,경상사고,0,0,1,0,차대사람 - 기타,보행자보호의무위반,포장 - 건조,맑음,단일로 - 기타,승용,남,48세,상해없음,보행자,여,17세,경상
2021032900100490,2021년 3월 29일 19시,월요일,서울특별시 강남구 신사동,경상사고,0,0,1,0,차대사람 - 기타,기타,포장 - 건조,맑음,기타 - 기타,개인형이동수단(PM),남,13세,상해없음,보행자,여,40세,경상
2021032900100519,2021년 3월 29일 20시,월요일,서울특별시 송파구 가락동,경상사고,0,0,1,0,차대사람 - 기타,안전운전불이행,포장 - 건조,흐림,교차로 - 교차로안,승용,남,48세,상해없음,보행자,남,44세,경상
2021032900100521,2021년 3월 29일 20시,월요일,서울특별시 강남구 대치동,경상사고,0,0,1,1,차대사람 - 기타,안전운전불이행,포장 - 건조,맑음,교차로 - 교차로안,승용,남,61세,상해없음,보행자,여,17세,경상
2021032900100541,2021년 3월 29일 21시,월요일,서울특별시 은평구 구산동,중상사고,0,1,0,0,차대사람 - 기타,안전운전불이행,포장 - 건조,맑음,단일로 - 기타,승용,남,61세,상해없음,보행자,여,65세,중상
2021032900100569,2021년 3월 29일 22시,월요일,서울특별시 용산구 한강로1가,중상사고,0,1,0,0,차대사람 - 차도통행중,안전운전불이행,포장 - 건조,맑음,단일로 - 기타,승합,남,55세,상해없음,보행자,남,28세,중상
2021032900100570,2021년 3월 29일 22시,월요일,서울특별시 용산구 원효로4가,경상사고,0,0,1,0,차대사람 - 차도통행중,안전운전불이행,포장 - 건조,맑음,단일로 - 기타,화물,남,47세,상해없음,보행자,남,71세,경상
2021033000100002,2021년 3월 30일 00시,화요일,서울특별시 중랑구 면목동,경상사고,0,0,1,0,차대사람 - 횡단중,신호위반,포장 - 건조,기타,교차로 - 교차로부근,승용,남,26세,기타불명,보행자,여,57세,경상
2021033000100034,2021년 3월 30일 05시,화요일,서울특별시 용산구 이태원동,중상사고,0,1,0,0,차대사람 - 기타,기타,포장 - 건조,맑음,단일로 - 기타,화물,남,35세,상해없음,보행자,남,83세,중상
2021033000100043,2021년 3월 30일 06시,화요일,서울특별시 송파구 송파동,중상사고,0,1,0,0,차대사람 - 횡단중,보행자보호의무위반,포장 - 건조,맑음,교차로 - 교차로부근,승용,남,45세,상해없음,보행자,여,70세,중상
2021033000100044,2021년 3월 30일 06시,화요일,서울특별시 구로구 고척동,경상사고,0,0,1,0,차대사람 - 차도통행중,안전운전불이행,포장 - 건조,맑음,교차로 - 교차로안,승용,남,56세,상해없음,보행자,여,56세,경상
2021033000100045,2021년 3월 30일 06시,화요일,서울특별시 노원구 하계동,경상사고,0,0,1,0,차대사람 - 횡단중,보행자보호의무위반,포장 - 건조,맑음,교차로 - 교차로횡단보도내,승용,남,61세,상해없음,보행자,여,45세,경상
2021033000100085,2021년 3월 30일 08시,화요일,서울특별시 마포구 망원동,중상사고,0,1,0,0,차대사람 - 차도통행중,안전운전불이행,포장 - 건조,맑음,교차로 - 교차로안,승용,여,44세,상해없음,보행자,여,78세,중상
2021033000100086,2021년 3월 30일 08시,화요일,서울특별시 영등포구 양평동2가,중상사고,0,1,0,0,차대사람 - 횡단중,안전운전불이행,포장 - 건조,맑음,교차로 - 교차로안,이륜,남,39세,상해없음,보행자,여,61세,중상
2021033000100091,2021년 3월 30일 08시,화요일,서울특별시 성북구 하월곡동,경상사고,0,0,1,0,차대사람 - 길가장자리구역통행중,안전운전불이행,포장 - 건조,맑음,단일로 - 기타,승용,여,44세,상해없음,보행자,남,36세,경상
2021033000100131,2021년 3월 30일 09시,화요일,서울특별시 동대문구 용두동,중상사고,0,1,0,0,차대사람 - 횡단중,보행자보호의무위반,포장 - 건조,맑음,단일로 - 기타,승용,남,28세,상해없음,보행자,여,36세,중상
2021033000100134,2021년 3월 30일 09시,화요일,서울특별시 동작구 흑석동,경상사고,0,0,1,0,차대사람 - 기타,안전운전불이행,포장 - 건조,맑음,기타 - 기타,승용,여,52세,상해없음,보행자,남,48세,경상
2021033000100232,2021년 3월 30일 12시,화요일,서울특별시 서대문구 홍제동,경상사고,0,0,1,0,차대사람 - 길가장자리구역통행중,안전운전불이행,포장 - 건조,맑음,단일로 - 기타,승합,남,72세,상해없음,보행자,여,36세,경상
2021033000100233,2021년 3월 30일 12시,화요일,서울특별시 강북구 번동,중상사고,0,1,0,0,차대사람 - 길가장자리구역통행중,기타,포장 - 건조,맑음,단일로 - 기타,승용,남,59세,상해없음,보행자,남,82세,중상
2021033000100234,2021년 3월 30일 12시,화요일,서울특별시 동대문구 답십리동,경상사고,0,0,1,0,차대사람 - 보도통행중,보행자보호의무위반,포장 - 건조,맑음,교차로 - 교차로횡단보도내,화물,남,32세,상해없음,보행자,여,50세,경상
2021033000100235,2021년 3월 30일 12시,화요일,서울특별시 영등포구 영등포동,경상사고,0,0,1,0,차대사람 - 보도통행중,안전운전불이행,포장 - 건조,맑음,단일로 - 기타,승용,남,30세,상해없음,보행자,여,50세,경상
2021033000100260,2021년 3월 30일 13시,화요일,서울특별시 강서구 화곡동,경상사고,0,0,1,0,차대사람 - 보도통행중,기타,포장 - 건조,맑음,교차로 - 교차로횡단보도내,승용,여,52세,상해없음,보행자,여,65세,경상
2021033000100262,2021년 3월 30일 13시,화요일,서울특별시 구로구 구로동,경상사고,0,0,1,0,차대사람 - 횡단중,신호위반,포장 - 건조,맑음,교차로 - 교차로횡단보도내,승용,남,72세,상해없음,보행자,여,46세,경상
2021033000100296,2021년 3월 30일 14시,화요일,서울특별시 노원구 상계동,경상사고,0,0,1,0,차대사람 - 횡단중,안전운전불이행,포장 - 건조,맑음,교차로 - 교차로횡단보도내,승합,남,63세,상해없음,보행자,여,66세,경상
2021033000100323,2021년 3월 30일 15시,화요일,서울특별시 강북구 미아동,경상사고,0,0,1,0,차대사람 - 차도통행중,안전운전불이행,포장 - 건조,맑음,단일로 - 기타,승용,여,46세,상해없음,보행자,남,61세,경상
2021033000100326,2021년 3월 30일 15시,화요일,서울특별시 성동구 송정동,부상신고사고,0,0,0,1,차대사람 - 기타,안전운전불이행,포장 - 건조,맑음,기타 - 기타,자전거,여,43세,기타불명,보행자,여,2세,부상신고
2021033000100364,2021년 3월 30일 16시,화요일,서울특별시 강남구 논현동,경상사고,0,0,1,0,차대사람 - 길가장자리구역통행중,안전운전불이행,포장 - 건조,맑음,단일로 - 기타,승용,여,31세,기타불명,보행자,남,27세,경상
2021033000100370,2021년 3월 30일 16시,화요일,서울특별시 강남구 도곡동,경상사고,0,0,1,0,차대사람 - 횡단중,신호위반,포장 - 건조,맑음,교차로 - 교차로부근,승합,여,56세,상해없음,보행자,여,40세,경상
2021033000100405,2021년 3월 30일 17시,화요일,서울특별시 종로구 평창동,중상사고,0,1,0,0,차대사람 - 기타,안전운전불이행,포장 - 건조,맑음,교차로 - 교차로안,승용,남,37세,상해없음,보행자,남,92세,중상
2021033000100410,2021년 3월 30일 17시,화요일,서울특별시 서초구 잠원동,경상사고,0,0,1,0,차대사람 - 횡단중,보행자보호의무위반,포장 - 건조,맑음,단일로 - 기타,승용,여,61세,상해없음,보행자,여,11세,경상
2021033000100448,2021년 3월 30일 18시,화요일,서울특별시 송파구 잠실동,경상사고,0,0,1,0,차대사람 - 길가장자리구역통행중,신호위반,포장 - 건조,맑음,단일로 - 기타,승용,남,71세,상해없음,보행자,여,49세,경상
2021033000100449,2021년 3월 30일 18시,화요일,서울특별시 송파구 잠실동,경상사고,0,0,1,0,차대사람 - 기타,안전운전불이행,포장 - 건조,맑음,교차로 - 교차로안,기타불명,기타불명,미분류,기타불명,보행자,여,81세,경상
2021033000100511,2021년 3월 30일 19시,화요일,서울특별시 양천구 목동,경상사고,0,0,1,0,차대사람 - 횡단중,보행자보호의무위반,포장 - 건조,흐림,교차로 - 교차로횡단보도내,기타불명,기타불명,미분류,기타불명,보행자,남,22세,경상
2021033000100512,2021년 3월 30일 19시,화요일,서울특별시 강남구 대치동,경상사고,0,0,1,0,차대사람 - 기타,안전운전불이행,포장 - 건조,맑음,단일로 - 기타,승용,여,71세,상해없음,보행자,여,48세,경상
2021033000100547,2021년 3월 30일 20시,화요일,서울특별시 동대문구 답십리동,중상사고,0,1,0,0,차대사람 - 기타,신호위반,포장 - 건조,맑음,교차로 - 교차로안,이륜,남,57세,상해없음,보행자,여,50세,중상
2021033000100548,2021년 3월 30일 20시,화요일,서울특별시 마포구 동교동,경상사고,0,0,1,0,차대사람 - 기타,안전운전불이행,포장 - 건조,맑음,단일로 - 기타,승용,남,56세,상해없음,보행자,남,51세,경상
2021033000100571,2021년 3월 30일 21시,화요일,서울특별시 금천구 독산동,경상사고,0,0,1,0,차대사람 - 기타,안전운전불이행,포장 - 건조,맑음,교차로 - 교차로안,승용,여,31세,상해없음,보행자,여,12세,경상
2021033000100596,2021년 3월 30일 22시,화요일,서울특별시 도봉구 방학동,경상사고,0,0,1,0,차대사람 - 기타,안전운전불이행,포장 - 건조,맑음,교차로 - 교차로부근,자전거,남,77세,상해없음,보행자,여,26세,경상
2021033000100618,2021년 3월 30일 23시,화요일,서울특별시 서대문구 창천동,경상사고,0,0,1,0,차대사람 - 기타,안전운전불이행,포장 - 건조,맑음,교차로 - 교차로안,개인형이동수단(PM),남,20세,기타불명,보행자,여,20세,경상
2021033100100074,2021년 3월 31일 08시,수요일,서울특별시 광진구 구의동,경상사고,0,0,1,0,차대사람 - 차도통행중,안전운전불이행,포장 - 건조,맑음,교차로 - 교차로안,승용,남,24세,상해없음,보행자,여,29세,경상
2021033100100081,2021년 3월 31일 08시,수요일,서울특별시 구로구 구로동,중상사고,0,1,0,0,차대사람 - 횡단중,보행자보호의무위반,포장 - 건조,맑음,단일로 - 기타,승용,남,61세,상해없음,보행자,남,19세,중상
2021033100100082,2021년 3월 31일 08시,수요일,서울특별시 노원구 공릉동,중상사고,0,1,0,0,차대사람 - 횡단중,안전운전불이행,포장 - 건조,맑음,교차로 - 교차로안,승용,남,35세,상해없음,보행자,여,67세,중상
2021033100100116,2021년 3월 31일 09시,수요일,서울특별시 영등포구 당산동1가,경상사고,0,0,1,0,차대사람 - 기타,안전운전불이행,포장 - 건조,맑음,교차로 - 교차로부근,승용,여,59세,상해없음,보행자,여,26세,경상
2021033100100118,2021년 3월 31일 09시,수요일,서울특별시 도봉구 도봉동,경상사고,0,0,1,0,차대사람 - 횡단중,안전운전불이행,포장 - 건조,맑음,교차로 - 교차로안,화물,남,64세,상해없음,보행자,남,55세,경상
2021033100100142,2021년 3월 31일 10시,수요일,서울특별시 성북구 성북동,중상사고,0,1,0,0,차대사람 - 기타,기타,포장 - 건조,맑음,단일로 - 기타,승용,여,38세,상해없음,보행자,여,78세,중상
2021033100100201,2021년 3월 31일 12시,수요일,서울특별시 성북구 장위동,경상사고,0,0,1,0,차대사람 - 기타,안전운전불이행,포장 - 건조,맑음,교차로 - 교차로안,승합,여,28세,상해없음,보행자,남,6세,경상
2021033100100202,2021년 3월 31일 12시,수요일,서울특별시 서초구 서초동,부상신고사고,0,0,0,1,차대사람 - 기타,안전운전불이행,포장 - 건조,맑음,단일로 - 기타,승용,여,30세,상해없음,보행자,남,51세,부상신고
2021033100100301,2021년 3월 31일 15시,수요일,서울특별시 구로구 구로동,중상사고,0,1,0,0,차대사람 - 기타,안전운전불이행,포장 - 건조,맑음,교차로 - 교차로안,승용,남,38세,상해없음,보행자,여,72세,중상
2021033100100347,2021년 3월 31일 16시,수요일,서울특별시 영등포구 당산동3가,부상신고사고,0,0,0,1,차대사람 - 횡단중,신호위반,포장 - 건조,맑음,교차로 - 교차로부근,이륜,남,27세,부상신고,보행자,남,74세,상해없음
2021033100100351,2021년 3월 31일 16시,수요일,서울특별시 서초구 양재동,경상사고,0,0,1,0,차대사람 - 횡단중,보행자보호의무위반,포장 - 건조,맑음,교차로 - 교차로횡단보도내,승용,여,55세,상해없음,보행자,여,25세,경상
2021033100100353,2021년 3월 31일 16시,수요일,서울특별시 노원구 상계동,경상사고,0,0,1,0,차대사람 - 횡단중,신호위반,포장 - 건조,맑음,교차로 - 교차로횡단보도내,원동기,남,21세,상해없음,보행자,남,51세,경상
2021033100100354,2021년 3월 31일 16시,수요일,서울특별시 도봉구 창동,경상사고,0,0,1,0,차대사람 - 횡단중,보행자보호의무위반,포장 - 건조,맑음,교차로 - 교차로부근,화물,남,63세,상해없음,보행자,여,61세,경상
2021033100100439,2021년 3월 31일 18시,수요일,서울특별시 영등포구 신길동,중상사고,0,1,0,0,차대사람 - 기타,안전운전불이행,포장 - 건조,맑음,단일로 - 기타,승합,남,72세,상해없음,보행자,남,68세,중상
2021033100100490,2021년 3월 31일 19시,수요일,서울특별시 동작구 사당동,부상신고사고,0,0,0,1,차대사람 - 횡단중,안전운전불이행,포장 - 건조,맑음,단일로 - 기타,원동기,남,19세,상해없음,보행자,남,4세,부상신고