사고번호,사고일시,요일,시군구,사고내용,사망자수,중상자수,경상자수,부상신고자수,사고유형,법규위반,노면상태,기상상태,도로형태,가해운전자 차종,가해운전자 성별,가해운전자 연령,가해운전자 상해정도,피해운전자 차종,피해운전자 성별,피해운전자 연령,피해운전자 상해정도
2021050700100106,2021년 5월 7일 09시,금요일,서울특별시 서초구 방배동,중상사고,0,1,0,0,차대사람 - 기타,안전운전불이행,포장 - 젖음/습기,비,기타 - 기타,승합,남,71세,상해없음,보행자,여,63세,중상
2021050700100133,2021년 5월 7일 10시,금요일,서울특별시 강동구 천호동,경상사고,0,0,1,0,차대사람 - 기타,기타,포장 - 젖음/습기,비,기타 - 기타,승용,여,47세,상해없음,보행자,남,42세,경상
2021050700100134,2021년 5월 7일 10시,금요일,서울특별시 송파구 마천동,경상사고,0,0,1,0,차대사람 - 기타,안전운전불이행,포장 - 건조,맑음,교차로 - 교차로안,이륜,남,39세,상해없음,보행자,여,66세,경상
2021050700100152,2021년 5월 7일 11시,금요일,서울특별시 동대문구 용두동,중상사고,0,1,0,0,차대사람 - 차도통행중,안전운전불이행,포장 - 건조,맑음,단일로 - 기타,이륜,남,24세,상해없음,보행자,남,74세,중상
2021050700100157,2021년 5월 7일 11시,금요일,서울특별시 송파구 마천동,중상사고,0,1,0,0,차대사람 - 기타,안전운전불이행,포장 - 서리/결빙,맑음,기타 - 기타,승용,남,61세,상해없음,보행자,남,60세,중상
2021050700100191,2021년 5월 7일 12시,금요일,서울특별시 관악구 봉천동,경상사고,0,0,1,0,차대사람 - 보도통행중,신호위반,포장 - 건조,맑음,교차로 - 교차로안,이륜,남,57세,상해없음,보행자,남,40세,경상
2021050700100231,2021년 5월 7일 13시,금요일,서울특별시 영등포구 당산동,중상사고,0,1,0,0,차대사람 - 기타,안전운전불이행,포장 - 건조,맑음,단일로 - 기타,승용,남,36세,상해없음,보행자,여,84세,중상
2021050700100276,2021년 5월 7일 14시,금요일,서울특별시 영등포구 당산동5가,경상사고,0,0,1,0,차대사람 - 횡단중,안전운전불이행,포장 - 건조,맑음,교차로 - 교차로부근,승용,여,42세,상해없음,보행자,여,63세,경상
2021050700100278,2021년 5월 7일 14시,금요일,서울특별시 노원구 상계동,중상사고,0,1,0,0,차대사람 - 기타,기타,포장 - 건조,맑음,교차로 - 교차로안,화물,남,23세,상해없음,보행자,남,50세,중상
2021050700100342,2021년 5월 7일 16시,금요일,서울특별시 영등포구 영등포동5가,중상사고,0,1,0,0,차대사람 - 길가장자리구역통행중,안전운전불이행,포장 - 건조,맑음,단일로 - 기타,승용,남,58세,상해없음,보행자,남,56세,중상
2021050700100343,2021년 5월 7일 16시,금요일,서울특별시 영등포구 대림동,중상사고,0,1,0,0,차대사람 - 횡단중,안전운전불이행,포장 - 건조,맑음,교차로 - 교차로안,승용,남,47세,상해없음,보행자,여,97세,중상
2021050700100344,2021년 5월 7일 16시,금요일,서울특별시 강서구 화곡동,중상사고,0,1,0,0,차대사람 - 횡단중,안전운전불이행,포장 - 건조,맑음,단일로 - 기타,승용,남,75세,상해없음,보행자,남,74세,중상
2021050700100381,2021년 5월 7일 17시,금요일,서울특별시 도봉구 창동,중상사고,0,1,0,0,차대사람 - 보도통행중,안전운전불이행,포장 - 건조,맑음,교차로 - 교차로부근,승용,남,46세,상해없음,보행자,남,37세,중상
2021050700100424,2021년 5월 7일 18시,금요일,서울특별시 성북구 길음동,경상사고,0,0,1,0,차대사람 - 보도통행중,기타,포장 - 건조,맑음,기타 - 기타,자전거,남,11세,상해없음,보행자,여,60세,경상
2021050700100425,2021년 5월 7일 18시,금요일,서울특별시 성북구 정릉동,경상사고,0,0,1,0,차대사람 - 보도통행중,안전운전불이행,포장 - 건조,맑음,단일로 - 기타,승용,남,58세,상해없음,보행자,남,42세,경상
2021050700100427,2021년 5월 7일 18시,금요일,서울특별시 영등포구 양평동4가,경상사고,0,0,1,0,차대사람 - 기타,안전운전불이행,포장 - 건조,맑음,단일로 - 기타,승용,남,20세,상해없음,보행자,여,30세,경상
2021050700100479,2021년 5월 7일 19시,금요일,서울특별시 동대문구 장안동,경상사고,0,0,1,0,차대사람 - 차도통행중,기타,포장 - 건조,맑음,교차로 - 교차로안,승용,남,39세,상해없음,보행자,남,11세,경상
2021050700100486,2021년 5월 7일 19시,금요일,서울특별시 서초구 방배동,경상사고,0,0,1,0,차대사람 - 보도통행중,신호위반,포장 - 건조,기타,기타 - 기타,이륜,남,30세,상해없음,보행자,남,58세,경상
2021050700100526,2021년 5월 7일 20시,금요일,서울특별시 강남구 대치동,중상사고,0,1,0,0,차대사람 - 횡단중,보행자보호의무위반,포장 - 건조,맑음,기타 - 기타,승용,여,34세,상해없음,보행자,여,66세,중상
2021050700100554,2021년 5월 7일 21시,금요일,서울특별시 금천구 가산동,중상사고,0,1,0,0,차대사람 - 기타,보행자보호의무위반,포장 - 건조,맑음,교차로 - 교차로안,승용,남,59세,상해없음,보행자,남,29세,중상
2021050700100557,2021년 5월 7일 21시,금요일,서울특별시 송파구 방이동,경상사고,0,0,1,0,차대사람 - 기타,안전운전불이행,포장 - 건조,맑음,교차로 - 교차로안,승용,남,47세,상해없음,보행자,남,30세,경상
2021050700100583,2021년 5월 7일 22시,금요일,서울특별시 강북구 수유동,경상사고,0,0,1,0,차대사람 - 기타,안전운전불이행,포장 - 건조,맑음,교차로 - 교차로부근,개인형이동수단(PM),남,26세,기타불명,보행자,남,60세,경상
2021050700100614,2021년 5월 7일 23시,금요일,서울특별시 금천구 독산동,경상사고,0,0,1,0,차대사람 - 기타,중앙선침범,포장 - 건조,맑음,단일로 - 기타,승용,남,26세,상해없음,보행자,남,61세,경상
2021050700100615,2021년 5월 7일 23시,금요일,서울특별시 강남구 역삼동,중상사고,0,1,0,0,차대사람 - 횡단중,안전운전불이행,포장 - 건조,기타,교차로 - 교차로안,승용,남,44세,상해없음,보행자,남,44세,중상
2021050800100076,2021년 5월 8일 08시,토요일,서울특별시 동작구 노량진동,경상사고,0,0,1,0,차대사람 - 기타,안전운전불이행,포장 - 건조,맑음,단일로 - 기타,화물,남,38세,상해없음,보행자,남,69세,경상
2021050800100079,2021년 5월 8일 08시,토요일,서울특별시 서초구 양재동,중상사고,0,1,0,0,차대사람 - 횡단중,안전운전불이행,포장 - 건조,맑음,교차로 - 교차로부근,승용,남,47세,상해없음,보행자,여,54세,중상
2021050800100090,2021년 5월 8일 09시,토요일,서울특별시 영등포구 당산동1가,중상사고,0,1,0,0,차대사람 - 기타,안전운전불이행,포장 - 건조,맑음,교차로 - 교차로부근,승용,여,45세,상해없음,보행자,여,33세,중상
2021050800100092,2021년 5월 8일 09시,토요일,서울특별시 강서구 방화동,중상사고,0,1,0,0,차대사람 - 차도통행중,신호위반,포장 - 건조,맑음,교차로 - 교차로부근,승용,여,32세,상해없음,보행자,남,83세,중상
2021050800100095,2021년 5월 8일 09시,토요일,서울특별시 성북구 상월곡동,경상사고,0,0,1,0,차대사람 - 기타,안전운전불이행,포장 - 건조,맑음,단일로 - 기타,승용,남,61세,상해없음,보행자,남,46세,경상
2021050800100119,2021년 5월 8일 10시,토요일,서울특별시 성북구 동소문동2가,중상사고,0,1,0,0,차대사람 - 횡단중,신호위반,포장 - 건조,맑음,교차로 - 교차로횡단보도내,승용,여,45세,상해없음,보행자,남,63세,중상
2021050800100192,2021년 5월 8일 12시,토요일,서울특별시 강북구 수유동,중상사고,0,1,0,0,차대사람 - 기타,안전운전불이행,포장 - 건조,맑음,단일로 - 기타,승합,남,47세,상해없음,보행자,여,68세,중상
2021050800100194,2021년 5월 8일 12시,토요일,서울특별시 강서구 공항동,사망사고,1,0,0,0,차대사람 - 기타,안전운전불이행,포장 - 건조,맑음,교차로 - 교차로부근,승합,남,65세,상해없음,보행자,여,78세,사망
2021050800100196,2021년 5월 8일 12시,토요일,서울특별시 양천구 목동,경상사고,0,0,1,0,차대사람 - 기타,안전운전불이행,포장 - 건조,맑음,단일로 - 기타,승용,남,45세,상해없음,보행자,남,38세,경상
2021050800100337,2021년 5월 8일 15시,토요일,서울특별시 영등포구 여의도동,경상사고,0,0,1,0,차대사람 - 기타,안전운전불이행,포장 - 건조,맑음,단일로 - 기타,승용,남,64세,상해없음,보행자,남,28세,경상
2021050800100341,2021년 5월 8일 15시,토요일,서울특별시 양천구 신정동,경상사고,0,0,1,0,차대사람 - 기타,안전운전불이행,포장 - 건조,맑음,교차로 - 교차로안,승용,여,72세,상해없음,보행자,남,41세,경상
2021050800100425,2021년 5월 8일 17시,토요일,서울특별시 강동구 명일동,중상사고,0,1,0,0,차대사람 - 기타,안전운전불이행,포장 - 건조,맑음,교차로 - 교차로안,승용,여,48세,상해없음,보행자,남,70세,중상
2021050800100427,2021년 5월 8일 17시,토요일,서울특별시 송파구 잠실동,경상사고,0,0,1,0,차대사람 - 기타,기타,포장 - 건조,맑음,단일로 - 기타,승합,남,46세,상해없음,보행자,여,62세,경상
2021050800100478,2021년 5월 8일 18시,토요일,서울특별시 강북구 미아동,중상사고,0,1,0,0,차대사람 - 기타,안전운전불이행,포장 - 건조,맑음,단일로 - 기타,승용,여,35세,상해없음,보행자,남,66세,중상
2021050800100479,2021년 5월 8일 18시,토요일,서울특별시 성북구 장위동,중상사고,0,1,0,0,차대사람 - 기타,안전운전불이행,포장 - 건조,맑음,교차로 - 교차로안,승용,남,69세,상해없음,보행자,남,37세,중상
2021050800100482,2021년 5월 8일 18시,토요일,서울특별시 서초구 방배동,경상사고,0,0,1,0,차대사람 - 기타,안전운전불이행,포장 - 건조,맑음,교차로 - 교차로부근,승용,여,39세,상해없음,보행자,여,6세,경상
2021050800100519,2021년 5월 8일 19시,토요일,서울특별시 서초구 방배동,중상사고,0,1,0,0,차대사람 - 기타,안전운전불이행,포장 - 건조,맑음,단일로 - 기타,승합,남,55세,상해없음,보행자,여,69세,중상
2021050900100068,2021년 5월 9일 09시,일요일,서울특별시 동대문구 장안동,경상사고,0,0,1,0,차대사람 - 횡단중,안전운전불이행,포장 - 건조,맑음,단일로 - 기타,자전거,남,56세,상해없음,보행자,남,42세,경상
2021050900100146,2021년 5월 9일 12시,일요일,서울특별시 영등포구 대림동,중상사고,0,1,0,0,차대사람 - 기타,안전운전불이행,포장 - 기타,기타,기타 - 기타,승용,남,23세,상해없음,보행자,여,48세,중상
2021050900100147,2021년 5월 9일 12시,일요일,서울특별시 동작구 상도동,중상사고,0,1,0,0,차대사람 - 기타,안전운전불이행,포장 - 건조,맑음,교차로 - 교차로부근,승용,남,39세,상해없음,보행자,여,25세,중상
2021050900100184,2021년 5월 9일 13시,일요일,서울특별시 중랑구 묵동,중상사고,0,1,1,0,차대사람 - 횡단중,안전운전불이행,포장 - 건조,맑음,단일로 - 기타,자전거,남,30세,경상,보행자,여,74세,중상
2021050900100187,2021년 5월 9일 13시,일요일,서울특별시 서초구 서초동,중상사고,0,1,0,0,차대사람 - 차도통행중,안전운전불이행,포장 - 건조,맑음,단일로 - 기타,승용,남,21세,상해없음,보행자,여,45세,중상
2021050900100255,2021년 5월 9일 15시,일요일,서울특별시 영등포구 양평동3가,경상사고,0,0,1,0,차대사람 - 기타,기타,포장 - 건조,맑음,단일로 - 기타,개인형이동수단(PM),여,25세,상해없음,보행자,여,33세,경상
2021050900100258,2021년 5월 9일 15시,일요일,서울특별시 서초구 반포동,경상사고,0,0,1,0,차대사람 - 횡단중,보행자보호의무위반,포장 - 건조,맑음,교차로 - 교차로부근,승용,여,59세,상해없음,보행자,남,49세,경상
2021050900100293,2021년 5월 9일 16시,일요일,서울특별시 양천구 목동,사망사고,1,0,0,0,차대사람 - 횡단중,신호위반,포장 - 건조,맑음,교차로 - 교차로부근,승용,남,61세,상해없음,보행자,여,82세,사망
2021050900100333,2021년 5월 9일 17시,일요일,서울특별시 은평구 증산동,경상사고,0,0,1,0,차대사람 - 기타,안전운전불이행,포장 - 건조,맑음,교차로 - 교차로부근,개인형이동수단(PM),남,49세,상해없음,보행자,여,88세,경상
2021050900100409,2021년 5월 9일 19시,일요일,서울특별시 성북구 안암동4가,중상사고,0,1,0,0,차대사람 - 기타,과속,포장 - 건조,맑음,단일로 - 기타,승용,여,61세,상해없음,보행자,남,55세,중상
2021050900100439,2021년 5월 9일 20시,일요일,서울특별시 강동구 천호동,부상신고사고,0,0,0,1,차대사람 - 보도통행중,안전운전불이행,포장 - 건조,맑음,기타 - 기타,자전거,남,41세,기타불명,보행자,여,48세,부상신고
2021050900100441,2021년 5월 9일 20시,일요일,서울특별시 도봉구 방학동,경상사고,0,0,1,0,차대사람 - 횡단중,보행자보호의무위반,포장 - 건조,맑음,교차로 - 교차로안,이륜,남,38세,상해없음,보행자,여,76세,경상
2021050900100472,2021년 5월 9일 21시,일요일,서울특별시 송파구 잠실동,중상사고,0,1,0,0,차대사람 - 횡단중,보행자보호의무위반,포장 - 건조,맑음,교차로 - 교차로횡단보도내,승용,남,66세,상해없음,보행자,여,60세,중상
2021051000100023,2021년 5월 10일 06시,월요일,서울특별시 송파구 신천동,경상사고,0,0,2,0,차대사람 - 기타,안전운전불이행,포장 - 건조,맑음,기타 - 기타,자전거,남,66세,경상,보행자,여,62세,경상
2021051000100061,2021년 5월 10일 08시,월요일,서울특별시 종로구 숭인동,경상사고,0,0,1,0,차대사람 - 기타,안전운전불이행,포장 - 건조,맑음,단일로 - 기타,승합,남,41세,상해없음,보행자,여,62세,경상
2021051000100145,2021년 5월 10일 11시,월요일,서울특별시 도봉구 방학동,중상사고,0,1,0,0,차대사람 - 횡단중,안전운전불이행,포장 - 건조,맑음,단일로 - 기타,이륜,남,35세,상해없음,보행자,남,61세,중상
2021051000100239,2021년 5월 10일 14시,월요일,서울특별시 강남구 압구정동,부상신고사고,0,0,0,1,차대사람 - 기타,기타,포장 - 건조,맑음,단일로 - 기타,승용,남,58세,기타불명,보행자,남,10세,부상신고
2021051000100286,2021년 5월 10일 15시,월요일,서울특별시 강동구 성내동,경상사고,0,0,1,0,차대사람 - 차도통행중,안전운전불이행,포장 - 건조,맑음,단일로 - 기타,승용,여,68세,상해없음,보행자,여,56세,경상
2021051000100358,2021년 5월 10일 17시,월요일,서울특별시 동대문구 답십리동,경상사고,0,0,1,0,차대사람 - 기타,안전운전불이행,포장 - 건조,맑음,교차로 - 교차로안,화물,남,41세,상해없음,보행자,여,51세,경상
2021051000100391,2021년 5월 10일 18시,월요일,서울특별시 관악구 신림동,경상사고,0,0,1,0,차대사람 - 기타,안전운전불이행,포장 - 건조,맑음,기타 - 기타,승합,남,37세,상해없음,보행자,남,26세,경상
2021051000100393,2021년 5월 10일 18시,월요일,서울특별시 강남구 역삼동,경상사고,0,0,1,0,차대사람 - 보도통행중,안전운전불이행,포장 - 건조,맑음,단일로 - 기타,기타불명,기타불명,미분류,기타불명,보행자,여,32세,경상
2021051000100470,2021년 5월 10일 20시,월요일,서울특별시 서대문구 홍제동,경상사고,0,0,1,1,차대사람 - 횡단중,신호위반,포장 - 건조,흐림,단일로 - 기타,이륜,남,23세,부상신고,보행자,남,61세,경상
2021051000100473,2021년 5월 10일 20시,월요일,서울특별시 노원구 상계동,중상사고,0,1,0,0,차대사람 - 횡단중,신호위반,포장 - 건조,맑음,교차로 - 교차로횡단보도내,화물,남,48세,상해없음,보행자,남,73세,중상
2021051000100507,2021년 5월 10일 21시,월요일,서울특별시 도봉구 창동,중상사고,0,1,0,0,차대사람 - 보도통행중,보행자보호의무위반,포장 - 건조,맑음,단일로 - 기타,승용,남,64세,상해없음,보행자,남,44세,중상
2021051000100531,2021년 5월 10일 22시,월요일,서울특별시 강남구 신사동,경상사고,0,0,1,0,차대사람 - 차도통행중,안전운전불이행,포장 - 건조,맑음,교차로 - 교차로부근,승용,남,54세,상해없음,보행자,여,50세,경상
2021051000100559,2021년 5월 10일 23시,월요일,서울특별시 영등포구 여의도동,중상사고,0,1,0,0,차대사람 - 횡단중,안전운전불이행,포장 - 기타,기타,단일로 - 기타,승용,남,38세,상해없음,보행자,남,51세,중상
2021051000100562,2021년 5월 10일 23시,월요일,서울특별시 강동구 성내동,경상사고,0,0,1,0,차대사람 - 횡단중,안전운전불이행,포장 - 건조,맑음,단일로 - 기타,이륜,남,38세,경상,보행자,남,57세,상해없음
2021051100100063,2021년 5월 11일 07시,화요일,서울특별시 양천구 신월동,경상사고,0,0,1,0,차대사람 - 기타,안전운전불이행,포장 - 건조,맑음,교차로 - 교차로횡단보도내,화물,남,56세,상해없음,보행자,남,33세,경상
2021051100100176,2021년 5월 11일 10시,화요일,서울특별시 광진구 중곡동,중상사고,0,1,0,0,차대사람 - 횡단중,안전운전불이행,포장 - 건조,맑음,교차로 - 교차로부근,이륜,남,30세,상해없음,보행자,여,80세,중상
2021051100100206,2021년 5월 11일 11시,화요일,서울특별시 영등포구 도림동,중상사고,0,1,0,0,차대사람 - 기타,안전운전불이행,포장 - 건조,맑음,교차로 - 교차로부근,화물,남,53세,상해없음,보행자,여,75세,중상
2021051100100207,2021년 5월 11일 11시,화요일,서울특별시 강남구 역삼동,경상사고,0,0,1,0,차대사람 - 기타,보행자보호의무위반,포장 - 건조,맑음,단일로 - 기타,승용,남,71세,상해없음,보행자,여,68세,경상
2021051100100208,2021년 5월 11일 11시,화요일,서울특별시 강남구 대치동,경상사고,0,0,1,0,차대사람 - 길가장자리구역통행중,안전운전불이행,포장 - 건조,맑음,단일로 - 기타,승용,여,47세,상해없음,보행자,여,35세,경상
2021051100100244,2021년 5월 11일 12시,화요일,서울특별시 강동구 길동,중상사고,0,1,0,0,차대사람 - 기타,안전운전불이행,포장 - 건조,맑음,단일로 - 기타,승용,남,79세,상해없음,보행자,여,42세,중상
2021051100100273,2021년 5월 11일 13시,화요일,서울특별시 서대문구 남가좌동,중상사고,0,1,0,0,차대사람 - 횡단중,보행자보호의무위반,포장 - 건조,맑음,단일로 - 기타,승용,남,59세,상해없음,보행자,여,69세,중상
2021051100100274,2021년 5월 11일 13시,화요일,서울특별시 용산구 이태원동,중상사고,0,1,0,0,차대사람 - 기타,안전운전불이행,포장 - 건조,흐림,단일로 - 기타,승용,남,60세,상해없음,보행자,여,79세,중상
2021051100100323,2021년 5월 11일 14시,화요일,서울특별시 송파구 석촌동,중상사고,0,1,0,0,차대사람 - 보도통행중,안전운전불이행,포장 - 건조,맑음,교차로 - 교차로부근,화물,남,50세,상해없음,보행자,여,64세,중상
2021051100100360,2021년 5월 11일 15시,화요일,서울특별시 영등포구 여의도동,경상사고,0,0,1,0,차대사람 - 기타,안전운전불이행,포장 - 기타,기타,단일로 - 기타,승용,남,52세,상해없음,보행자,남,60세,경상
2021051100100365,2021년 5월 11일 15시,화요일,서울특별시 은평구 대조동,경상사고,0,0,1,0,차대사람 - 기타,안전운전불이행,포장 - 건조,맑음,단일로 - 기타,승용,여,49세,상해없음,보행자,여,59세,경상
2021051100100404,2021년 5월 11일 16시,화요일,서울특별시 용산구 이태원동,중상사고,0,1,0,0,차대사람 - 길가장자리구역통행중,안전운전불이행,포장 - 건조,맑음,단일로 - 기타,승용,여,43세,상해없음,보행자,남,24세,중상
2021051100100443,2021년 5월 11일 17시,화요일,서울특별시 강서구 공항동,경상사고,0,0,1,0,차대사람 - 기타,기타,포장 - 건조,맑음,교차로 - 교차로부근,승용,남,74세,상해없음,보행자,여,33세,경상
2021051100100444,2021년 5월 11일 17시,화요일,서울특별시 강서구 방화동,중상사고,0,1,0,0,차대사람 - 기타,안전운전불이행,포장 - 건조,맑음,단일로 - 기타,자전거,남,16세,상해없음,보행자,여,72세,중상
2021051100100446,2021년 5월 11일 17시,화요일,서울특별시 서초구 양재동,경상사고,0,0,1,0,차대사람 - 길가장자리구역통행중,안전운전불이행,포장 - 건조,맑음,단일로 - 기타,승용,여,71세,상해없음,보행자,여,51세,경상
2021051100100563,2021년 5월 11일 20시,화요일,서울특별시 광진구 중곡동,경상사고,0,0,1,0,차대사람 - 기타,안전운전불이행,포장 - 건조,맑음,기타 - 기타,승용,남,25세,상해없음,보행자,남,56세,경상
2021051100100566,2021년 5월 11일 20시,화요일,서울특별시 중랑구 면목동,경상사고,0,0,1,0,차대사람 - 기타,안전운전불이행,포장 - 건조,맑음,주차장 - 주차장,이륜,남,48세,상해없음,보행자,남,36세,경상
2021051100100568,2021년 5월 11일 20시,화요일,서울특별시 강서구 공항동,경상사고,0,0,1,0,차대사람 - 기타,안전운전불이행,포장 - 건조,맑음,단일로 - 기타,승용,남,28세,상해없음,보행자,여,74세,경상
2021051100100599,2021년 5월 11일 21시,화요일,서울특별시 구로구 오류동,경상사고,0,0,1,0,차대사람 - 횡단중,신호위반,포장 - 건조,맑음,단일로 - 기타,이륜,남,18세,상해없음,보행자,남,46세,경상
2021051100100621,2021년 5월 11일 22시,화요일,서울특별시 송파구 풍납동,중상사고,0,1,2,0,차대사람 - 횡단중,안전운전불이행,포장 - 건조,맑음,단일로 - 기타,자전거,남,40세,중상,보행자,여,28세,경상
2021051100100646,2021년 5월 11일 23시,화요일,서울특별시 성북구 길음동,사망사고,1,0,0,0,차대사람 - 횡단중,과속,포장 - 건조,맑음,단일로 - 기타,승용,남,33세,상해없음,보행자,남,45세,사망
2021051200100041,2021년 5월 12일 07시,수요일,서울특별시 동작구 대방동,중상사고,0,1,0,0,차대사람 - 횡단중,보행자보호의무위반,포장 - 건조,맑음,교차로 - 교차로횡단보도내,승용,남,27세,상해없음,보행자,여,29세,중상
2021051200100042,2021년 5월 12일 07시,수요일,서울특별시 강남구 청담동,중상사고,0,1,0,0,차대사람 - 보도통행중,기타,포장 - 건조,맑음,기타 - 기타,개인형이동수단(PM),여,28세,상해없음,보행자,여,79세,중상
2021051200100043,2021년 5월 12일 07시,수요일,서울특별시 노원구 상계동,중상사고,0,1,0,0,차대사람 - 기타,교차로운행방법위반,포장 - 건조,맑음,교차로 - 교차로안,승용,여,50세,상해없음,보행자,남,62세,중상
2021051200100067,2021년 5월 12일 08시,수요일,서울특별시 송파구 잠실동,중상사고,0,1,0,0,차대사람 - 보도통행중,안전운전불이행,포장 - 건조,맑음,기타 - 기타,자전거,남,12세,상해없음,보행자,남,64세,중상
2021051200100138,2021년 5월 12일 10시,수요일,서울특별시 영등포구 영등포동4가,경상사고,0,0,1,0,차대사람 - 횡단중,보행자보호의무위반,포장 - 건조,맑음,단일로 - 기타,승용,남,63세,상해없음,보행자,남,67세,경상
2021051200100140,2021년 5월 12일 10시,수요일,서울특별시 중랑구 면목동,중상사고,0,1,0,0,차대사람 - 기타,기타,포장 - 건조,맑음,단일로 - 기타,승용,남,57세,상해없음,보행자,여,77세,중상
2021051200100172,2021년 5월 12일 11시,수요일,서울특별시 중구 남대문로5가,중상사고,0,1,0,0,차대사람 - 기타,기타,포장 - 건조,맑음,단일로 - 기타,승용,남,76세,상해없음,보행자,여,81세,중상
2021051200100174,2021년 5월 12일 11시,수요일,서울특별시 관악구 신림동,경상사고,0,0,1,0,차대사람 - 횡단중,보행자보호의무위반,포장 - 건조,맑음,기타 - 기타,승용,남,66세,상해없음,보행자,여,68세,경상
2021051200100198,2021년 5월 12일 12시,수요일,서울특별시 중구 신당동,경상사고,0,0,1,0,차대사람 - 길가장자리구역통행중,안전운전불이행,포장 - 건조,맑음,단일로 - 기타,기타불명,기타불명,미분류,기타불명,보행자,남,30세,경상
2021051200100200,2021년 5월 12일 12시,수요일,서울특별시 관악구 신림동,중상사고,0,1,0,0,차대사람 - 횡단중,신호위반,포장 - 건조,맑음,교차로 - 교차로횡단보도내,승용,남,55세,상해없음,보행자,남,76세,중상
2021051200100273,2021년 5월 12일 14시,수요일,서울특별시 영등포구 신길동,경상사고,0,0,1,3,차대사람 - 기타,안전운전불이행,포장 - 건조,맑음,교차로 - 교차로안,화물,남,51세,상해없음,보행자,여,10세,부상신고
2021051200100276,2021년 5월 12일 14시,수요일,서울특별시 강남구 도곡동,경상사고,0,0,1,0,차대사람 - 기타,안전운전불이행,포장 - 건조,맑음,단일로 - 기타,화물,남,58세,상해없음,보행자,남,47세,경상
2021051200100303,2021년 5월 12일 15시,수요일,서울특별시 강서구 등촌동,경상사고,0,0,1,0,차대사람 - 횡단중,안전운전불이행,포장 - 건조,맑음,기타 - 기타,기타불명,기타불명,미분류,기타불명,보행자,여,27세,경상
2021051200100305,2021년 5월 12일 15시,수요일,서울특별시 양천구 신월동,중상사고,0,1,0,0,차대사람 - 보도통행중,기타,포장 - 건조,맑음,기타 - 기타,자전거,남,9세,상해없음,보행자,여,61세,중상
2021051200100347,2021년 5월 12일 16시,수요일,서울특별시 송파구 오금동,중상사고,0,1,0,0,차대사람 - 보도통행중,안전운전불이행,포장 - 건조,맑음,단일로 - 기타,자전거,여,60세,상해없음,보행자,여,81세,중상
2021051200100351,2021년 5월 12일 16시,수요일,서울특별시 도봉구 쌍문동,경상사고,0,0,1,0,차대사람 - 길가장자리구역통행중,안전운전불이행,포장 - 건조,맑음,단일로 - 기타,승용,여,70세,상해없음,보행자,여,77세,경상
2021051200100398,2021년 5월 12일 17시,수요일,서울특별시 성동구 성수동2가,중상사고,0,1,0,0,차대사람 - 횡단중,보행자보호의무위반,포장 - 건조,맑음,교차로 - 교차로안,승용,여,52세,상해없음,보행자,남,41세,중상
2021051200100405,2021년 5월 12일 17시,수요일,서울특별시 노원구 상계동,경상사고,0,0,1,0,차대사람 - 보도통행중,안전운전불이행,포장 - 건조,맑음,단일로 - 기타,승용,남,25세,상해없음,보행자,남,61세,경상
2021051200100453,2021년 5월 12일 18시,수요일,서울특별시 서대문구 북가좌동,경상사고,0,0,1,0,차대사람 - 기타,안전운전불이행,포장 - 건조,맑음,단일로 - 기타,승용,남,53세,상해없음,보행자,남,6세,경상
2021051200100458,2021년 5월 12일 18시,수요일,서울특별시 강동구 천호동,부상신고사고,0,0,0,1,차대사람 - 보도통행중,기타,포장 - 건조,맑음,기타 - 기타,자전거,기타불명,미분류,기타불명,보행자,여,8세,부상신고
2021051200100507,2021년 5월 12일 19시,수요일,서울특별시 서초구 서초동,부상신고사고,0,0,0,1,차대사람 - 보도통행중,안전운전불이행,포장 - 건조,맑음,기타 - 기타,자전거,기타불명,미분류,기타불명,보행자,남,27세,부상신고
2021051200100560,2021년 5월 12일 21시,수요일,서울특별시 광진구 자양동,경상사고,0,0,1,0,차대사람 - 기타,안전운전불이행,포장 - 건조,맑음,단일로 - 기타,이륜,남,37세,상해없음,보행자,여,62세,경상
2021051200100561,2021년 5월 12일 21시,수요일,서울특별시 강서구 마곡동,경상사고,0,0,1,0,차대사람 - 기타,기타,포장 - 건조,맑음,교차로 - 교차로부근,이륜,남,17세,상해없음,보행자,여,26세,경상
2021051200100578,2021년 5월 12일 22시,수요일,서울특별시 동대문구 답십리동,경상사고,0,0,1,0,차대사람 - 횡단중,신호위반,포장 - 건조,맑음,교차로 - 교차로부근,승용,남,21세,상해없음,보행자,여,31세,경상
2021051200100579,2021년 5월 12일 22시,수요일,서울특별시 동작구 대방동,부상신고사고,0,0,0,1,차대사람 - 보도통행중,기타,포장 - 건조,맑음,단일로 - 기타,개인형이동수단(PM),남,22세,상해없음,보행자,남,37세,부상신고
2021051200100580,2021년 5월 12일 22시,수요일,서울특별시 중랑구 중화동,경상사고,0,0,1,0,차대사람 - 기타,교차로운행방법위반,포장 - 건조,맑음,교차로 - 교차로안,승용,남,32세,상해없음,보행자,남,62세,경상
2021051200100582,2021년 5월 12일 22시,수요일,서울특별시 강서구 화곡동,경상사고,0,0,1,0,차대사람 - 횡단중,안전운전불이행,포장 - 건조,맑음,단일로 - 기타,기타불명,기타불명,미분류,기타불명,보행자,여,25세,경상