사고번호,사고일시,요일,시군구,사고내용,사망자수,중상자수,경상자수,부상신고자수,사고유형,법규위반,노면상태,기상상태,도로형태,가해운전자 차종,가해운전자 성별,가해운전자 연령,가해운전자 상해정도,피해운전자 차종,피해운전자 성별,피해운전자 연령,피해운전자 상해정도
2021051300100072,2021년 5월 13일 08시,목요일,서울특별시 성북구 정릉동,경상사고,0,0,1,0,차대사람 - 횡단중,신호위반,포장 - 건조,맑음,단일로 - 기타,승합,남,55세,상해없음,보행자,여,31세,경상
2021051300100073,2021년 5월 13일 08시,목요일,서울특별시 강북구 미아동,중상사고,0,1,0,0,차대사람 - 횡단중,안전운전불이행,포장 - 건조,맑음,교차로 - 교차로안,승합,남,44세,상해없음,보행자,여,83세,중상
2021051300100079,2021년 5월 13일 08시,목요일,서울특별시 강서구 개화동,중상사고,0,1,0,0,차대사람 - 횡단중,보행자보호의무위반,포장 - 건조,맑음,교차로 - 교차로안,승용,남,50세,상해없음,보행자,여,31세,중상
2021051300100082,2021년 5월 13일 08시,목요일,서울특별시 은평구 갈현동,경상사고,0,0,1,0,차대사람 - 횡단중,기타,포장 - 건조,맑음,교차로 - 교차로부근,이륜,남,26세,상해없음,보행자,여,10세,경상
2021051300100124,2021년 5월 13일 09시,목요일,서울특별시 중랑구 면목동,경상사고,0,0,2,0,차대사람 - 횡단중,기타,포장 - 건조,맑음,기타 - 기타,승용,남,41세,경상,보행자,여,64세,경상
2021051300100158,2021년 5월 13일 10시,목요일,서울특별시 노원구 공릉동,경상사고,0,0,1,0,차대사람 - 기타,안전운전불이행,포장 - 건조,맑음,단일로 - 기타,승용,남,53세,상해없음,보행자,남,51세,경상
2021051300100189,2021년 5월 13일 11시,목요일,서울특별시 은평구 진관동,경상사고,0,0,1,0,차대사람 - 기타,보행자보호의무위반,포장 - 건조,맑음,교차로 - 교차로부근,화물,남,74세,상해없음,보행자,남,3세,경상
2021051300100217,2021년 5월 13일 12시,목요일,서울특별시 강서구 화곡동,경상사고,0,0,1,0,차대사람 - 기타,안전운전불이행,포장 - 건조,맑음,단일로 - 기타,승합,남,61세,상해없음,보행자,여,23세,경상
2021051300100247,2021년 5월 13일 13시,목요일,서울특별시 송파구 장지동,경상사고,0,0,1,0,차대사람 - 횡단중,신호위반,포장 - 건조,맑음,교차로 - 교차로안,이륜,남,23세,상해없음,보행자,여,32세,경상
2021051300100250,2021년 5월 13일 13시,목요일,서울특별시 서초구 반포동,경상사고,0,0,1,0,차대사람 - 기타,기타,포장 - 건조,맑음,단일로 - 기타,특수,남,53세,상해없음,보행자,남,30세,경상
2021051300100287,2021년 5월 13일 14시,목요일,서울특별시 중구 중림동,중상사고,0,1,0,0,차대사람 - 횡단중,신호위반,포장 - 건조,맑음,단일로 - 기타,화물,남,63세,상해없음,보행자,남,68세,중상
2021051300100290,2021년 5월 13일 14시,목요일,서울특별시 중랑구 면목동,중상사고,0,1,1,0,차대사람 - 횡단중,안전운전불이행,포장 - 건조,맑음,단일로 - 기타,이륜,남,20세,경상,보행자,여,53세,중상
2021051300100367,2021년 5월 13일 16시,목요일,서울특별시 관악구 신림동,부상신고사고,0,0,0,1,차대사람 - 기타,안전운전불이행,포장 - 건조,맑음,단일로 - 기타,승용,남,67세,상해없음,보행자,여,49세,부상신고
2021051300100370,2021년 5월 13일 16시,목요일,서울특별시 강남구 삼성동,경상사고,0,0,1,0,차대사람 - 횡단중,보행자보호의무위반,포장 - 건조,맑음,단일로 - 기타,승용,남,52세,상해없음,보행자,남,62세,경상
2021051300100372,2021년 5월 13일 16시,목요일,서울특별시 성북구 석관동,경상사고,0,0,1,0,차대사람 - 차도통행중,안전운전불이행,포장 - 건조,맑음,단일로 - 기타,기타불명,남,78세,상해없음,보행자,여,54세,경상
2021051300100410,2021년 5월 13일 17시,목요일,서울특별시 성동구 성수동2가,경상사고,0,0,1,0,차대사람 - 기타,안전운전불이행,포장 - 건조,맑음,교차로 - 교차로부근,승용,남,63세,상해없음,보행자,남,26세,경상
2021051300100460,2021년 5월 13일 18시,목요일,서울특별시 중구 신당동,경상사고,0,0,1,0,차대사람 - 기타,안전운전불이행,포장 - 건조,맑음,단일로 - 기타,승용,남,56세,상해없음,보행자,남,6세,경상
2021051300100469,2021년 5월 13일 18시,목요일,서울특별시 강남구 수서동,경상사고,0,0,1,0,차대사람 - 기타,기타,포장 - 건조,맑음,단일로 - 기타,자전거,남,58세,상해없음,보행자,여,73세,경상
2021051300100506,2021년 5월 13일 19시,목요일,서울특별시 강서구 화곡동,경상사고,0,0,1,0,차대사람 - 기타,안전운전불이행,포장 - 건조,맑음,기타 - 기타,승용,남,51세,상해없음,보행자,여,58세,경상
2021051300100537,2021년 5월 13일 20시,목요일,서울특별시 마포구 성산동,중상사고,0,1,0,0,차대사람 - 횡단중,안전운전불이행,포장 - 건조,맑음,교차로 - 교차로안,승용,여,60세,기타불명,보행자,남,59세,중상
2021051300100540,2021년 5월 13일 20시,목요일,서울특별시 관악구 신림동,경상사고,0,0,1,0,차대사람 - 길가장자리구역통행중,안전운전불이행,포장 - 건조,맑음,단일로 - 기타,승용,남,63세,상해없음,보행자,남,44세,경상
2021051300100574,2021년 5월 13일 21시,목요일,서울특별시 동작구 사당동,경상사고,0,0,1,0,차대사람 - 기타,안전운전불이행,포장 - 건조,맑음,단일로 - 기타,이륜,남,16세,상해없음,보행자,남,25세,경상
2021051300100625,2021년 5월 13일 23시,목요일,서울특별시 성북구 종암동,경상사고,0,0,1,0,차대사람 - 횡단중,보행자보호의무위반,포장 - 건조,맑음,단일로 - 기타,승용,여,53세,상해없음,보행자,남,41세,경상
2021051400100043,2021년 5월 14일 06시,금요일,서울특별시 구로구 고척동,중상사고,0,1,0,0,차대사람 - 기타,안전운전불이행,포장 - 건조,맑음,단일로 - 기타,화물,남,65세,상해없음,보행자,남,57세,중상
2021051400100085,2021년 5월 14일 08시,금요일,서울특별시 서초구 서초동,경상사고,0,0,1,0,차대사람 - 보도통행중,안전운전불이행,포장 - 건조,맑음,기타 - 기타,자전거,여,24세,상해없음,보행자,여,59세,경상
2021051400100130,2021년 5월 14일 09시,금요일,서울특별시 광진구 구의동,중상사고,0,1,1,0,차대사람 - 기타,안전운전불이행,포장 - 건조,맑음,기타 - 기타,승용,여,49세,상해없음,보행자,남,73세,경상
2021051400100132,2021년 5월 14일 09시,금요일,서울특별시 서초구 서초동,경상사고,0,0,1,0,차대사람 - 기타,기타,포장 - 건조,맑음,주차장 - 주차장,승용,남,22세,상해없음,보행자,여,20세,경상
2021051400100168,2021년 5월 14일 10시,금요일,서울특별시 관악구 봉천동,중상사고,0,1,0,0,차대사람 - 기타,보행자보호의무위반,포장 - 건조,맑음,교차로 - 교차로횡단보도내,특수,남,45세,상해없음,보행자,여,79세,중상
2021051400100170,2021년 5월 14일 10시,금요일,서울특별시 성북구 석관동,중상사고,0,1,0,0,차대사람 - 기타,안전운전불이행,포장 - 건조,맑음,단일로 - 기타,승용,여,56세,상해없음,보행자,여,14세,중상
2021051400100228,2021년 5월 14일 12시,금요일,서울특별시 서대문구 북가좌동,경상사고,0,0,1,0,차대사람 - 보도통행중,기타,포장 - 건조,맑음,단일로 - 기타,승용,남,65세,상해없음,보행자,여,28세,경상
2021051400100264,2021년 5월 14일 13시,금요일,서울특별시 은평구 역촌동,경상사고,0,0,1,0,차대사람 - 차도통행중,안전운전불이행,포장 - 기타,맑음,단일로 - 기타,승용,남,80세,상해없음,보행자,여,24세,경상
2021051400100266,2021년 5월 14일 13시,금요일,서울특별시 강서구 공항동,중상사고,0,1,0,0,차대사람 - 기타,안전운전불이행,포장 - 건조,맑음,단일로 - 기타,승용,남,56세,상해없음,보행자,남,66세,중상
2021051400100267,2021년 5월 14일 13시,금요일,서울특별시 강동구 상일동,경상사고,0,0,1,0,차대사람 - 기타,안전운전불이행,포장 - 건조,맑음,단일로 - 기타,승용,여,58세,상해없음,보행자,남,8세,경상
2021051400100301,2021년 5월 14일 14시,금요일,서울특별시 금천구 시흥동,중상사고,0,1,0,0,차대사람 - 기타,보행자보호의무위반,포장 - 건조,맑음,교차로 - 교차로안,승용,여,39세,상해없음,보행자,남,11세,중상
2021051400100342,2021년 5월 14일 15시,금요일,서울특별시 중구 남창동,중상사고,0,1,0,0,차대사람 - 기타,안전운전불이행,포장 - 건조,맑음,기타 - 기타,이륜,남,51세,상해없음,보행자,여,63세,중상
2021051400100345,2021년 5월 14일 15시,금요일,서울특별시 동작구 상도동,경상사고,0,0,1,0,차대사람 - 기타,안전운전불이행,포장 - 건조,맑음,단일로 - 기타,승용,남,57세,상해없음,보행자,남,7세,경상
2021051400100390,2021년 5월 14일 16시,금요일,서울특별시 강북구 수유동,중상사고,0,1,0,0,차대사람 - 횡단중,보행자보호의무위반,포장 - 건조,맑음,교차로 - 교차로횡단보도내,화물,남,61세,상해없음,보행자,여,79세,중상
2021051400100392,2021년 5월 14일 16시,금요일,서울특별시 영등포구 신길동,경상사고,0,0,1,0,차대사람 - 횡단중,안전운전불이행,포장 - 건조,맑음,교차로 - 교차로안,승용,남,27세,상해없음,보행자,여,74세,경상
2021051400100398,2021년 5월 14일 16시,금요일,서울특별시 양천구 목동,중상사고,0,1,0,0,차대사람 - 기타,안전운전불이행,포장 - 건조,맑음,단일로 - 기타,승용,남,19세,상해없음,보행자,여,75세,중상
2021051400100399,2021년 5월 14일 16시,금요일,서울특별시 양천구 신월동,중상사고,0,1,0,0,차대사람 - 기타,안전운전불이행,포장 - 건조,맑음,단일로 - 기타,승용,남,51세,상해없음,보행자,남,62세,중상
2021051400100449,2021년 5월 14일 17시,금요일,서울특별시 광진구 능동,경상사고,0,0,1,0,차대사람 - 기타,안전운전불이행,포장 - 건조,맑음,단일로 - 기타,화물,남,59세,상해없음,보행자,남,6세,경상
2021051400100454,2021년 5월 14일 17시,금요일,서울특별시 강동구 둔촌동,경상사고,0,0,1,0,차대사람 - 차도통행중,안전운전불이행,포장 - 건조,맑음,단일로 - 기타,승용,남,70세,상해없음,보행자,남,69세,경상
2021051400100456,2021년 5월 14일 17시,금요일,서울특별시 도봉구 쌍문동,경상사고,0,0,1,0,차대사람 - 기타,안전운전불이행,포장 - 건조,맑음,교차로 - 교차로안,기타불명,기타불명,미분류,기타불명,보행자,남,21세,경상
2021051400100519,2021년 5월 14일 18시,금요일,서울특별시 마포구 서교동,경상사고,0,0,1,0,차대사람 - 기타,안전운전불이행,포장 - 건조,맑음,단일로 - 기타,개인형이동수단(PM),남,28세,상해없음,보행자,여,42세,경상
2021051400100569,2021년 5월 14일 19시,금요일,서울특별시 관악구 봉천동,경상사고,0,0,1,0,차대사람 - 차도통행중,안전운전불이행,포장 - 건조,맑음,단일로 - 기타,승용,남,40세,상해없음,보행자,남,43세,경상
2021051400100605,2021년 5월 14일 20시,금요일,서울특별시 종로구 종로5가,경상사고,0,0,1,0,차대사람 - 기타,안전운전불이행,포장 - 건조,맑음,단일로 - 기타,승합,남,56세,상해없음,보행자,남,55세,경상
2021051400100607,2021년 5월 14일 20시,금요일,서울특별시 광진구 중곡동,경상사고,0,0,1,0,차대사람 - 기타,안전운전불이행,포장 - 건조,맑음,단일로 - 기타,개인형이동수단(PM),남,18세,상해없음,보행자,여,4세,경상
2021051400100612,2021년 5월 14일 20시,금요일,서울특별시 은평구 갈현동,경상사고,0,0,1,0,차대사람 - 횡단중,보행자보호의무위반,포장 - 건조,맑음,단일로 - 기타,승용,여,64세,상해없음,보행자,남,29세,경상
2021051400100675,2021년 5월 14일 22시,금요일,서울특별시 은평구 녹번동,경상사고,0,0,1,0,차대사람 - 보도통행중,기타,포장 - 기타,맑음,기타 - 기타,자전거,남,13세,상해없음,보행자,남,49세,경상
2021051400100681,2021년 5월 14일 22시,금요일,서울특별시 구로구 개봉동,경상사고,0,0,1,0,차대사람 - 기타,안전운전불이행,포장 - 건조,맑음,단일로 - 기타,승용,남,19세,상해없음,보행자,남,31세,경상
2021051500100048,2021년 5월 15일 05시,토요일,서울특별시 관악구 봉천동,중상사고,0,1,0,0,차대사람 - 차도통행중,안전운전불이행,포장 - 건조,흐림,단일로 - 기타,승용,남,51세,상해없음,보행자,여,75세,중상
2021051500100155,2021년 5월 15일 11시,토요일,서울특별시 서대문구 연희동,경상사고,0,0,1,0,차대사람 - 횡단중,신호위반,포장 - 건조,맑음,교차로 - 교차로안,이륜,남,28세,상해없음,보행자,여,14세,경상
2021051500100156,2021년 5월 15일 11시,토요일,서울특별시 성북구 정릉동,부상신고사고,0,0,0,1,차대사람 - 횡단중,안전운전불이행,포장 - 건조,맑음,단일로 - 기타,이륜,남,19세,상해없음,보행자,남,64세,부상신고
2021051500100228,2021년 5월 15일 13시,토요일,서울특별시 서대문구 홍제동,경상사고,0,0,1,0,차대사람 - 보도통행중,보행자보호의무위반,포장 - 건조,맑음,교차로 - 교차로횡단보도내,승용,여,49세,상해없음,보행자,남,71세,경상
2021051500100229,2021년 5월 15일 13시,토요일,서울특별시 성동구 행당동,중상사고,0,1,0,0,차대사람 - 기타,안전운전불이행,포장 - 건조,맑음,단일로 - 기타,자전거,남,17세,상해없음,보행자,여,65세,중상
2021051500100286,2021년 5월 15일 14시,토요일,서울특별시 도봉구 방학동,중상사고,0,1,0,0,차대사람 - 횡단중,안전운전불이행,포장 - 젖음/습기,비,단일로 - 기타,승합,남,48세,상해없음,보행자,남,50세,중상
2021051500100317,2021년 5월 15일 15시,토요일,서울특별시 노원구 중계동,경상사고,0,0,1,0,차대사람 - 횡단중,신호위반,포장 - 젖음/습기,비,교차로 - 교차로횡단보도내,승용,여,53세,상해없음,보행자,남,36세,경상
2021051500100353,2021년 5월 15일 16시,토요일,서울특별시 강북구 미아동,경상사고,0,0,1,0,차대사람 - 기타,안전운전불이행,포장 - 젖음/습기,비,단일로 - 기타,화물,남,81세,상해없음,보행자,여,46세,경상
2021051500100356,2021년 5월 15일 16시,토요일,서울특별시 강서구 염창동,경상사고,0,0,1,0,차대사람 - 횡단중,보행자보호의무위반,포장 - 젖음/습기,비,단일로 - 기타,승용,남,39세,상해없음,보행자,남,38세,경상
2021051500100434,2021년 5월 15일 18시,토요일,서울특별시 강남구 개포동,경상사고,0,0,1,0,차대사람 - 길가장자리구역통행중,안전운전불이행,포장 - 건조,흐림,단일로 - 기타,기타불명,기타불명,미분류,기타불명,보행자,남,17세,경상
2021051500100458,2021년 5월 15일 19시,토요일,서울특별시 마포구 합정동,경상사고,0,0,1,0,차대사람 - 기타,기타,포장 - 젖음/습기,비,단일로 - 기타,이륜,남,45세,경상,보행자,남,32세,상해없음
2021051500100460,2021년 5월 15일 19시,토요일,서울특별시 중랑구 중화동,중상사고,0,1,0,0,차대사람 - 횡단중,안전운전불이행,포장 - 젖음/습기,비,교차로 - 교차로부근,화물,남,38세,상해없음,보행자,남,48세,중상
2021051500100461,2021년 5월 15일 19시,토요일,서울특별시 중랑구 상봉동,경상사고,0,0,1,0,차대사람 - 횡단중,신호위반,포장 - 젖음/습기,비,교차로 - 교차로횡단보도내,이륜,남,17세,상해없음,보행자,여,49세,경상
2021051500100463,2021년 5월 15일 19시,토요일,서울특별시 송파구 신천동,부상신고사고,0,0,0,1,차대사람 - 기타,안전운전불이행,포장 - 젖음/습기,비,단일로 - 기타,이륜,남,38세,상해없음,보행자,남,34세,부상신고
2021051500100498,2021년 5월 15일 20시,토요일,서울특별시 관악구 신림동,중상사고,0,1,0,0,차대사람 - 횡단중,안전운전불이행,포장 - 젖음/습기,비,교차로 - 교차로횡단보도내,승용,남,40세,상해없음,보행자,남,63세,중상
2021051500100500,2021년 5월 15일 20시,토요일,서울특별시 강동구 상일동,경상사고,0,0,1,0,차대사람 - 기타,안전운전불이행,포장 - 젖음/습기,비,단일로 - 기타,기타불명,기타불명,미분류,기타불명,보행자,남,50세,경상
2021051500100538,2021년 5월 15일 21시,토요일,서울특별시 강북구 미아동,경상사고,0,0,1,0,차대사람 - 기타,기타,포장 - 건조,맑음,단일로 - 기타,자전거,남,53세,상해없음,보행자,남,17세,경상
2021051500100540,2021년 5월 15일 21시,토요일,서울특별시 광진구 중곡동,중상사고,0,1,0,0,차대사람 - 기타,안전운전불이행,포장 - 건조,맑음,단일로 - 기타,승용,여,67세,상해없음,보행자,남,27세,중상
2021051500100544,2021년 5월 15일 21시,토요일,서울특별시 송파구 거여동,경상사고,0,0,1,0,차대사람 - 횡단중,안전운전불이행,포장 - 젖음/습기,비,단일로 - 기타,승용,여,48세,상해없음,보행자,남,50세,경상
2021051500100573,2021년 5월 15일 22시,토요일,서울특별시 성동구 마장동,경상사고,0,0,1,0,차대사람 - 차도통행중,안전운전불이행,포장 - 젖음/습기,비,단일로 - 기타,승용,남,62세,상해없음,보행자,남,57세,경상
2021051500100574,2021년 5월 15일 22시,토요일,서울특별시 동작구 상도동,경상사고,0,0,1,0,차대사람 - 기타,안전운전불이행,포장 - 젖음/습기,비,교차로 - 교차로안,승용,남,37세,상해없음,보행자,남,33세,경상
2021051500100579,2021년 5월 15일 22시,토요일,서울특별시 노원구 공릉동,부상신고사고,0,0,0,1,차대사람 - 길가장자리구역통행중,안전운전불이행,포장 - 건조,맑음,교차로 - 교차로부근,특수,남,34세,상해없음,보행자,남,56세,부상신고
2021051500100607,2021년 5월 15일 23시,토요일,서울특별시 중구 신당동,중상사고,0,1,0,0,차대사람 - 횡단중,안전운전불이행,포장 - 젖음/습기,비,단일로 - 기타,승용,남,69세,상해없음,보행자,남,57세,중상
2021051500100610,2021년 5월 15일 23시,토요일,서울특별시 강서구 화곡동,경상사고,0,0,1,0,차대사람 - 길가장자리구역통행중,안전운전불이행,포장 - 젖음/습기,비,단일로 - 기타,승용,남,20세,상해없음,보행자,남,60세,경상
2021051600100026,2021년 5월 16일 01시,일요일,서울특별시 도봉구 방학동,경상사고,0,0,1,1,차대사람 - 기타,안전운전불이행,포장 - 젖음/습기,비,교차로 - 교차로안,이륜,남,19세,부상신고,보행자,남,52세,경상
2021051600100086,2021년 5월 16일 09시,일요일,서울특별시 관악구 신림동,경상사고,0,0,1,0,차대사람 - 기타,안전운전불이행,포장 - 건조,맑음,기타 - 기타,승합,남,61세,상해없음,보행자,남,31세,경상
2021051600100110,2021년 5월 16일 11시,일요일,서울특별시 영등포구 신길동,경상사고,0,0,1,0,차대사람 - 기타,기타,포장 - 젖음/습기,비,교차로 - 교차로안,승합,여,39세,상해없음,보행자,남,57세,경상
2021051600100130,2021년 5월 16일 12시,일요일,서울특별시 광진구 군자동,중상사고,0,1,0,0,차대사람 - 횡단중,신호위반,포장 - 젖음/습기,비,단일로 - 기타,승용,남,62세,상해없음,보행자,여,59세,중상
2021051600100133,2021년 5월 16일 12시,일요일,서울특별시 양천구 신월동,경상사고,0,0,1,0,차대사람 - 보도통행중,기타,포장 - 건조,맑음,단일로 - 기타,이륜,남,35세,상해없음,보행자,남,39세,경상
2021051600100187,2021년 5월 16일 14시,일요일,서울특별시 종로구 신문로1가,경상사고,0,0,1,0,차대사람 - 횡단중,신호위반,포장 - 젖음/습기,비,기타 - 기타,기타불명,기타불명,미분류,기타불명,보행자,남,25세,경상
2021051600100326,2021년 5월 16일 19시,일요일,서울특별시 관악구 신림동,경상사고,0,0,2,0,차대사람 - 횡단중,안전운전불이행,포장 - 젖음/습기,비,기타 - 기타,승용,여,35세,경상,보행자,남,45세,경상
2021051600100328,2021년 5월 16일 19시,일요일,서울특별시 송파구 송파동,경상사고,0,0,1,0,차대사람 - 기타,신호위반,포장 - 젖음/습기,비,단일로 - 기타,이륜,남,27세,상해없음,보행자,여,54세,경상
2021051600100329,2021년 5월 16일 19시,일요일,서울특별시 강남구 도곡동,경상사고,0,0,1,0,차대사람 - 횡단중,보행자보호의무위반,포장 - 젖음/습기,비,단일로 - 기타,승용,남,48세,상해없음,보행자,여,68세,경상
2021051600100392,2021년 5월 16일 21시,일요일,서울특별시 관악구 신림동,경상사고,0,0,1,0,차대사람 - 기타,신호위반,포장 - 건조,맑음,단일로 - 기타,이륜,남,36세,상해없음,보행자,여,25세,경상
2021051600100393,2021년 5월 16일 21시,일요일,서울특별시 관악구 신림동,경상사고,0,0,1,0,차대사람 - 횡단중,보행자보호의무위반,포장 - 젖음/습기,비,교차로 - 교차로횡단보도내,승용,남,37세,상해없음,보행자,여,38세,경상
2021051600100394,2021년 5월 16일 21시,일요일,서울특별시 강서구 화곡동,경상사고,0,0,1,0,차대사람 - 기타,안전운전불이행,포장 - 젖음/습기,비,단일로 - 기타,승용,남,45세,상해없음,보행자,남,51세,경상
2021051600100424,2021년 5월 16일 22시,일요일,서울특별시 중구 태평로2가,경상사고,0,0,1,0,차대사람 - 기타,안전운전불이행,포장 - 건조,맑음,교차로 - 교차로안,화물,남,27세,상해없음,보행자,여,24세,경상
2021051600100426,2021년 5월 16일 22시,일요일,서울특별시 서대문구 연희동,경상사고,0,0,1,0,차대사람 - 횡단중,안전운전불이행,포장 - 건조,맑음,단일로 - 기타,승용,남,39세,상해없음,보행자,여,29세,경상
2021051600100427,2021년 5월 16일 22시,일요일,서울특별시 강남구 역삼동,경상사고,0,0,1,0,차대사람 - 횡단중,안전운전불이행,포장 - 젖음/습기,비,교차로 - 교차로안,승용,남,20세,상해없음,보행자,남,31세,경상
2021051700100017,2021년 5월 17일 02시,월요일,서울특별시 동대문구 청량리동,경상사고,0,0,1,0,차대사람 - 기타,안전운전불이행,포장 - 건조,맑음,단일로 - 기타,승용,남,73세,상해없음,보행자,남,36세,경상
2021051700100055,2021년 5월 17일 07시,월요일,서울특별시 영등포구 여의도동,경상사고,0,0,1,0,차대사람 - 기타,보행자보호의무위반,포장 - 젖음/습기,비,교차로 - 교차로횡단보도내,기타불명,기타불명,미분류,기타불명,보행자,여,56세,경상
2021051700100072,2021년 5월 17일 08시,월요일,서울특별시 동작구 사당동,중상사고,0,1,1,0,차대사람 - 기타,안전운전불이행,포장 - 건조,맑음,단일로 - 기타,화물,남,60세,상해없음,보행자,여,38세,중상
2021051700100139,2021년 5월 17일 10시,월요일,서울특별시 서초구 원지동,경상사고,0,0,1,0,차대사람 - 차도통행중,안전운전불이행,포장 - 젖음/습기,비,주차장 - 주차장,승용,남,61세,상해없음,보행자,남,26세,경상
2021051700100159,2021년 5월 17일 11시,월요일,서울특별시 종로구 세종로,중상사고,0,1,0,0,차대사람 - 기타,안전운전불이행,비포장 - 젖음/습기,비,단일로 - 기타,화물,남,38세,상해없음,보행자,남,73세,중상
2021051700100241,2021년 5월 17일 14시,월요일,서울특별시 동작구 신대방동,중상사고,0,1,0,0,차대사람 - 횡단중,보행자보호의무위반,포장 - 건조,맑음,교차로 - 교차로횡단보도내,화물,남,62세,상해없음,보행자,여,64세,중상
2021051700100242,2021년 5월 17일 14시,월요일,서울특별시 강서구 방화동,중상사고,0,1,0,0,차대사람 - 기타,안전운전불이행,포장 - 건조,맑음,단일로 - 기타,화물,남,38세,상해없음,보행자,여,59세,중상
2021051700100272,2021년 5월 17일 15시,월요일,서울특별시 구로구 구로동,경상사고,0,0,1,0,차대사람 - 기타,안전운전불이행,포장 - 건조,맑음,단일로 - 기타,승용,여,46세,상해없음,보행자,여,8세,경상
2021051700100336,2021년 5월 17일 17시,월요일,서울특별시 성북구 종암동,중상사고,0,1,0,0,차대사람 - 기타,안전운전불이행,포장 - 건조,맑음,교차로 - 교차로안,화물,남,60세,상해없음,보행자,여,88세,중상
2021051700100416,2021년 5월 17일 19시,월요일,서울특별시 송파구 문정동,경상사고,0,0,1,0,차대사람 - 기타,안전운전불이행,포장 - 건조,기타,기타 - 기타,승용,남,34세,상해없음,보행자,남,80세,경상
2021051700100419,2021년 5월 17일 19시,월요일,서울특별시 양천구 신월동,중상사고,0,1,0,0,차대사람 - 보도통행중,신호위반,포장 - 건조,맑음,교차로 - 교차로안,승용,남,63세,상해없음,보행자,남,62세,중상
2021051700100420,2021년 5월 17일 19시,월요일,서울특별시 양천구 목동,부상신고사고,0,0,0,1,차대사람 - 기타,안전운전불이행,포장 - 건조,맑음,단일로 - 기타,승용,남,52세,상해없음,보행자,여,84세,부상신고
2021051700100448,2021년 5월 17일 20시,월요일,서울특별시 관악구 신림동,경상사고,0,0,1,0,차대사람 - 길가장자리구역통행중,안전운전불이행,포장 - 건조,맑음,단일로 - 기타,승용,남,35세,상해없음,보행자,여,28세,경상
2021051700100449,2021년 5월 17일 20시,월요일,서울특별시 강동구 길동,경상사고,0,0,1,0,차대사람 - 차도통행중,안전운전불이행,포장 - 건조,맑음,단일로 - 기타,승용,남,51세,상해없음,보행자,남,30세,경상
2021051700100450,2021년 5월 17일 20시,월요일,서울특별시 송파구 마천동,경상사고,0,0,1,0,차대사람 - 횡단중,안전운전불이행,포장 - 건조,기타,단일로 - 기타,승용,남,65세,상해없음,보행자,남,34세,경상
2021051700100480,2021년 5월 17일 21시,월요일,서울특별시 동작구 대방동,경상사고,0,0,1,0,차대사람 - 기타,안전운전불이행,포장 - 건조,맑음,단일로 - 기타,승용,남,65세,상해없음,보행자,여,36세,경상
2021051700100481,2021년 5월 17일 21시,월요일,서울특별시 중랑구 면목동,중상사고,0,2,0,0,차대사람 - 횡단중,신호위반,포장 - 건조,맑음,교차로 - 교차로횡단보도내,승용,남,62세,상해없음,보행자,여,57세,중상
2021051800100002,2021년 5월 18일 00시,화요일,서울특별시 강동구 성내동,경상사고,0,0,1,0,차대사람 - 기타,안전운전불이행,포장 - 건조,맑음,단일로 - 기타,승용,남,77세,상해없음,보행자,남,56세,경상
2021051800100011,2021년 5월 18일 01시,화요일,서울특별시 동작구 대방동,경상사고,0,0,1,0,차대사람 - 횡단중,안전운전불이행,포장 - 건조,맑음,단일로 - 기타,승용,남,41세,상해없음,보행자,남,33세,경상
2021051800100029,2021년 5월 18일 05시,화요일,서울특별시 중구 소공동,중상사고,0,1,0,0,차대사람 - 기타,안전운전불이행,포장 - 건조,맑음,단일로 - 기타,승합,남,58세,상해없음,보행자,여,73세,중상
2021051800100069,2021년 5월 18일 08시,화요일,서울특별시 강서구 방화동,경상사고,0,0,1,0,차대사람 - 기타,안전운전불이행,포장 - 건조,맑음,교차로 - 교차로안,화물,남,34세,상해없음,보행자,남,80세,경상
2021051800100149,2021년 5월 18일 11시,화요일,서울특별시 양천구 목동,부상신고사고,0,0,0,1,차대사람 - 기타,안전운전불이행,포장 - 건조,맑음,교차로 - 교차로부근,승용,여,29세,상해없음,보행자,여,57세,부상신고
2021051800100174,2021년 5월 18일 12시,화요일,서울특별시 중구 신당동,중상사고,0,1,0,0,차대사람 - 길가장자리구역통행중,중앙선침범,포장 - 건조,맑음,기타 - 기타,승용,남,86세,상해없음,보행자,남,61세,중상
2021051800100239,2021년 5월 18일 14시,화요일,서울특별시 종로구 숭인동,부상신고사고,0,0,0,1,차대사람 - 기타,안전운전불이행,포장 - 건조,맑음,단일로 - 기타,자전거,남,49세,부상신고,보행자,남,71세,상해없음
2021051800100328,2021년 5월 18일 16시,화요일,서울특별시 강북구 수유동,중상사고,0,1,0,0,차대사람 - 차도통행중,안전운전불이행,포장 - 건조,맑음,단일로 - 기타,승용,남,68세,상해없음,보행자,남,47세,중상
2021051800100331,2021년 5월 18일 16시,화요일,서울특별시 동작구 상도동,경상사고,0,0,1,0,차대사람 - 기타,안전운전불이행,포장 - 건조,맑음,기타 - 기타,자전거,남,12세,상해없음,보행자,여,76세,경상
2021051800100418,2021년 5월 18일 18시,화요일,서울특별시 마포구 동교동,중상사고,0,1,0,0,차대사람 - 기타,안전운전불이행,포장 - 건조,맑음,교차로 - 교차로안,승합,남,27세,상해없음,보행자,여,21세,중상
2021051800100475,2021년 5월 18일 19시,화요일,서울특별시 강동구 길동,경상사고,0,0,1,0,차대사람 - 기타,안전운전불이행,포장 - 건조,맑음,단일로 - 기타,승용,남,63세,상해없음,보행자,여,69세,경상