사고번호,사고일시,요일,시군구,사고내용,사망자수,중상자수,경상자수,부상신고자수,사고유형,법규위반,노면상태,기상상태,도로형태,가해운전자 차종,가해운전자 성별,가해운전자 연령,가해운전자 상해정도,피해운전자 차종,피해운전자 성별,피해운전자 연령,피해운전자 상해정도
2021051800100506,2021년 5월 18일 20시,화요일,서울특별시 용산구 용산동2가,경상사고,0,0,1,0,차대사람 - 기타,안전운전불이행,포장 - 건조,맑음,교차로 - 교차로부근,승용,여,34세,상해없음,보행자,남,44세,경상
2021051800100509,2021년 5월 18일 20시,화요일,서울특별시 서초구 서초동,경상사고,0,0,1,0,차대사람 - 기타,기타,포장 - 건조,맑음,단일로 - 기타,승합,남,52세,상해없음,보행자,여,45세,경상
2021051800100510,2021년 5월 18일 20시,화요일,서울특별시 동작구 동작동,경상사고,0,0,1,0,차대사람 - 횡단중,보행자보호의무위반,포장 - 건조,맑음,단일로 - 기타,승용,여,61세,상해없음,보행자,남,26세,경상
2021051800100539,2021년 5월 18일 21시,화요일,서울특별시 영등포구 여의도동,사망사고,1,0,0,0,차대사람 - 횡단중,안전운전불이행,포장 - 건조,맑음,기타 - 기타,승합,남,53세,상해없음,보행자,여,30세,사망
2021051800100542,2021년 5월 18일 21시,화요일,서울특별시 강남구 논현동,경상사고,0,0,1,0,차대사람 - 기타,안전운전불이행,포장 - 건조,맑음,단일로 - 기타,승용,남,71세,상해없음,보행자,남,21세,경상
2021051800100569,2021년 5월 18일 22시,화요일,서울특별시 은평구 신사동,중상사고,0,1,0,0,차대사람 - 횡단중,보행자보호의무위반,포장 - 건조,맑음,교차로 - 교차로횡단보도내,승용,남,61세,상해없음,보행자,여,27세,중상
2021051800100574,2021년 5월 18일 22시,화요일,서울특별시 강서구 마곡동,경상사고,0,0,1,0,차대사람 - 기타,안전운전불이행,포장 - 건조,맑음,단일로 - 기타,이륜,남,18세,상해없음,보행자,남,30세,경상
2021051800100575,2021년 5월 18일 22시,화요일,서울특별시 강남구 대치동,경상사고,0,0,1,0,차대사람 - 기타,안전운전불이행,포장 - 건조,맑음,교차로 - 교차로안,기타불명,기타불명,미분류,기타불명,보행자,남,13세,경상
2021051900100032,2021년 5월 19일 03시,수요일,서울특별시 강남구 역삼동,중상사고,0,1,0,0,차대사람 - 기타,안전운전불이행,포장 - 젖음/습기,맑음,단일로 - 기타,개인형이동수단(PM),남,33세,상해없음,보행자,여,40세,중상
2021051900100068,2021년 5월 19일 08시,수요일,서울특별시 용산구 보광동,경상사고,0,0,1,0,차대사람 - 기타,안전운전불이행,포장 - 건조,맑음,교차로 - 교차로안,승합,남,60세,상해없음,보행자,여,60세,경상
2021051900100114,2021년 5월 19일 10시,수요일,서울특별시 광진구 화양동,경상사고,0,0,1,0,차대사람 - 길가장자리구역통행중,안전운전불이행,포장 - 건조,맑음,단일로 - 기타,이륜,남,26세,상해없음,보행자,여,27세,경상
2021051900100153,2021년 5월 19일 11시,수요일,서울특별시 관악구 신림동,경상사고,0,0,1,0,차대사람 - 차도통행중,보행자보호의무위반,포장 - 건조,맑음,단일로 - 기타,승용,남,60세,상해없음,보행자,남,45세,경상
2021051900100155,2021년 5월 19일 11시,수요일,서울특별시 강서구 화곡동,경상사고,0,0,1,0,차대사람 - 차도통행중,안전운전불이행,포장 - 건조,맑음,단일로 - 기타,자전거,남,41세,상해없음,보행자,남,38세,경상
2021051900100157,2021년 5월 19일 11시,수요일,서울특별시 양천구 목동,경상사고,0,0,1,0,차대사람 - 기타,안전운전불이행,포장 - 건조,맑음,교차로 - 교차로횡단보도내,화물,남,56세,상해없음,보행자,여,86세,경상
2021051900100189,2021년 5월 19일 12시,수요일,서울특별시 은평구 역촌동,부상신고사고,0,0,0,1,차대사람 - 횡단중,안전운전불이행,포장 - 건조,맑음,교차로 - 교차로안,자전거,남,43세,기타불명,보행자,여,8세,부상신고
2021051900100194,2021년 5월 19일 12시,수요일,서울특별시 강서구 화곡동,경상사고,0,0,1,0,차대사람 - 기타,기타,포장 - 건조,맑음,기타 - 기타,승합,남,71세,상해없음,보행자,여,67세,경상
2021051900100299,2021년 5월 19일 15시,수요일,서울특별시 서대문구 충정로3가,중상사고,0,1,0,0,차대사람 - 횡단중,신호위반,포장 - 건조,맑음,교차로 - 교차로횡단보도내,승용,남,72세,상해없음,보행자,여,27세,중상
2021051900100367,2021년 5월 19일 17시,수요일,서울특별시 서대문구 북가좌동,중상사고,0,1,0,0,차대사람 - 횡단중,신호위반,포장 - 건조,맑음,교차로 - 교차로부근,이륜,여,30세,상해없음,보행자,남,82세,중상
2021051900100370,2021년 5월 19일 17시,수요일,서울특별시 마포구 망원동,경상사고,0,0,1,0,차대사람 - 기타,안전운전불이행,포장 - 건조,맑음,단일로 - 기타,승용,남,26세,상해없음,보행자,여,31세,경상
2021051900100372,2021년 5월 19일 17시,수요일,서울특별시 양천구 신정동,중상사고,0,1,0,0,차대사람 - 기타,안전운전불이행,포장 - 건조,맑음,기타 - 기타,화물,남,57세,상해없음,보행자,남,72세,중상
2021051900100376,2021년 5월 19일 17시,수요일,서울특별시 도봉구 방학동,부상신고사고,0,0,0,1,차대사람 - 횡단중,안전운전불이행,포장 - 건조,맑음,주차장 - 주차장,승용,여,40세,상해없음,보행자,남,7세,부상신고
2021051900100412,2021년 5월 19일 18시,수요일,서울특별시 동대문구 장안동,경상사고,0,0,1,0,차대사람 - 기타,안전운전불이행,포장 - 건조,맑음,기타 - 기타,자전거,남,23세,상해없음,보행자,남,63세,경상
2021051900100413,2021년 5월 19일 18시,수요일,서울특별시 동대문구 이문동,중상사고,0,1,0,0,차대사람 - 기타,안전운전불이행,포장 - 건조,맑음,단일로 - 기타,승용,여,36세,상해없음,보행자,남,76세,중상
2021051900100416,2021년 5월 19일 18시,수요일,서울특별시 강동구 길동,중상사고,0,1,0,0,차대사람 - 기타,안전운전불이행,포장 - 건조,맑음,교차로 - 교차로안,승용,남,50세,상해없음,보행자,여,67세,중상
2021051900100419,2021년 5월 19일 18시,수요일,서울특별시 도봉구 쌍문동,중상사고,0,1,0,0,차대사람 - 차도통행중,보행자보호의무위반,포장 - 건조,맑음,단일로 - 기타,승용,남,65세,상해없음,보행자,여,80세,중상
2021051900100448,2021년 5월 19일 19시,수요일,서울특별시 강서구 화곡동,경상사고,0,0,1,0,차대사람 - 횡단중,안전운전불이행,포장 - 건조,맑음,교차로 - 교차로부근,원동기,남,21세,기타불명,보행자,남,36세,경상
2021051900100449,2021년 5월 19일 19시,수요일,서울특별시 양천구 신월동,경상사고,0,0,1,0,차대사람 - 횡단중,보행자보호의무위반,포장 - 건조,맑음,교차로 - 교차로횡단보도내,승용,여,62세,상해없음,보행자,여,60세,경상
2021051900100495,2021년 5월 19일 21시,수요일,서울특별시 강동구 길동,중상사고,0,1,0,0,차대사람 - 기타,안전운전불이행,포장 - 건조,맑음,단일로 - 기타,승용,남,43세,상해없음,보행자,남,40세,중상
2021051900100510,2021년 5월 19일 22시,수요일,서울특별시 강남구 논현동,경상사고,0,0,1,0,차대사람 - 기타,안전운전불이행,포장 - 건조,맑음,주차장 - 주차장,승용,남,56세,상해없음,보행자,남,36세,경상
2021052000100001,2021년 5월 20일 00시,목요일,서울특별시 강북구 번동,중상사고,0,1,0,0,차대사람 - 횡단중,과속,포장 - 건조,맑음,교차로 - 교차로안,승용,남,66세,상해없음,보행자,남,73세,중상
2021052000100038,2021년 5월 20일 07시,목요일,서울특별시 동대문구 전농동,중상사고,0,1,0,0,차대사람 - 횡단중,안전운전불이행,포장 - 젖음/습기,비,교차로 - 교차로부근,승용,여,41세,상해없음,보행자,남,69세,중상
2021052000100060,2021년 5월 20일 08시,목요일,서울특별시 강서구 화곡동,중상사고,0,1,0,0,차대사람 - 기타,안전운전불이행,포장 - 건조,맑음,단일로 - 기타,승용,여,43세,상해없음,보행자,여,19세,중상
2021052000100089,2021년 5월 20일 09시,목요일,서울특별시 영등포구 양화동,중상사고,0,1,0,0,차대사람 - 기타,안전운전불이행,포장 - 건조,맑음,기타 - 기타,자전거,남,16세,상해없음,보행자,남,57세,중상
2021052000100090,2021년 5월 20일 09시,목요일,서울특별시 중랑구 묵동,경상사고,0,0,1,0,차대사람 - 기타,안전운전불이행,비포장 - 건조,맑음,기타 - 기타,화물,남,47세,상해없음,보행자,남,43세,경상
2021052000100115,2021년 5월 20일 10시,목요일,서울특별시 동작구 상도동,경상사고,0,0,1,0,차대사람 - 횡단중,보행자보호의무위반,포장 - 건조,맑음,교차로 - 교차로횡단보도내,승용,남,27세,상해없음,보행자,남,60세,경상
2021052000100200,2021년 5월 20일 13시,목요일,서울특별시 강동구 고덕동,중상사고,0,1,0,0,차대사람 - 길가장자리구역통행중,안전운전불이행,포장 - 건조,맑음,단일로 - 기타,승용,여,65세,상해없음,보행자,남,8세,중상
2021052000100230,2021년 5월 20일 14시,목요일,서울특별시 강서구 마곡동,경상사고,0,0,1,0,차대사람 - 횡단중,안전운전불이행,포장 - 건조,흐림,단일로 - 기타,승합,남,56세,상해없음,보행자,남,9세,경상
2021052000100292,2021년 5월 20일 16시,목요일,서울특별시 강서구 염창동,중상사고,0,1,0,0,차대사람 - 횡단중,보행자보호의무위반,포장 - 건조,맑음,단일로 - 기타,승합,남,30세,상해없음,보행자,여,65세,중상
2021052000100327,2021년 5월 20일 17시,목요일,서울특별시 양천구 목동,중상사고,0,1,0,0,차대사람 - 횡단중,신호위반,포장 - 건조,맑음,단일로 - 기타,승용,남,62세,상해없음,보행자,여,18세,중상
2021052000100365,2021년 5월 20일 18시,목요일,서울특별시 은평구 신사동,중상사고,0,1,0,1,차대사람 - 횡단중,중앙선침범,포장 - 건조,맑음,단일로 - 기타,이륜,남,18세,부상신고,보행자,여,55세,중상
2021052000100402,2021년 5월 20일 19시,목요일,서울특별시 용산구 한강로2가,중상사고,0,1,0,0,차대사람 - 기타,안전운전불이행,포장 - 건조,맑음,교차로 - 교차로부근,승용,남,38세,상해없음,보행자,여,50세,중상
2021052000100405,2021년 5월 20일 19시,목요일,서울특별시 강동구 상일동,부상신고사고,0,0,0,1,차대사람 - 기타,안전운전불이행,포장 - 건조,맑음,단일로 - 기타,승합,남,51세,상해없음,보행자,여,73세,부상신고
2021052000100447,2021년 5월 20일 20시,목요일,서울특별시 강동구 고덕동,경상사고,0,0,1,0,차대사람 - 횡단중,안전운전불이행,포장 - 젖음/습기,비,교차로 - 교차로안,승용,남,66세,상해없음,보행자,남,56세,경상
2021052000100487,2021년 5월 20일 21시,목요일,서울특별시 광진구 자양동,중상사고,0,1,0,0,차대사람 - 횡단중,보행자보호의무위반,포장 - 젖음/습기,비,교차로 - 교차로안,승용,남,61세,상해없음,보행자,남,50세,중상
2021052000100488,2021년 5월 20일 21시,목요일,서울특별시 광진구 자양동,경상사고,0,0,1,0,차대사람 - 횡단중,신호위반,포장 - 건조,기타,단일로 - 기타,승용,여,40세,기타불명,보행자,남,37세,경상
2021052000100490,2021년 5월 20일 21시,목요일,서울특별시 강남구 논현동,중상사고,0,1,0,0,차대사람 - 기타,기타,포장 - 건조,맑음,기타 - 기타,승용,남,55세,상해없음,보행자,남,34세,중상
2021052000100521,2021년 5월 20일 22시,목요일,서울특별시 서대문구 남가좌동,경상사고,0,0,1,0,차대사람 - 기타,보행자보호의무위반,포장 - 젖음/습기,흐림,교차로 - 교차로횡단보도내,승용,여,49세,상해없음,보행자,남,16세,경상
2021052000100522,2021년 5월 20일 22시,목요일,서울특별시 광진구 자양동,중상사고,0,1,0,0,차대사람 - 횡단중,안전운전불이행,포장 - 젖음/습기,비,단일로 - 기타,이륜,남,26세,상해없음,보행자,여,55세,중상
2021052000100525,2021년 5월 20일 22시,목요일,서울특별시 중랑구 중화동,중상사고,0,1,0,0,차대사람 - 기타,중앙선침범,포장 - 젖음/습기,비,단일로 - 기타,승용,남,45세,상해없음,보행자,남,61세,중상
2021052000100554,2021년 5월 20일 23시,목요일,서울특별시 중구 장충동2가,경상사고,0,0,1,0,차대사람 - 횡단중,신호위반,포장 - 젖음/습기,비,단일로 - 기타,이륜,남,22세,상해없음,보행자,남,26세,경상
2021052100100102,2021년 5월 21일 09시,금요일,서울특별시 은평구 신사동,경상사고,0,0,1,0,차대사람 - 차도통행중,안전운전불이행,포장 - 건조,맑음,단일로 - 기타,화물,남,51세,상해없음,보행자,여,71세,경상
2021052100100105,2021년 5월 21일 09시,금요일,서울특별시 송파구 송파동,경상사고,0,0,1,0,차대사람 - 횡단중,보행자보호의무위반,포장 - 젖음/습기,흐림,교차로 - 교차로횡단보도내,승용,남,64세,상해없음,보행자,남,40세,경상
2021052100100128,2021년 5월 21일 10시,금요일,서울특별시 서대문구 남가좌동,중상사고,0,1,0,0,차대사람 - 횡단중,신호위반,포장 - 젖음/습기,비,교차로 - 교차로횡단보도내,이륜,남,21세,상해없음,보행자,여,58세,중상
2021052100100130,2021년 5월 21일 10시,금요일,서울특별시 영등포구 신길동,경상사고,0,0,1,0,차대사람 - 기타,신호위반,포장 - 건조,맑음,교차로 - 교차로안,승용,남,73세,상해없음,보행자,여,54세,경상
2021052100100152,2021년 5월 21일 11시,금요일,서울특별시 성동구 행당동,경상사고,0,0,2,0,차대사람 - 횡단중,기타,포장 - 건조,맑음,기타 - 기타,승용,남,25세,상해없음,보행자,여,42세,경상
2021052100100153,2021년 5월 21일 11시,금요일,서울특별시 강남구 신사동,경상사고,0,0,1,0,차대사람 - 기타,안전운전불이행,포장 - 건조,흐림,교차로 - 교차로안,승용,남,58세,상해없음,보행자,여,24세,경상
2021052100100157,2021년 5월 21일 11시,금요일,서울특별시 도봉구 쌍문동,경상사고,0,0,1,0,차대사람 - 기타,교차로운행방법위반,포장 - 기타,맑음,교차로 - 교차로안,승용,여,44세,상해없음,보행자,여,77세,경상
2021052100100209,2021년 5월 21일 13시,금요일,서울특별시 송파구 송파동,경상사고,0,0,1,0,차대사람 - 기타,안전운전불이행,포장 - 건조,기타,교차로 - 교차로안,이륜,남,41세,상해없음,보행자,여,87세,경상
2021052100100211,2021년 5월 21일 13시,금요일,서울특별시 구로구 고척동,경상사고,0,0,1,0,차대사람 - 횡단중,안전운전불이행,포장 - 건조,맑음,단일로 - 기타,화물,남,50세,상해없음,보행자,여,22세,경상
2021052100100285,2021년 5월 21일 15시,금요일,서울특별시 종로구 혜화동,경상사고,0,0,1,0,차대사람 - 차도통행중,안전운전불이행,포장 - 젖음/습기,비,단일로 - 기타,승용,여,54세,상해없음,보행자,남,24세,경상
2021052100100289,2021년 5월 21일 15시,금요일,서울특별시 강남구 삼성동,중상사고,0,1,0,0,차대사람 - 차도통행중,안전운전불이행,포장 - 건조,맑음,단일로 - 기타,승용,남,23세,상해없음,보행자,여,81세,중상
2021052100100291,2021년 5월 21일 15시,금요일,서울특별시 송파구 거여동,경상사고,0,0,1,0,차대사람 - 횡단중,보행자보호의무위반,포장 - 건조,맑음,교차로 - 교차로횡단보도내,승합,남,63세,상해없음,보행자,남,87세,경상
2021052100100338,2021년 5월 21일 16시,금요일,서울특별시 중구 중림동,경상사고,0,0,1,0,차대사람 - 기타,안전운전불이행,포장 - 건조,맑음,단일로 - 기타,승용,여,42세,상해없음,보행자,여,21세,경상
2021052100100340,2021년 5월 21일 16시,금요일,서울특별시 강북구 번동,중상사고,0,1,0,0,차대사람 - 길가장자리구역통행중,안전운전불이행,포장 - 건조,맑음,교차로 - 교차로부근,승용,여,25세,상해없음,보행자,여,68세,중상
2021052100100424,2021년 5월 21일 18시,금요일,서울특별시 동작구 사당동,경상사고,0,0,2,0,차대사람 - 횡단중,보행자보호의무위반,포장 - 건조,맑음,교차로 - 교차로횡단보도내,승용,여,50세,상해없음,보행자,남,17세,경상
2021052100100467,2021년 5월 21일 19시,금요일,서울특별시 동작구 사당동,경상사고,0,0,1,0,차대사람 - 길가장자리구역통행중,안전운전불이행,포장 - 건조,맑음,단일로 - 기타,승용,남,60세,상해없음,보행자,남,65세,경상
2021052100100508,2021년 5월 21일 20시,금요일,서울특별시 송파구 가락동,중상사고,0,1,0,0,차대사람 - 횡단중,신호위반,포장 - 건조,맑음,단일로 - 기타,승용,여,46세,상해없음,보행자,여,30세,중상
2021052100100529,2021년 5월 21일 21시,금요일,서울특별시 영등포구 여의도동,경상사고,0,0,1,0,차대사람 - 기타,안전운전불이행,포장 - 건조,맑음,단일로 - 기타,자전거,여,41세,경상,보행자,여,49세,상해없음
2021052100100531,2021년 5월 21일 21시,금요일,서울특별시 관악구 신림동,경상사고,0,0,1,0,차대사람 - 기타,안전운전불이행,포장 - 건조,맑음,교차로 - 교차로부근,이륜,남,18세,상해없음,보행자,남,50세,경상
2021052100100558,2021년 5월 21일 22시,금요일,서울특별시 송파구 송파동,경상사고,0,0,1,0,차대사람 - 보도통행중,기타,포장 - 건조,맑음,단일로 - 기타,승용,남,49세,상해없음,보행자,남,43세,경상
2021052200100011,2021년 5월 22일 01시,토요일,서울특별시 마포구 서교동,경상사고,0,0,1,0,차대사람 - 횡단중,안전운전불이행,포장 - 건조,맑음,교차로 - 교차로안,기타불명,기타불명,미분류,기타불명,보행자,남,23세,경상
2021052200100012,2021년 5월 22일 01시,토요일,서울특별시 마포구 합정동,중상사고,0,1,0,0,차대사람 - 횡단중,안전운전불이행,포장 - 건조,맑음,단일로 - 기타,승용,남,60세,상해없음,보행자,남,31세,중상
2021052200100039,2021년 5월 22일 04시,토요일,서울특별시 은평구 녹번동,경상사고,0,0,1,0,차대사람 - 횡단중,신호위반,포장 - 건조,맑음,단일로 - 기타,승용,남,61세,상해없음,보행자,여,25세,경상
2021052200100073,2021년 5월 22일 08시,토요일,서울특별시 도봉구 창동,중상사고,0,1,0,1,차대사람 - 횡단중,신호위반,포장 - 건조,맑음,교차로 - 교차로횡단보도내,자전거,남,38세,부상신고,보행자,여,46세,중상
2021052200100089,2021년 5월 22일 09시,토요일,서울특별시 동대문구 제기동,중상사고,0,1,1,0,차대사람 - 기타,안전운전불이행,포장 - 건조,맑음,단일로 - 기타,원동기,남,77세,상해없음,보행자,남,58세,경상
2021052200100150,2021년 5월 22일 11시,토요일,서울특별시 송파구 잠실동,중상사고,0,1,0,0,차대사람 - 보도통행중,보행자보호의무위반,포장 - 건조,맑음,교차로 - 교차로횡단보도내,승용,남,60세,상해없음,보행자,여,42세,중상
2021052200100179,2021년 5월 22일 12시,토요일,서울특별시 영등포구 당산동3가,중상사고,0,1,0,0,차대사람 - 횡단중,신호위반,포장 - 건조,맑음,단일로 - 기타,승용,남,59세,상해없음,보행자,남,86세,중상
2021052200100183,2021년 5월 22일 12시,토요일,서울특별시 강서구 마곡동,중상사고,0,1,0,0,차대사람 - 기타,안전운전불이행,포장 - 건조,맑음,단일로 - 기타,자전거,여,60세,중상,보행자,여,23세,상해없음
2021052200100222,2021년 5월 22일 13시,토요일,서울특별시 은평구 신사동,중상사고,0,1,0,0,차대사람 - 기타,안전운전불이행,포장 - 건조,맑음,교차로 - 교차로부근,화물,남,65세,상해없음,보행자,여,84세,중상
2021052200100263,2021년 5월 22일 14시,토요일,서울특별시 동대문구 장안동,중상사고,0,1,0,0,차대사람 - 횡단중,보행자보호의무위반,포장 - 건조,맑음,단일로 - 기타,승용,남,56세,상해없음,보행자,남,85세,중상
2021052200100317,2021년 5월 22일 15시,토요일,서울특별시 성북구 동선동1가,중상사고,0,1,0,0,차대사람 - 기타,기타,포장 - 건조,맑음,단일로 - 기타,승합,남,52세,상해없음,보행자,여,68세,중상
2021052200100365,2021년 5월 22일 16시,토요일,서울특별시 은평구 역촌동,중상사고,0,1,0,0,차대사람 - 횡단중,신호위반,포장 - 건조,맑음,교차로 - 교차로횡단보도내,승용,여,54세,상해없음,보행자,여,31세,중상
2021052200100367,2021년 5월 22일 16시,토요일,서울특별시 관악구 신림동,중상사고,0,1,0,0,차대사람 - 기타,안전운전불이행,포장 - 기타,기타,기타 - 기타,승용,남,45세,상해없음,보행자,여,88세,중상
2021052200100411,2021년 5월 22일 17시,토요일,서울특별시 송파구 잠실동,부상신고사고,0,0,0,1,차대사람 - 횡단중,안전운전불이행,포장 - 건조,맑음,단일로 - 기타,자전거,남,28세,부상신고,보행자,여,38세,상해없음
2021052200100454,2021년 5월 22일 18시,토요일,서울특별시 금천구 시흥동,경상사고,0,0,1,0,차대사람 - 기타,안전운전불이행,포장 - 건조,맑음,단일로 - 기타,승용,남,57세,상해없음,보행자,여,10세,경상
2021052200100520,2021년 5월 22일 20시,토요일,서울특별시 영등포구 영등포동3가,경상사고,0,0,1,0,차대사람 - 차도통행중,신호위반,포장 - 건조,맑음,단일로 - 기타,이륜,남,43세,상해없음,보행자,남,29세,경상
2021052200100522,2021년 5월 22일 20시,토요일,서울특별시 구로구 개봉동,경상사고,0,0,1,0,차대사람 - 기타,안전운전불이행,포장 - 건조,맑음,기타 - 기타,자전거,여,36세,상해없음,보행자,여,71세,경상
2021052200100572,2021년 5월 22일 22시,토요일,서울특별시 용산구 한남동,경상사고,0,0,1,0,차대사람 - 횡단중,보행자보호의무위반,포장 - 건조,맑음,단일로 - 기타,자전거,남,47세,상해없음,보행자,남,29세,경상
2021052200100573,2021년 5월 22일 22시,토요일,서울특별시 마포구 동교동,부상신고사고,0,0,0,1,차대사람 - 기타,안전운전불이행,포장 - 건조,맑음,단일로 - 기타,승용,여,21세,상해없음,보행자,여,21세,부상신고
2021052200100574,2021년 5월 22일 22시,토요일,서울특별시 성동구 행당동,경상사고,0,0,1,0,차대사람 - 횡단중,신호위반,포장 - 건조,맑음,교차로 - 교차로횡단보도내,이륜,남,26세,기타불명,보행자,남,53세,경상
2021052300100045,2021년 5월 23일 08시,일요일,서울특별시 송파구 잠실동,중상사고,0,1,1,0,차대사람 - 횡단중,안전운전불이행,포장 - 건조,맑음,단일로 - 기타,자전거,남,43세,상해없음,보행자,여,47세,경상
2021052300100065,2021년 5월 23일 10시,일요일,서울특별시 광진구 자양동,중상사고,0,1,0,0,차대사람 - 기타,보행자보호의무위반,포장 - 건조,맑음,기타 - 기타,승용,여,23세,상해없음,보행자,여,61세,중상
2021052300100068,2021년 5월 23일 10시,일요일,서울특별시 동작구 대방동,중상사고,0,1,0,0,차대사람 - 보도통행중,보행자보호의무위반,포장 - 건조,맑음,교차로 - 교차로부근,승용,여,50세,상해없음,보행자,남,63세,중상
2021052300100070,2021년 5월 23일 10시,일요일,서울특별시 송파구 장지동,중상사고,0,1,0,0,차대사람 - 기타,안전운전불이행,포장 - 건조,맑음,단일로 - 기타,자전거,남,62세,상해없음,보행자,여,29세,중상
2021052300100089,2021년 5월 23일 11시,일요일,서울특별시 강북구 수유동,경상사고,0,0,1,0,차대사람 - 기타,안전운전불이행,포장 - 건조,맑음,교차로 - 교차로안,승용,여,65세,상해없음,보행자,여,20세,경상
2021052300100114,2021년 5월 23일 12시,일요일,서울특별시 노원구 월계동,경상사고,0,0,1,0,차대사람 - 횡단중,보행자보호의무위반,포장 - 건조,맑음,교차로 - 교차로안,승용,남,60세,상해없음,보행자,여,60세,경상
2021052300100240,2021년 5월 23일 16시,일요일,서울특별시 동작구 상도동,경상사고,0,0,1,0,차대사람 - 차도통행중,안전운전불이행,포장 - 건조,맑음,단일로 - 기타,승용,남,67세,상해없음,보행자,남,37세,경상
2021052300100262,2021년 5월 23일 17시,일요일,서울특별시 동작구 대방동,중상사고,0,1,0,0,차대사람 - 기타,보행자보호의무위반,포장 - 건조,맑음,교차로 - 교차로안,자전거,남,25세,기타불명,보행자,여,84세,중상
2021052300100287,2021년 5월 23일 18시,일요일,서울특별시 영등포구 문래동6가,중상사고,0,1,0,0,차대사람 - 길가장자리구역통행중,안전운전불이행,포장 - 건조,맑음,단일로 - 기타,승용,남,39세,상해없음,보행자,남,70세,중상
2021052300100288,2021년 5월 23일 18시,일요일,서울특별시 영등포구 영등포동3가,경상사고,0,0,1,0,차대사람 - 길가장자리구역통행중,신호위반,포장 - 건조,맑음,단일로 - 기타,승용,남,35세,상해없음,보행자,남,62세,경상
2021052300100351,2021년 5월 23일 20시,일요일,서울특별시 송파구 가락동,중상사고,0,1,0,0,차대사람 - 횡단중,보행자보호의무위반,포장 - 건조,맑음,교차로 - 교차로횡단보도내,승용,남,45세,상해없음,보행자,여,42세,중상
2021052300100401,2021년 5월 23일 22시,일요일,서울특별시 관악구 봉천동,경상사고,0,0,1,0,차대사람 - 횡단중,보행자보호의무위반,포장 - 건조,흐림,교차로 - 교차로부근,승용,여,56세,상해없음,보행자,여,28세,경상
2021052300100403,2021년 5월 23일 22시,일요일,서울특별시 서초구 서초동,경상사고,0,0,1,0,차대사람 - 기타,신호위반,포장 - 건조,맑음,단일로 - 기타,이륜,남,46세,상해없음,보행자,남,26세,경상
2021052300100404,2021년 5월 23일 22시,일요일,서울특별시 서초구 서초동,중상사고,0,1,0,0,차대사람 - 횡단중,안전운전불이행,포장 - 건조,맑음,교차로 - 교차로부근,승용,남,58세,상해없음,보행자,남,24세,중상
2021052400100002,2021년 5월 24일 01시,월요일,서울특별시 광진구 구의동,중상사고,0,1,0,0,차대사람 - 기타,안전운전불이행,포장 - 건조,맑음,기타 - 기타,승용,남,40세,상해없음,보행자,남,26세,중상
2021052400100004,2021년 5월 24일 02시,월요일,서울특별시 성동구 성수동1가,사망사고,1,0,1,0,차대사람 - 기타,신호위반,포장 - 건조,맑음,단일로 - 기타,승용,여,30세,상해없음,보행자,남,59세,사망
2021052400100009,2021년 5월 24일 04시,월요일,서울특별시 서대문구 남가좌동,경상사고,0,0,1,0,차대사람 - 횡단중,안전운전불이행,포장 - 건조,맑음,단일로 - 기타,화물,남,51세,상해없음,보행자,남,53세,경상
2021052400100060,2021년 5월 24일 08시,월요일,서울특별시 도봉구 쌍문동,경상사고,0,0,1,0,차대사람 - 기타,안전운전불이행,포장 - 건조,맑음,교차로 - 교차로부근,승용,여,50세,상해없음,보행자,여,59세,경상
2021052400100098,2021년 5월 24일 09시,월요일,서울특별시 성북구 돈암동,경상사고,0,0,1,0,차대사람 - 기타,안전운전불이행,포장 - 건조,맑음,단일로 - 기타,승용,남,58세,상해없음,보행자,남,67세,경상
2021052400100099,2021년 5월 24일 09시,월요일,서울특별시 동작구 노량진동,중상사고,0,1,0,0,차대사람 - 횡단중,보행자보호의무위반,포장 - 건조,맑음,교차로 - 교차로횡단보도내,승용,여,43세,상해없음,보행자,남,63세,중상
2021052400100126,2021년 5월 24일 10시,월요일,서울특별시 동대문구 전농동,중상사고,0,1,0,0,차대사람 - 횡단중,안전운전불이행,포장 - 건조,맑음,교차로 - 교차로안,화물,남,52세,상해없음,보행자,여,59세,중상
2021052400100127,2021년 5월 24일 10시,월요일,서울특별시 영등포구 여의도동,경상사고,0,0,2,0,차대사람 - 횡단중,보행자보호의무위반,포장 - 건조,맑음,교차로 - 교차로횡단보도내,화물,남,56세,상해없음,보행자,남,40세,경상
2021052400100156,2021년 5월 24일 11시,월요일,서울특별시 종로구 이화동,경상사고,0,0,1,0,차대사람 - 기타,안전운전불이행,포장 - 건조,맑음,단일로 - 기타,화물,남,62세,상해없음,보행자,남,74세,경상
2021052400100186,2021년 5월 24일 12시,월요일,서울특별시 성동구 성수동1가,경상사고,0,0,1,0,차대사람 - 기타,안전운전불이행,포장 - 건조,맑음,단일로 - 기타,승용,남,78세,상해없음,보행자,남,26세,경상
2021052400100223,2021년 5월 24일 13시,월요일,서울특별시 관악구 봉천동,중상사고,0,1,0,0,차대사람 - 기타,안전운전불이행,포장 - 건조,맑음,단일로 - 기타,승용,여,41세,상해없음,보행자,남,65세,중상
2021052400100226,2021년 5월 24일 13시,월요일,서울특별시 노원구 월계동,중상사고,0,1,0,0,차대사람 - 횡단중,안전운전불이행,포장 - 건조,맑음,단일로 - 기타,승용,남,60세,상해없음,보행자,여,6세,중상