사고번호,사고일시,요일,시군구,사고내용,사망자수,중상자수,경상자수,부상신고자수,사고유형,법규위반,노면상태,기상상태,도로형태,가해운전자 차종,가해운전자 성별,가해운전자 연령,가해운전자 상해정도,피해운전자 차종,피해운전자 성별,피해운전자 연령,피해운전자 상해정도
2021052400100249,2021년 5월 24일 14시,월요일,서울특별시 관악구 봉천동,중상사고,0,1,0,0,차대사람 - 횡단중,신호위반,포장 - 건조,맑음,교차로 - 교차로부근,화물,남,64세,상해없음,보행자,남,79세,중상
2021052400100252,2021년 5월 24일 14시,월요일,서울특별시 구로구 구로동,중상사고,0,1,0,0,차대사람 - 보도통행중,기타,포장 - 건조,맑음,단일로 - 기타,이륜,남,52세,상해없음,보행자,남,68세,중상
2021052400100253,2021년 5월 24일 14시,월요일,서울특별시 서초구 서초동,경상사고,0,0,1,0,차대사람 - 기타,안전운전불이행,포장 - 건조,맑음,단일로 - 기타,승용,남,71세,상해없음,보행자,남,32세,경상
2021052400100256,2021년 5월 24일 14시,월요일,서울특별시 서초구 반포동,중상사고,0,1,0,0,차대사람 - 횡단중,신호위반,포장 - 건조,맑음,교차로 - 교차로횡단보도내,화물,남,37세,상해없음,보행자,여,64세,중상
2021052400100257,2021년 5월 24일 14시,월요일,서울특별시 서초구 방배동,중상사고,0,1,1,0,차대사람 - 횡단중,보행자보호의무위반,포장 - 건조,맑음,교차로 - 교차로부근,승합,남,73세,상해없음,보행자,여,9세,중상
2021052400100288,2021년 5월 24일 15시,월요일,서울특별시 성북구 동선동1가,경상사고,0,0,1,0,차대사람 - 기타,안전운전불이행,포장 - 건조,맑음,교차로 - 교차로부근,승용,남,55세,상해없음,보행자,여,55세,경상
2021052400100292,2021년 5월 24일 15시,월요일,서울특별시 강서구 염창동,중상사고,0,1,2,0,차대사람 - 횡단중,보행자보호의무위반,포장 - 건조,맑음,단일로 - 기타,승용,여,68세,상해없음,보행자,여,59세,경상
2021052400100429,2021년 5월 24일 18시,월요일,서울특별시 동작구 사당동,부상신고사고,0,0,0,1,차대사람 - 기타,안전운전불이행,포장 - 건조,기타,교차로 - 교차로부근,승용,남,62세,상해없음,보행자,남,61세,부상신고
2021052400100430,2021년 5월 24일 18시,월요일,서울특별시 강남구 신사동,경상사고,0,0,1,0,차대사람 - 길가장자리구역통행중,안전운전불이행,포장 - 건조,맑음,단일로 - 기타,승용,여,66세,상해없음,보행자,여,74세,경상
2021052400100517,2021년 5월 24일 21시,월요일,서울특별시 마포구 성산동,중상사고,0,1,0,0,차대사람 - 횡단중,신호위반,포장 - 건조,맑음,교차로 - 교차로안,화물,남,47세,상해없음,보행자,남,13세,중상
2021052400100519,2021년 5월 24일 21시,월요일,서울특별시 강남구 청담동,부상신고사고,0,0,0,1,차대사람 - 기타,안전운전불이행,포장 - 건조,맑음,단일로 - 기타,승용,여,36세,상해없음,보행자,남,30세,부상신고
2021052400100538,2021년 5월 24일 22시,월요일,서울특별시 성북구 동선동4가,경상사고,0,0,1,0,차대사람 - 횡단중,신호위반,포장 - 건조,맑음,단일로 - 기타,승용,남,64세,상해없음,보행자,여,22세,경상
2021052500100042,2021년 5월 25일 06시,화요일,서울특별시 성동구 마장동,중상사고,0,1,0,0,차대사람 - 기타,안전운전불이행,포장 - 젖음/습기,비,단일로 - 고가도로위,승용,남,61세,상해없음,보행자,남,47세,중상
2021052500100078,2021년 5월 25일 08시,화요일,서울특별시 용산구 원효로1가,경상사고,0,0,1,0,차대사람 - 횡단중,보행자보호의무위반,포장 - 젖음/습기,비,교차로 - 교차로부근,승용,남,64세,상해없음,보행자,여,42세,경상
2021052500100081,2021년 5월 25일 08시,화요일,서울특별시 동작구 흑석동,경상사고,0,0,1,0,차대사람 - 기타,보행자보호의무위반,포장 - 젖음/습기,비,교차로 - 교차로횡단보도내,승용,여,88세,상해없음,보행자,여,31세,경상
2021052500100083,2021년 5월 25일 08시,화요일,서울특별시 송파구 문정동,경상사고,0,0,1,0,차대사람 - 기타,기타,포장 - 젖음/습기,비,단일로 - 기타,승합,남,62세,상해없음,보행자,여,58세,경상
2021052500100085,2021년 5월 25일 08시,화요일,서울특별시 양천구 목동,경상사고,0,0,1,0,차대사람 - 횡단중,안전운전불이행,포장 - 젖음/습기,비,교차로 - 교차로안,승용,남,52세,상해없음,보행자,여,54세,경상
2021052500100118,2021년 5월 25일 09시,화요일,서울특별시 성북구 돈암동,경상사고,0,0,1,0,차대사람 - 횡단중,신호위반,포장 - 기타,기타,단일로 - 기타,승합,남,62세,상해없음,보행자,여,54세,경상
2021052500100120,2021년 5월 25일 09시,화요일,서울특별시 은평구 갈현동,경상사고,0,0,1,0,차대사람 - 기타,기타,포장 - 건조,맑음,기타 - 기타,승용,여,58세,상해없음,보행자,여,19세,경상
2021052500100152,2021년 5월 25일 10시,화요일,서울특별시 성동구 응봉동,경상사고,0,0,1,0,차대사람 - 기타,기타,포장 - 건조,맑음,단일로 - 기타,화물,남,49세,상해없음,보행자,여,35세,경상
2021052500100156,2021년 5월 25일 10시,화요일,서울특별시 강남구 도곡동,경상사고,0,0,1,0,차대사람 - 횡단중,안전운전불이행,포장 - 건조,맑음,교차로 - 교차로횡단보도내,승용,여,60세,상해없음,보행자,여,32세,경상
2021052500100215,2021년 5월 25일 12시,화요일,서울특별시 중구 인현동2가,부상신고사고,0,0,0,1,차대사람 - 기타,안전운전불이행,포장 - 건조,맑음,단일로 - 기타,이륜,남,33세,부상신고,보행자,기타불명,미분류,기타불명
2021052500100216,2021년 5월 25일 12시,화요일,서울특별시 은평구 응암동,중상사고,0,1,0,0,차대사람 - 보도통행중,기타,포장 - 건조,맑음,단일로 - 기타,승용,남,54세,상해없음,보행자,남,66세,중상
2021052500100219,2021년 5월 25일 12시,화요일,서울특별시 강서구 방화동,중상사고,0,1,0,0,차대사람 - 횡단중,중앙선침범,포장 - 건조,맑음,교차로 - 교차로부근,승용,남,55세,상해없음,보행자,여,72세,중상
2021052500100252,2021년 5월 25일 13시,화요일,서울특별시 구로구 구로동,경상사고,0,0,1,0,차대사람 - 보도통행중,보행자보호의무위반,포장 - 건조,맑음,단일로 - 기타,화물,남,36세,상해없음,보행자,남,64세,경상
2021052500100285,2021년 5월 25일 14시,화요일,서울특별시 성북구 성북동1가,중상사고,0,1,0,0,차대사람 - 횡단중,안전운전불이행,포장 - 건조,맑음,교차로 - 교차로부근,승용,남,48세,상해없음,보행자,남,68세,중상
2021052500100313,2021년 5월 25일 15시,화요일,서울특별시 강북구 수유동,경상사고,0,0,1,0,차대사람 - 차도통행중,안전운전불이행,포장 - 건조,맑음,단일로 - 기타,승용,남,71세,상해없음,보행자,여,75세,경상
2021052500100359,2021년 5월 25일 16시,화요일,서울특별시 광진구 자양동,중상사고,0,1,0,0,차대사람 - 횡단중,신호위반,포장 - 건조,맑음,교차로 - 교차로횡단보도내,화물,남,40세,상해없음,보행자,여,7세,중상
2021052500100360,2021년 5월 25일 16시,화요일,서울특별시 중랑구 묵동,중상사고,0,1,0,0,차대사람 - 기타,안전운전불이행,포장 - 건조,맑음,단일로 - 기타,승용,남,54세,상해없음,보행자,여,13세,중상
2021052500100362,2021년 5월 25일 16시,화요일,서울특별시 송파구 송파동,경상사고,0,0,1,0,차대사람 - 기타,안전운전불이행,포장 - 건조,맑음,단일로 - 기타,승용,남,33세,상해없음,보행자,여,16세,경상
2021052500100363,2021년 5월 25일 16시,화요일,서울특별시 성북구 하월곡동,경상사고,0,0,1,0,차대사람 - 기타,기타,포장 - 건조,맑음,기타 - 기타,승용,남,66세,상해없음,보행자,여,69세,경상
2021052500100364,2021년 5월 25일 16시,화요일,서울특별시 양천구 신정동,경상사고,0,0,1,0,차대사람 - 기타,안전운전불이행,포장 - 건조,맑음,교차로 - 교차로부근,승용,남,73세,상해없음,보행자,여,70세,경상
2021052500100405,2021년 5월 25일 17시,화요일,서울특별시 송파구 잠실동,중상사고,0,1,0,0,차대사람 - 횡단중,보행자보호의무위반,포장 - 젖음/습기,맑음,교차로 - 교차로횡단보도내,승용,여,62세,상해없음,보행자,남,51세,중상
2021052500100458,2021년 5월 25일 18시,화요일,서울특별시 성북구 장위동,경상사고,0,0,1,0,차대사람 - 기타,안전운전불이행,포장 - 건조,맑음,교차로 - 교차로안,승용,남,61세,상해없음,보행자,여,50세,경상
2021052500100494,2021년 5월 25일 19시,화요일,서울특별시 은평구 역촌동,중상사고,0,1,0,0,차대사람 - 기타,안전운전불이행,포장 - 건조,맑음,단일로 - 기타,이륜,남,23세,기타불명,보행자,남,70세,중상
2021052500100495,2021년 5월 25일 19시,화요일,서울특별시 은평구 녹번동,부상신고사고,0,0,0,1,차대사람 - 기타,불법유턴,포장 - 건조,맑음,주차장 - 주차장,승용,남,31세,상해없음,보행자,남,62세,부상신고
2021052500100496,2021년 5월 25일 19시,화요일,서울특별시 마포구 신수동,경상사고,0,0,1,0,차대사람 - 보도통행중,기타,포장 - 건조,맑음,기타 - 기타,이륜,남,29세,상해없음,보행자,여,59세,경상
2021052500100550,2021년 5월 25일 21시,화요일,서울특별시 구로구 구로동,경상사고,0,0,1,0,차대사람 - 횡단중,안전운전불이행,포장 - 건조,맑음,교차로 - 교차로부근,승용,남,39세,상해없음,보행자,남,51세,경상
2021052500100551,2021년 5월 25일 21시,화요일,서울특별시 도봉구 쌍문동,경상사고,0,0,1,0,차대사람 - 기타,기타,포장 - 건조,맑음,교차로 - 교차로안,승용,남,47세,상해없음,보행자,남,61세,경상
2021052500100574,2021년 5월 25일 22시,화요일,서울특별시 강남구 신사동,부상신고사고,0,0,0,1,차대사람 - 기타,신호위반,포장 - 건조,맑음,기타 - 기타,승용,여,22세,상해없음,보행자,여,29세,부상신고
2021052500100575,2021년 5월 25일 22시,화요일,서울특별시 강동구 성내동,경상사고,0,0,1,0,차대사람 - 길가장자리구역통행중,안전운전불이행,포장 - 건조,맑음,단일로 - 기타,승용,여,49세,상해없음,보행자,남,30세,경상
2021052500100594,2021년 5월 25일 23시,화요일,서울특별시 서초구 서초동,부상신고사고,0,0,0,1,차대사람 - 횡단중,안전운전불이행,포장 - 건조,맑음,교차로 - 교차로부근,기타불명,기타불명,미분류,기타불명,보행자,남,35세,부상신고
2021052600100015,2021년 5월 26일 02시,수요일,서울특별시 마포구 동교동,경상사고,0,0,1,0,차대사람 - 횡단중,신호위반,포장 - 건조,맑음,교차로 - 교차로횡단보도내,승용,남,25세,기타불명,보행자,여,24세,경상
2021052600100038,2021년 5월 26일 06시,수요일,서울특별시 양천구 신월동,중상사고,0,1,0,0,차대사람 - 보도통행중,기타,포장 - 건조,맑음,단일로 - 기타,승용,남,29세,상해없음,보행자,여,66세,중상
2021052600100051,2021년 5월 26일 07시,수요일,서울특별시 용산구 한강로1가,경상사고,0,0,1,0,차대사람 - 차도통행중,신호위반,포장 - 건조,맑음,기타 - 기타,승용,남,37세,상해없음,보행자,남,28세,경상
2021052600100054,2021년 5월 26일 07시,수요일,서울특별시 강남구 역삼동,경상사고,0,0,1,0,차대사람 - 횡단중,보행자보호의무위반,포장 - 건조,맑음,단일로 - 기타,승용,여,48세,상해없음,보행자,남,51세,경상
2021052600100072,2021년 5월 26일 08시,수요일,서울특별시 관악구 봉천동,중상사고,0,1,0,0,차대사람 - 차도통행중,안전운전불이행,포장 - 건조,맑음,교차로 - 교차로안,승용,남,32세,상해없음,보행자,남,32세,중상
2021052600100201,2021년 5월 26일 12시,수요일,서울특별시 강남구 청담동,경상사고,0,0,1,0,차대사람 - 기타,안전운전불이행,포장 - 건조,맑음,단일로 - 기타,승용,여,50세,상해없음,보행자,여,38세,경상
2021052600100282,2021년 5월 26일 15시,수요일,서울특별시 광진구 구의동,중상사고,0,1,0,0,차대사람 - 횡단중,보행자보호의무위반,포장 - 건조,맑음,교차로 - 교차로횡단보도내,승용,남,54세,상해없음,보행자,남,23세,중상
2021052600100284,2021년 5월 26일 15시,수요일,서울특별시 강서구 내발산동,중상사고,0,1,0,0,차대사람 - 기타,안전운전불이행,포장 - 건조,맑음,교차로 - 교차로안,화물,남,61세,상해없음,보행자,여,18세,중상
2021052600100285,2021년 5월 26일 15시,수요일,서울특별시 서초구 서초동,경상사고,0,0,1,0,차대사람 - 기타,안전운전불이행,포장 - 건조,맑음,단일로 - 기타,승용,남,75세,상해없음,보행자,여,22세,경상
2021052600100351,2021년 5월 26일 17시,수요일,서울특별시 강북구 수유동,중상사고,0,1,0,0,차대사람 - 횡단중,안전운전불이행,포장 - 건조,맑음,교차로 - 교차로부근,화물,남,49세,상해없음,보행자,여,73세,중상
2021052600100352,2021년 5월 26일 17시,수요일,서울특별시 광진구 자양동,중상사고,0,1,0,0,차대사람 - 기타,기타,포장 - 건조,맑음,기타 - 기타,승용,남,60세,상해없음,보행자,여,67세,중상
2021052600100470,2021년 5월 26일 20시,수요일,서울특별시 성동구 옥수동,경상사고,0,0,1,0,차대사람 - 기타,안전운전불이행,포장 - 건조,맑음,단일로 - 기타,화물,남,50세,상해없음,보행자,남,70세,경상
2021052600100494,2021년 5월 26일 21시,수요일,서울특별시 종로구 묘동,중상사고,0,1,0,0,차대사람 - 횡단중,안전운전불이행,포장 - 건조,맑음,단일로 - 기타,승용,여,23세,상해없음,보행자,남,69세,중상
2021052600100522,2021년 5월 26일 22시,수요일,서울특별시 영등포구 양평동3가,중상사고,0,1,0,0,차대사람 - 횡단중,보행자보호의무위반,포장 - 건조,맑음,단일로 - 기타,승용,남,51세,상해없음,보행자,남,34세,중상
2021052700100001,2021년 5월 27일 00시,목요일,서울특별시 동대문구 청량리동,경상사고,0,0,1,0,차대사람 - 기타,안전운전불이행,포장 - 건조,기타,교차로 - 교차로부근,승용,남,68세,상해없음,보행자,남,56세,경상
2021052700100002,2021년 5월 27일 00시,목요일,서울특별시 도봉구 도봉동,경상사고,0,0,1,0,차대사람 - 기타,불법유턴,포장 - 기타,맑음,단일로 - 기타,승용,남,60세,상해없음,보행자,남,45세,경상
2021052700100017,2021년 5월 27일 02시,목요일,서울특별시 강서구 외발산동,경상사고,0,0,1,0,차대사람 - 차도통행중,안전운전불이행,포장 - 건조,맑음,교차로 - 교차로부근,기타불명,남,36세,상해없음,보행자,남,47세,경상
2021052700100023,2021년 5월 27일 04시,목요일,서울특별시 영등포구 양화동,사망사고,1,0,0,0,차대사람 - 기타,안전운전불이행,포장 - 건조,흐림,단일로 - 기타,화물,남,44세,상해없음,보행자,남,23세,사망
2021052700100034,2021년 5월 27일 06시,목요일,서울특별시 서대문구 북아현동,사망사고,1,0,0,0,차대사람 - 횡단중,안전운전불이행,포장 - 젖음/습기,비,교차로 - 교차로안,건설기계,남,37세,상해없음,보행자,여,65세,사망
2021052700100147,2021년 5월 27일 10시,목요일,서울특별시 동작구 신대방동,경상사고,0,0,1,0,차대사람 - 횡단중,안전운전불이행,포장 - 건조,맑음,단일로 - 기타,승용,남,64세,상해없음,보행자,여,31세,경상
2021052700100266,2021년 5월 27일 14시,목요일,서울특별시 종로구 종로3가,부상신고사고,0,0,0,1,차대사람 - 기타,안전운전불이행,포장 - 건조,맑음,단일로 - 기타,이륜,남,40세,상해없음,보행자,남,27세,부상신고
2021052700100267,2021년 5월 27일 14시,목요일,서울특별시 동작구 흑석동,경상사고,0,0,1,0,차대사람 - 기타,안전운전불이행,포장 - 건조,맑음,단일로 - 기타,화물,남,49세,상해없음,보행자,여,78세,경상
2021052700100305,2021년 5월 27일 15시,목요일,서울특별시 송파구 잠실동,경상사고,0,0,1,0,차대사람 - 횡단중,보행자보호의무위반,포장 - 젖음/습기,맑음,교차로 - 교차로횡단보도내,승용,남,63세,상해없음,보행자,남,57세,경상
2021052700100333,2021년 5월 27일 16시,목요일,서울특별시 광진구 구의동,경상사고,0,0,1,0,차대사람 - 길가장자리구역통행중,안전운전불이행,포장 - 건조,맑음,단일로 - 기타,승합,남,50세,상해없음,보행자,남,74세,경상
2021052700100368,2021년 5월 27일 17시,목요일,서울특별시 서초구 서초동,부상신고사고,0,0,0,1,차대사람 - 횡단중,안전운전불이행,포장 - 젖음/습기,흐림,단일로 - 기타,이륜,남,50세,상해없음,보행자,남,10세,부상신고
2021052700100411,2021년 5월 27일 18시,목요일,서울특별시 성동구 성수동2가,경상사고,0,0,1,0,차대사람 - 기타,안전운전불이행,포장 - 건조,맑음,교차로 - 교차로횡단보도내,원동기,남,24세,상해없음,보행자,남,30세,경상
2021052700100450,2021년 5월 27일 19시,목요일,서울특별시 서대문구 창천동,경상사고,0,0,1,0,차대사람 - 횡단중,보행자보호의무위반,포장 - 건조,맑음,단일로 - 기타,승용,여,33세,상해없음,보행자,남,28세,경상
2021052700100455,2021년 5월 27일 19시,목요일,서울특별시 송파구 마천동,중상사고,0,1,0,0,차대사람 - 길가장자리구역통행중,안전운전불이행,포장 - 건조,맑음,단일로 - 기타,승용,남,30세,상해없음,보행자,여,60세,중상
2021052700100528,2021년 5월 27일 21시,목요일,서울특별시 서초구 방배동,경상사고,0,0,1,0,차대사람 - 보도통행중,안전운전불이행,포장 - 건조,맑음,기타 - 기타,개인형이동수단(PM),남,29세,상해없음,보행자,남,60세,경상
2021052700100546,2021년 5월 27일 22시,목요일,서울특별시 중구 흥인동,중상사고,0,1,0,0,차대사람 - 횡단중,안전운전불이행,포장 - 건조,맑음,단일로 - 기타,화물,남,46세,상해없음,보행자,남,38세,중상
2021052700100547,2021년 5월 27일 22시,목요일,서울특별시 광진구 구의동,경상사고,0,0,1,0,차대사람 - 기타,안전운전불이행,포장 - 건조,맑음,단일로 - 기타,승합,남,63세,상해없음,보행자,여,42세,경상
2021052700100548,2021년 5월 27일 22시,목요일,서울특별시 광진구 자양동,경상사고,0,0,1,0,차대사람 - 기타,안전운전불이행,포장 - 건조,맑음,단일로 - 기타,승합,남,60세,상해없음,보행자,여,42세,경상
2021052700100554,2021년 5월 27일 22시,목요일,서울특별시 은평구 갈현동,경상사고,0,0,1,0,차대사람 - 길가장자리구역통행중,안전운전불이행,포장 - 건조,맑음,기타 - 기타,승용,남,66세,상해없음,보행자,남,29세,경상
2021052800100007,2021년 5월 28일 01시,금요일,서울특별시 마포구 성산동,사망사고,1,0,0,0,차대사람 - 횡단중,과속,포장 - 건조,맑음,기타 - 기타,승합,남,35세,상해없음,보행자,여,37세,사망
2021052800100030,2021년 5월 28일 04시,금요일,서울특별시 중랑구 묵동,중상사고,0,1,0,0,차대사람 - 횡단중,신호위반,포장 - 젖음/습기,비,교차로 - 교차로횡단보도내,승용,남,69세,상해없음,보행자,여,26세,중상
2021052800100175,2021년 5월 28일 11시,금요일,서울특별시 광진구 중곡동,경상사고,0,0,1,0,차대사람 - 기타,기타,포장 - 건조,맑음,기타 - 기타,자전거,여,54세,상해없음,보행자,여,45세,경상
2021052800100206,2021년 5월 28일 12시,금요일,서울특별시 종로구 혜화동,경상사고,0,0,1,0,차대사람 - 횡단중,안전운전불이행,포장 - 건조,흐림,교차로 - 교차로부근,승용,여,27세,상해없음,보행자,여,41세,경상
2021052800100207,2021년 5월 28일 12시,금요일,서울특별시 종로구 연건동,경상사고,0,0,1,0,차대사람 - 횡단중,신호위반,포장 - 건조,맑음,단일로 - 기타,승용,남,31세,상해없음,보행자,남,8세,경상
2021052800100211,2021년 5월 28일 12시,금요일,서울특별시 강남구 역삼동,경상사고,0,0,3,0,차대사람 - 기타,안전운전불이행,포장 - 건조,맑음,단일로 - 기타,승용,여,47세,상해없음,보행자,남,37세,경상
2021052800100242,2021년 5월 28일 13시,금요일,서울특별시 금천구 독산동,중상사고,0,1,0,0,차대사람 - 기타,보행자보호의무위반,포장 - 건조,맑음,교차로 - 교차로부근,건설기계,남,62세,상해없음,보행자,여,75세,중상
2021052800100326,2021년 5월 28일 15시,금요일,서울특별시 노원구 공릉동,경상사고,0,0,1,0,차대사람 - 횡단중,안전운전불이행,포장 - 기타,맑음,기타 - 기타,화물,남,49세,기타불명,보행자,여,16세,경상
2021052800100352,2021년 5월 28일 16시,금요일,서울특별시 종로구 동숭동,경상사고,0,0,1,0,차대사람 - 길가장자리구역통행중,안전운전불이행,포장 - 건조,맑음,단일로 - 기타,승용,남,23세,상해없음,보행자,남,47세,경상
2021052800100356,2021년 5월 28일 16시,금요일,서울특별시 강남구 역삼동,경상사고,0,0,1,0,차대사람 - 기타,안전운전불이행,포장 - 건조,맑음,단일로 - 기타,승용,남,21세,상해없음,보행자,남,46세,경상
2021052800100395,2021년 5월 28일 17시,금요일,서울특별시 강동구 성내동,경상사고,0,0,1,0,차대사람 - 차도통행중,안전운전불이행,포장 - 건조,맑음,단일로 - 기타,자전거,남,20세,상해없음,보행자,여,19세,경상
2021052800100398,2021년 5월 28일 17시,금요일,서울특별시 은평구 대조동,중상사고,0,1,0,0,차대사람 - 횡단중,보행자보호의무위반,포장 - 건조,맑음,교차로 - 교차로횡단보도내,화물,남,36세,상해없음,보행자,여,78세,중상
2021052800100446,2021년 5월 28일 18시,금요일,서울특별시 성동구 성수동2가,중상사고,0,1,0,0,차대사람 - 횡단중,보행자보호의무위반,포장 - 건조,맑음,교차로 - 교차로부근,승용,남,61세,상해없음,보행자,여,55세,중상
2021052800100447,2021년 5월 28일 18시,금요일,서울특별시 강서구 화곡동,경상사고,0,0,1,0,차대사람 - 기타,안전운전불이행,포장 - 건조,맑음,단일로 - 기타,이륜,남,21세,상해없음,보행자,남,5세,경상
2021052800100499,2021년 5월 28일 19시,금요일,서울특별시 동작구 사당동,부상신고사고,0,0,0,1,차대사람 - 보도통행중,기타,포장 - 건조,맑음,단일로 - 기타,기타불명,기타불명,미분류,기타불명,보행자,여,25세,부상신고
2021052800100563,2021년 5월 28일 21시,금요일,서울특별시 금천구 시흥동,중상사고,0,1,0,0,차대사람 - 횡단중,안전운전불이행,포장 - 건조,맑음,단일로 - 기타,승용,여,35세,상해없음,보행자,남,32세,중상
2021052800100590,2021년 5월 28일 22시,금요일,서울특별시 강남구 청담동,중상사고,0,1,0,0,차대사람 - 기타,안전운전불이행,포장 - 건조,맑음,단일로 - 기타,승용,여,36세,상해없음,보행자,남,49세,중상
2021052800100591,2021년 5월 28일 22시,금요일,서울특별시 서초구 서초동,중상사고,0,1,0,0,차대사람 - 기타,신호위반,포장 - 건조,맑음,단일로 - 기타,개인형이동수단(PM),남,25세,상해없음,보행자,남,63세,중상
2021052800100611,2021년 5월 28일 23시,금요일,서울특별시 관악구 신림동,경상사고,0,0,1,0,차대사람 - 횡단중,안전운전불이행,포장 - 건조,맑음,교차로 - 교차로안,승용,남,74세,상해없음,보행자,여,19세,경상
2021052900100120,2021년 5월 29일 10시,토요일,서울특별시 관악구 봉천동,경상사고,0,0,1,0,차대사람 - 보도통행중,기타,포장 - 건조,맑음,단일로 - 기타,이륜,남,63세,상해없음,보행자,남,78세,경상
2021052900100150,2021년 5월 29일 11시,토요일,서울특별시 영등포구 신길동,사망사고,1,0,0,0,차대사람 - 횡단중,안전운전불이행,포장 - 건조,맑음,교차로 - 교차로안,화물,남,69세,상해없음,보행자,남,81세,사망
2021052900100187,2021년 5월 29일 12시,토요일,서울특별시 은평구 녹번동,중상사고,0,1,0,0,차대사람 - 기타,안전운전불이행,포장 - 젖음/습기,흐림,교차로 - 교차로안,승용,남,24세,상해없음,보행자,여,61세,중상
2021052900100190,2021년 5월 29일 12시,토요일,서울특별시 동작구 사당동,중상사고,0,1,0,0,차대사람 - 기타,안전운전불이행,포장 - 건조,맑음,단일로 - 기타,승용,남,47세,상해없음,보행자,남,73세,중상
2021052900100194,2021년 5월 29일 12시,토요일,서울특별시 구로구 구로동,경상사고,0,0,1,0,차대사람 - 기타,불법유턴,포장 - 건조,맑음,단일로 - 기타,화물,남,35세,기타불명,보행자,여,71세,경상
2021052900100306,2021년 5월 29일 15시,토요일,서울특별시 마포구 상암동,경상사고,0,0,1,0,차대사람 - 횡단중,안전운전불이행,포장 - 건조,맑음,교차로 - 교차로횡단보도내,승용,여,39세,상해없음,보행자,여,12세,경상
2021052900100307,2021년 5월 29일 15시,토요일,서울특별시 동작구 사당동,경상사고,0,0,1,0,차대사람 - 기타,안전운전불이행,포장 - 건조,맑음,단일로 - 기타,승용,남,32세,상해없음,보행자,여,30세,경상
2021052900100309,2021년 5월 29일 15시,토요일,서울특별시 구로구 구로동,경상사고,0,0,2,0,차대사람 - 기타,보행자보호의무위반,포장 - 건조,맑음,교차로 - 교차로안,화물,남,49세,상해없음,보행자,여,27세,경상
2021052900100383,2021년 5월 29일 17시,토요일,서울특별시 동작구 신대방동,중상사고,0,1,0,0,차대사람 - 기타,안전운전불이행,포장 - 건조,맑음,단일로 - 기타,승용,남,58세,상해없음,보행자,남,57세,중상
2021052900100418,2021년 5월 29일 18시,토요일,서울특별시 서대문구 북아현동,경상사고,0,0,1,0,차대사람 - 길가장자리구역통행중,안전운전불이행,포장 - 젖음/습기,흐림,교차로 - 교차로안,승용,남,60세,상해없음,보행자,남,64세,경상
2021052900100514,2021년 5월 29일 21시,토요일,서울특별시 송파구 방이동,경상사고,0,0,1,0,차대사람 - 횡단중,보행자보호의무위반,포장 - 건조,맑음,단일로 - 기타,승용,여,27세,상해없음,보행자,남,44세,경상
2021052900100538,2021년 5월 29일 22시,토요일,서울특별시 영등포구 대림동,경상사고,0,0,1,0,차대사람 - 기타,안전운전불이행,포장 - 건조,맑음,단일로 - 기타,기타불명,기타불명,미분류,기타불명,보행자,남,30세,경상
2021053000100004,2021년 5월 30일 00시,일요일,서울특별시 마포구 동교동,중상사고,0,1,0,0,차대사람 - 기타,신호위반,포장 - 건조,맑음,단일로 - 기타,원동기,남,27세,상해없음,보행자,여,18세,중상
2021053000100021,2021년 5월 30일 03시,일요일,서울특별시 송파구 송파동,중상사고,0,1,0,0,차대사람 - 횡단중,안전운전불이행,포장 - 건조,맑음,교차로 - 교차로횡단보도내,승용,남,28세,상해없음,보행자,여,95세,중상
2021053000100027,2021년 5월 30일 05시,일요일,서울특별시 동대문구 장안동,사망사고,1,0,0,0,차대사람 - 횡단중,과속,포장 - 건조,맑음,교차로 - 교차로횡단보도내,승용,남,68세,상해없음,보행자,남,81세,사망
2021053000100039,2021년 5월 30일 07시,일요일,서울특별시 은평구 증산동,경상사고,0,0,1,0,차대사람 - 보도통행중,기타,포장 - 건조,맑음,기타 - 기타,자전거,기타불명,미분류,기타불명,보행자,남,82세,경상
2021053000100040,2021년 5월 30일 07시,일요일,서울특별시 성북구 정릉동,중상사고,0,1,0,0,차대사람 - 기타,안전운전불이행,포장 - 건조,맑음,주차장 - 주차장,승합,남,52세,상해없음,보행자,남,54세,중상
2021053000100072,2021년 5월 30일 10시,일요일,서울특별시 은평구 역촌동,경상사고,0,0,1,0,차대사람 - 보도통행중,보행자보호의무위반,포장 - 건조,맑음,교차로 - 교차로횡단보도내,승용,여,37세,상해없음,보행자,남,64세,경상
2021053000100076,2021년 5월 30일 10시,일요일,서울특별시 성북구 종암동,경상사고,0,0,1,0,차대사람 - 기타,보행자보호의무위반,포장 - 건조,맑음,단일로 - 교량,화물,남,54세,상해없음,보행자,남,22세,경상
2021053000100099,2021년 5월 30일 11시,일요일,서울특별시 은평구 역촌동,중상사고,0,1,0,0,차대사람 - 기타,안전운전불이행,포장 - 건조,맑음,교차로 - 교차로안,승용,남,74세,상해없음,보행자,남,40세,중상
2021053000100129,2021년 5월 30일 12시,일요일,서울특별시 중랑구 면목동,경상사고,0,0,1,0,차대사람 - 기타,불법유턴,포장 - 건조,맑음,교차로 - 교차로부근,승용,남,36세,상해없음,보행자,여,54세,경상
2021053000100131,2021년 5월 30일 12시,일요일,서울특별시 강서구 화곡동,중상사고,0,1,0,0,차대사람 - 기타,안전운전불이행,포장 - 건조,맑음,단일로 - 기타,승용,남,51세,상해없음,보행자,남,74세,중상