사고번호,사고일시,요일,시군구,사고내용,사망자수,중상자수,경상자수,부상신고자수,사고유형,법규위반,노면상태,기상상태,도로형태,가해운전자 차종,가해운전자 성별,가해운전자 연령,가해운전자 상해정도,피해운전자 차종,피해운전자 성별,피해운전자 연령,피해운전자 상해정도
2021060400100338,2021년 6월 4일 15시,금요일,서울특별시 강남구 논현동,경상사고,0,0,1,0,차대사람 - 기타,안전운전불이행,포장 - 건조,맑음,단일로 - 기타,승용,남,63세,상해없음,보행자,여,72세,경상
2021060400100339,2021년 6월 4일 15시,금요일,서울특별시 강남구 신사동,중상사고,0,1,0,0,차대사람 - 횡단중,안전운전불이행,포장 - 기타,맑음,단일로 - 기타,개인형이동수단(PM),남,15세,상해없음,보행자,여,38세,중상
2021060400100340,2021년 6월 4일 15시,금요일,서울특별시 강서구 화곡동,경상사고,0,0,1,0,차대사람 - 횡단중,안전운전불이행,포장 - 건조,맑음,단일로 - 기타,승용,여,59세,상해없음,보행자,여,80세,경상
2021060400100378,2021년 6월 4일 16시,금요일,서울특별시 동대문구 신설동,경상사고,0,0,1,0,차대사람 - 횡단중,안전운전불이행,포장 - 건조,맑음,단일로 - 기타,이륜,여,27세,상해없음,보행자,남,63세,경상
2021060400100379,2021년 6월 4일 16시,금요일,서울특별시 마포구 연남동,중상사고,0,1,0,0,차대사람 - 차도통행중,안전운전불이행,포장 - 건조,맑음,교차로 - 교차로부근,화물,남,47세,상해없음,보행자,남,74세,중상
2021060400100381,2021년 6월 4일 16시,금요일,서울특별시 영등포구 당산동3가,경상사고,0,0,1,0,차대사람 - 길가장자리구역통행중,안전운전불이행,포장 - 건조,맑음,교차로 - 교차로부근,승용,남,54세,상해없음,보행자,남,31세,경상
2021060400100382,2021년 6월 4일 16시,금요일,서울특별시 동작구 상도동,경상사고,0,0,1,0,차대사람 - 기타,안전운전불이행,포장 - 건조,맑음,단일로 - 기타,승용,남,62세,상해없음,보행자,여,60세,경상
2021060400100425,2021년 6월 4일 17시,금요일,서울특별시 강북구 미아동,중상사고,0,1,0,0,차대사람 - 횡단중,중앙선침범,포장 - 건조,맑음,단일로 - 기타,이륜,남,34세,상해없음,보행자,남,79세,중상
2021060400100434,2021년 6월 4일 17시,금요일,서울특별시 도봉구 쌍문동,중상사고,0,1,0,0,차대사람 - 횡단중,안전운전불이행,포장 - 건조,맑음,교차로 - 교차로부근,승용,남,68세,상해없음,보행자,여,81세,중상
2021060400100494,2021년 6월 4일 18시,금요일,서울특별시 중랑구 망우동,경상사고,0,0,1,0,차대사람 - 횡단중,안전운전불이행,포장 - 건조,맑음,교차로 - 교차로부근,승용,여,35세,상해없음,보행자,남,46세,경상
2021060400100499,2021년 6월 4일 18시,금요일,서울특별시 성북구 장위동,중상사고,0,1,0,0,차대사람 - 차도통행중,안전운전불이행,포장 - 건조,맑음,교차로 - 교차로부근,승용,남,61세,기타불명,보행자,여,59세,중상
2021060400100547,2021년 6월 4일 19시,금요일,서울특별시 중랑구 면목동,경상사고,0,0,1,0,차대사람 - 보도통행중,기타,포장 - 건조,맑음,단일로 - 기타,자전거,남,14세,상해없음,보행자,여,62세,경상
2021060400100549,2021년 6월 4일 19시,금요일,서울특별시 양천구 신정동,중상사고,0,1,0,0,차대사람 - 기타,안전운전불이행,포장 - 건조,맑음,단일로 - 기타,특수,남,46세,기타불명,보행자,여,50세,중상
2021060400100613,2021년 6월 4일 21시,금요일,서울특별시 강서구 화곡동,경상사고,0,0,1,0,차대사람 - 횡단중,보행자보호의무위반,포장 - 건조,맑음,교차로 - 교차로부근,승용,남,41세,상해없음,보행자,여,15세,경상
2021060400100639,2021년 6월 4일 22시,금요일,서울특별시 은평구 응암동,중상사고,0,1,0,0,차대사람 - 횡단중,신호위반,포장 - 기타,맑음,교차로 - 교차로안,개인형이동수단(PM),남,46세,상해없음,보행자,여,55세,중상
2021060400100640,2021년 6월 4일 22시,금요일,서울특별시 동작구 사당동,경상사고,0,0,1,0,차대사람 - 보도통행중,보행자보호의무위반,포장 - 건조,맑음,교차로 - 교차로횡단보도내,기타불명,기타불명,미분류,기타불명,보행자,남,34세,경상
2021060400100646,2021년 6월 4일 22시,금요일,서울특별시 강남구 도곡동,경상사고,0,0,1,0,차대사람 - 기타,안전운전불이행,포장 - 건조,기타,단일로 - 기타,승용,남,48세,상해없음,보행자,여,44세,경상
2021060400100647,2021년 6월 4일 22시,금요일,서울특별시 강남구 대치동,경상사고,0,0,1,0,차대사람 - 기타,안전거리미확보,포장 - 기타,기타,교차로 - 교차로부근,승용,남,57세,상해없음,보행자,남,64세,경상
2021060500100094,2021년 6월 5일 09시,토요일,서울특별시 중랑구 면목동,경상사고,0,0,1,0,차대사람 - 기타,기타,포장 - 건조,맑음,교차로 - 교차로부근,승용,남,66세,상해없음,보행자,여,60세,경상
2021060500100121,2021년 6월 5일 10시,토요일,서울특별시 노원구 공릉동,경상사고,0,0,1,0,차대사람 - 횡단중,보행자보호의무위반,포장 - 건조,맑음,교차로 - 교차로횡단보도내,승합,여,50세,상해없음,보행자,여,27세,경상
2021060500100262,2021년 6월 5일 13시,토요일,서울특별시 강북구 수유동,경상사고,0,0,1,0,차대사람 - 보도통행중,보행자보호의무위반,포장 - 건조,맑음,교차로 - 교차로안,승용,남,71세,상해없음,보행자,남,66세,경상
2021060500100263,2021년 6월 5일 13시,토요일,서울특별시 광진구 구의동,경상사고,0,0,1,0,차대사람 - 기타,안전운전불이행,포장 - 건조,맑음,단일로 - 기타,기타불명,기타불명,미분류,기타불명,보행자,남,4세,경상
2021060500100356,2021년 6월 5일 15시,토요일,서울특별시 종로구 창성동,중상사고,0,1,0,0,차대사람 - 길가장자리구역통행중,안전운전불이행,포장 - 건조,맑음,단일로 - 기타,승용,남,48세,상해없음,보행자,여,89세,중상
2021060500100360,2021년 6월 5일 15시,토요일,서울특별시 광진구 화양동,중상사고,0,1,0,0,차대사람 - 차도통행중,안전운전불이행,포장 - 건조,맑음,단일로 - 기타,승용,남,68세,상해없음,보행자,여,22세,중상
2021060500100396,2021년 6월 5일 16시,토요일,서울특별시 중구 쌍림동,중상사고,0,1,0,0,차대사람 - 차도통행중,안전운전불이행,포장 - 건조,맑음,교차로 - 교차로부근,이륜,남,27세,기타불명,보행자,여,55세,중상
2021060500100401,2021년 6월 5일 16시,토요일,서울특별시 강동구 둔촌동,중상사고,0,1,0,0,차대사람 - 기타,안전운전불이행,포장 - 건조,맑음,교차로 - 교차로부근,이륜,남,30세,상해없음,보행자,여,60세,중상
2021060500100405,2021년 6월 5일 16시,토요일,서울특별시 노원구 공릉동,부상신고사고,0,0,0,1,차대사람 - 기타,기타,포장 - 건조,맑음,단일로 - 기타,승합,남,52세,기타불명,보행자,여,69세,부상신고
2021060500100446,2021년 6월 5일 17시,토요일,서울특별시 송파구 송파동,경상사고,0,0,1,0,차대사람 - 보도통행중,기타,포장 - 건조,맑음,단일로 - 기타,개인형이동수단(PM),여,15세,상해없음,보행자,남,26세,경상
2021060500100447,2021년 6월 5일 17시,토요일,서울특별시 구로구 고척동,중상사고,0,1,0,0,차대사람 - 길가장자리구역통행중,안전운전불이행,포장 - 건조,맑음,단일로 - 기타,이륜,남,54세,상해없음,보행자,남,24세,중상
2021060500100510,2021년 6월 5일 19시,토요일,서울특별시 송파구 마천동,중상사고,0,1,0,0,차대사람 - 길가장자리구역통행중,안전운전불이행,포장 - 건조,맑음,교차로 - 교차로안,승용,남,76세,상해없음,보행자,남,22세,중상
2021060500100534,2021년 6월 5일 20시,토요일,서울특별시 동작구 사당동,경상사고,0,0,2,0,차대사람 - 차도통행중,안전운전불이행,포장 - 건조,맑음,교차로 - 교차로부근,이륜,남,51세,상해없음,보행자,남,48세,경상
2021060500100557,2021년 6월 5일 21시,토요일,서울특별시 송파구 방이동,경상사고,0,0,1,0,차대사람 - 기타,안전운전불이행,포장 - 건조,맑음,교차로 - 교차로안,승용,남,30세,상해없음,보행자,남,28세,경상
2021060500100572,2021년 6월 5일 22시,토요일,서울특별시 강북구 미아동,경상사고,0,0,1,0,차대사람 - 기타,안전운전불이행,포장 - 건조,맑음,교차로 - 교차로부근,승용,남,74세,상해없음,보행자,남,54세,경상
2021060500100577,2021년 6월 5일 22시,토요일,서울특별시 은평구 진관동,경상사고,0,0,1,0,차대사람 - 횡단중,신호위반,포장 - 건조,맑음,단일로 - 기타,승용,여,37세,상해없음,보행자,여,25세,경상
2021060500100578,2021년 6월 5일 22시,토요일,서울특별시 은평구 갈현동,경상사고,0,0,1,0,차대사람 - 기타,안전운전불이행,포장 - 건조,맑음,단일로 - 기타,승용,남,65세,상해없음,보행자,여,24세,경상
2021060500100601,2021년 6월 5일 23시,토요일,서울특별시 강동구 명일동,중상사고,0,1,0,0,차대사람 - 횡단중,신호위반,포장 - 건조,맑음,단일로 - 기타,이륜,남,45세,상해없음,보행자,남,27세,중상
2021060500100602,2021년 6월 5일 23시,토요일,서울특별시 강남구 역삼동,경상사고,0,0,1,0,차대사람 - 길가장자리구역통행중,안전운전불이행,포장 - 건조,맑음,단일로 - 기타,화물,남,28세,상해없음,보행자,여,26세,경상
2021060600100080,2021년 6월 6일 10시,일요일,서울특별시 용산구 후암동,중상사고,0,1,0,0,차대사람 - 기타,안전운전불이행,포장 - 건조,맑음,단일로 - 기타,승용,남,50세,상해없음,보행자,남,66세,중상
2021060600100123,2021년 6월 6일 12시,일요일,서울특별시 영등포구 양화동,경상사고,0,0,1,0,차대사람 - 횡단중,안전운전불이행,포장 - 기타,기타,단일로 - 기타,자전거,여,26세,기타불명,보행자,남,16세,경상
2021060600100124,2021년 6월 6일 12시,일요일,서울특별시 동작구 동작동,경상사고,0,0,1,0,차대사람 - 기타,안전운전불이행,포장 - 건조,맑음,기타 - 기타,승용,남,55세,상해없음,보행자,남,60세,경상
2021060600100148,2021년 6월 6일 13시,일요일,서울특별시 영등포구 여의도동,경상사고,0,0,1,0,차대사람 - 기타,안전운전불이행,포장 - 건조,맑음,단일로 - 기타,자전거,남,25세,상해없음,보행자,여,46세,경상
2021060600100214,2021년 6월 6일 15시,일요일,서울특별시 마포구 창전동,중상사고,0,1,0,0,차대사람 - 횡단중,신호위반,포장 - 건조,맑음,단일로 - 기타,승용,여,47세,상해없음,보행자,여,74세,중상
2021060600100216,2021년 6월 6일 15시,일요일,서울특별시 중랑구 중화동,경상사고,0,0,1,0,차대사람 - 기타,안전운전불이행,포장 - 건조,맑음,주차장 - 주차장,화물,남,66세,상해없음,보행자,여,69세,경상
2021060600100376,2021년 6월 6일 20시,일요일,서울특별시 중랑구 망우동,경상사고,0,0,1,0,차대사람 - 차도통행중,안전운전불이행,포장 - 건조,맑음,단일로 - 기타,승용,남,37세,상해없음,보행자,여,49세,경상
2021060600100422,2021년 6월 6일 22시,일요일,서울특별시 강북구 번동,경상사고,0,0,1,0,차대사람 - 횡단중,안전운전불이행,포장 - 건조,맑음,단일로 - 기타,승용,남,62세,상해없음,보행자,남,52세,경상
2021060600100441,2021년 6월 6일 23시,일요일,서울특별시 양천구 신정동,경상사고,0,0,1,0,차대사람 - 기타,신호위반,포장 - 건조,맑음,교차로 - 교차로안,자전거,남,24세,상해없음,보행자,남,74세,경상
2021060700100007,2021년 6월 7일 02시,월요일,서울특별시 동대문구 용두동,중상사고,0,1,0,0,차대사람 - 횡단중,안전운전불이행,포장 - 건조,맑음,단일로 - 기타,화물,남,55세,상해없음,보행자,남,58세,중상
2021060700100016,2021년 6월 7일 05시,월요일,서울특별시 구로구 구로동,중상사고,0,1,0,0,차대사람 - 기타,안전운전불이행,포장 - 건조,맑음,교차로 - 교차로안,승용,남,50세,상해없음,보행자,여,72세,중상
2021060700100051,2021년 6월 7일 08시,월요일,서울특별시 강서구 화곡동,경상사고,0,0,1,0,차대사람 - 길가장자리구역통행중,안전운전불이행,포장 - 건조,맑음,기타 - 기타,기타불명,기타불명,미분류,기타불명,보행자,여,15세,경상
2021060700100095,2021년 6월 7일 09시,월요일,서울특별시 구로구 오류동,경상사고,0,0,1,0,차대사람 - 기타,안전운전불이행,포장 - 건조,맑음,단일로 - 기타,승합,남,63세,상해없음,보행자,여,71세,경상
2021060700100123,2021년 6월 7일 10시,월요일,서울특별시 중랑구 중화동,부상신고사고,0,0,0,1,차대사람 - 기타,안전운전불이행,포장 - 건조,맑음,단일로 - 기타,승용,여,51세,상해없음,보행자,남,74세,부상신고
2021060700100159,2021년 6월 7일 11시,월요일,서울특별시 금천구 시흥동,경상사고,0,0,1,0,차대사람 - 기타,안전운전불이행,포장 - 건조,맑음,교차로 - 교차로안,승용,남,21세,상해없음,보행자,여,62세,경상
2021060700100162,2021년 6월 7일 11시,월요일,서울특별시 강남구 수서동,경상사고,0,0,1,0,차대사람 - 길가장자리구역통행중,안전운전불이행,포장 - 건조,맑음,단일로 - 기타,승용,여,30세,상해없음,보행자,여,44세,경상
2021060700100197,2021년 6월 7일 12시,월요일,서울특별시 영등포구 영등포동3가,중상사고,0,1,1,0,차대사람 - 횡단중,안전운전불이행,포장 - 건조,맑음,단일로 - 기타,승합,남,62세,상해없음,보행자,남,58세,중상
2021060700100198,2021년 6월 7일 12시,월요일,서울특별시 금천구 가산동,경상사고,0,0,1,0,차대사람 - 보도통행중,기타,비포장 - 젖음/습기,비,기타 - 기타,자전거,남,42세,상해없음,보행자,여,64세,경상
2021060700100232,2021년 6월 7일 13시,월요일,서울특별시 송파구 문정동,경상사고,0,0,1,0,차대사람 - 길가장자리구역통행중,안전운전불이행,포장 - 건조,맑음,단일로 - 기타,승용,남,50세,상해없음,보행자,여,9세,경상
2021060700100233,2021년 6월 7일 13시,월요일,서울특별시 노원구 공릉동,경상사고,0,0,1,0,차대사람 - 차도통행중,안전운전불이행,포장 - 건조,맑음,교차로 - 교차로부근,화물,남,42세,상해없음,보행자,남,60세,경상
2021060700100264,2021년 6월 7일 14시,월요일,서울특별시 강남구 신사동,경상사고,0,0,1,0,차대사람 - 차도통행중,안전운전불이행,포장 - 기타,맑음,단일로 - 기타,승용,여,32세,상해없음,보행자,여,33세,경상
2021060700100265,2021년 6월 7일 14시,월요일,서울특별시 송파구 가락동,경상사고,0,0,1,0,차대사람 - 기타,안전운전불이행,포장 - 건조,맑음,단일로 - 기타,승용,남,53세,상해없음,보행자,남,63세,경상
2021060700100301,2021년 6월 7일 15시,월요일,서울특별시 중랑구 면목동,경상사고,0,0,1,0,차대사람 - 보도통행중,기타,포장 - 건조,맑음,기타 - 기타,이륜,여,59세,상해없음,보행자,여,69세,경상
2021060700100303,2021년 6월 7일 15시,월요일,서울특별시 양천구 신정동,경상사고,0,0,1,0,차대사람 - 기타,신호위반,포장 - 건조,맑음,단일로 - 기타,승용,여,54세,상해없음,보행자,여,4세,경상
2021060700100337,2021년 6월 7일 16시,월요일,서울특별시 용산구 청파동3가,중상사고,0,1,0,0,차대사람 - 횡단중,보행자보호의무위반,포장 - 기타,맑음,교차로 - 교차로횡단보도내,승용,여,31세,상해없음,보행자,여,54세,중상
2021060700100394,2021년 6월 7일 17시,월요일,서울특별시 성북구 장위동,경상사고,0,0,1,0,차대사람 - 차도통행중,안전운전불이행,포장 - 건조,맑음,단일로 - 기타,승용,여,46세,상해없음,보행자,여,10세,경상
2021060700100449,2021년 6월 7일 18시,월요일,서울특별시 송파구 가락동,경상사고,0,0,1,0,차대사람 - 횡단중,안전운전불이행,포장 - 건조,맑음,교차로 - 교차로안,승용,여,48세,상해없음,보행자,남,74세,경상
2021060700100497,2021년 6월 7일 19시,월요일,서울특별시 서초구 서초동,경상사고,0,0,1,0,차대사람 - 횡단중,기타,포장 - 건조,맑음,단일로 - 기타,개인형이동수단(PM),남,18세,상해없음,보행자,여,35세,경상
2021060700100522,2021년 6월 7일 20시,월요일,서울특별시 영등포구 문래동3가,경상사고,0,0,1,0,차대사람 - 보도통행중,신호위반,포장 - 건조,맑음,교차로 - 교차로안,승용,여,52세,상해없음,보행자,여,38세,경상
2021060700100525,2021년 6월 7일 20시,월요일,서울특별시 구로구 궁동,사망사고,2,0,2,0,차대사람 - 길가장자리구역통행중,안전운전불이행,포장 - 건조,맑음,기타 - 기타,승용,남,51세,상해없음,보행자,남,79세,사망
2021060700100572,2021년 6월 7일 22시,월요일,서울특별시 관악구 봉천동,부상신고사고,0,0,0,1,차대사람 - 보도통행중,기타,포장 - 건조,맑음,기타 - 기타,개인형이동수단(PM),남,25세,상해없음,보행자,남,29세,부상신고
2021060700100574,2021년 6월 7일 22시,월요일,서울특별시 노원구 월계동,경상사고,0,0,2,0,차대사람 - 기타,안전운전불이행,포장 - 건조,맑음,단일로 - 기타,승용,여,59세,상해없음,보행자,여,19세,경상
2021060800100039,2021년 6월 8일 07시,화요일,서울특별시 도봉구 도봉동,경상사고,0,0,1,0,차대사람 - 횡단중,보행자보호의무위반,포장 - 건조,맑음,교차로 - 교차로안,화물,남,62세,상해없음,보행자,여,73세,경상
2021060800100103,2021년 6월 8일 09시,화요일,서울특별시 영등포구 당산동1가,중상사고,0,1,0,0,차대사람 - 차도통행중,안전운전불이행,포장 - 건조,맑음,단일로 - 기타,화물,남,51세,상해없음,보행자,여,77세,중상
2021060800100104,2021년 6월 8일 09시,화요일,서울특별시 관악구 신림동,경상사고,0,0,1,0,차대사람 - 기타,안전운전불이행,포장 - 건조,맑음,단일로 - 기타,승용,남,30세,상해없음,보행자,남,62세,경상
2021060800100105,2021년 6월 8일 09시,화요일,서울특별시 은평구 불광동,경상사고,0,0,1,0,차대사람 - 기타,안전운전불이행,포장 - 건조,맑음,단일로 - 기타,승용,남,58세,상해없음,보행자,여,53세,경상
2021060800100130,2021년 6월 8일 10시,화요일,서울특별시 서대문구 북가좌동,경상사고,0,0,1,0,차대사람 - 횡단중,보행자보호의무위반,포장 - 건조,맑음,교차로 - 교차로횡단보도내,화물,남,53세,상해없음,보행자,여,76세,경상
2021060800100131,2021년 6월 8일 10시,화요일,서울특별시 동작구 흑석동,중상사고,0,1,0,0,차대사람 - 횡단중,안전운전불이행,포장 - 건조,맑음,교차로 - 교차로부근,기타불명,기타불명,미분류,기타불명,보행자,여,28세,중상
2021060800100133,2021년 6월 8일 10시,화요일,서울특별시 강남구 삼성동,경상사고,0,0,1,0,차대사람 - 차도통행중,안전운전불이행,포장 - 기타,맑음,단일로 - 기타,승용,남,45세,기타불명,보행자,여,24세,경상
2021060800100137,2021년 6월 8일 10시,화요일,서울특별시 구로구 오류동,중상사고,0,1,0,0,차대사람 - 기타,안전운전불이행,포장 - 건조,맑음,단일로 - 기타,승용,남,73세,상해없음,보행자,여,72세,중상
2021060800100175,2021년 6월 8일 11시,화요일,서울특별시 중랑구 상봉동,부상신고사고,0,0,0,1,차대사람 - 기타,기타,포장 - 건조,맑음,기타 - 기타,개인형이동수단(PM),남,77세,상해없음,보행자,남,80세,부상신고
2021060800100179,2021년 6월 8일 11시,화요일,서울특별시 서초구 서초동,경상사고,0,0,1,0,차대사람 - 기타,안전운전불이행,포장 - 건조,맑음,교차로 - 교차로안,화물,남,72세,상해없음,보행자,남,47세,경상
2021060800100217,2021년 6월 8일 12시,화요일,서울특별시 서초구 방배동,경상사고,0,0,1,0,차대사람 - 보도통행중,기타,포장 - 건조,맑음,기타 - 기타,승용,남,49세,상해없음,보행자,여,31세,경상
2021060800100246,2021년 6월 8일 13시,화요일,서울특별시 강북구 미아동,경상사고,0,0,1,0,차대사람 - 기타,안전운전불이행,포장 - 건조,맑음,단일로 - 기타,승용,남,38세,상해없음,보행자,남,9세,경상
2021060800100251,2021년 6월 8일 13시,화요일,서울특별시 송파구 가락동,경상사고,0,0,1,0,차대사람 - 기타,안전운전불이행,포장 - 건조,맑음,단일로 - 기타,승용,남,57세,상해없음,보행자,남,45세,경상
2021060800100274,2021년 6월 8일 14시,화요일,서울특별시 양천구 신정동,경상사고,0,0,1,0,차대사람 - 기타,안전운전불이행,포장 - 건조,맑음,단일로 - 기타,이륜,남,26세,상해없음,보행자,남,50세,경상
2021060800100346,2021년 6월 8일 16시,화요일,서울특별시 성동구 하왕십리동,경상사고,0,0,1,0,차대사람 - 횡단중,안전운전불이행,포장 - 건조,맑음,단일로 - 기타,자전거,남,44세,상해없음,보행자,남,32세,경상
2021060800100433,2021년 6월 8일 18시,화요일,서울특별시 성동구 하왕십리동,경상사고,0,0,1,0,차대사람 - 횡단중,안전운전불이행,포장 - 건조,맑음,단일로 - 기타,승용,남,62세,상해없음,보행자,여,29세,경상
2021060800100438,2021년 6월 8일 18시,화요일,서울특별시 도봉구 방학동,경상사고,0,0,1,0,차대사람 - 횡단중,보행자보호의무위반,포장 - 건조,맑음,교차로 - 교차로횡단보도내,승용,여,44세,상해없음,보행자,여,41세,경상
2021060800100479,2021년 6월 8일 19시,화요일,서울특별시 강남구 수서동,경상사고,0,0,2,0,차대사람 - 횡단중,안전운전불이행,포장 - 건조,맑음,단일로 - 기타,승용,여,40세,상해없음,보행자,여,45세,경상
2021060800100509,2021년 6월 8일 20시,화요일,서울특별시 강남구 청담동,경상사고,0,0,1,0,차대사람 - 기타,안전운전불이행,포장 - 건조,맑음,단일로 - 기타,승용,남,41세,상해없음,보행자,여,23세,경상
2021060800100511,2021년 6월 8일 20시,화요일,서울특별시 송파구 방이동,경상사고,0,0,1,0,차대사람 - 차도통행중,안전운전불이행,포장 - 건조,맑음,단일로 - 기타,승용,남,50세,상해없음,보행자,여,67세,경상
2021060800100560,2021년 6월 8일 22시,화요일,서울특별시 종로구 내자동,중상사고,0,1,0,0,차대사람 - 횡단중,안전운전불이행,포장 - 건조,맑음,교차로 - 교차로횡단보도내,승용,남,58세,상해없음,보행자,남,43세,중상
2021060800100561,2021년 6월 8일 22시,화요일,서울특별시 마포구 성산동,사망사고,1,0,0,1,차대사람 - 기타,안전운전불이행,포장 - 건조,맑음,기타 - 기타,이륜,남,24세,부상신고,보행자,여,73세,사망
2021060900100020,2021년 6월 9일 04시,수요일,서울특별시 관악구 신림동,경상사고,0,0,1,0,차대사람 - 기타,신호위반,포장 - 건조,맑음,교차로 - 교차로횡단보도내,이륜,남,27세,기타불명,보행자,여,71세,경상
2021060900100029,2021년 6월 9일 06시,수요일,서울특별시 노원구 공릉동,경상사고,0,0,1,0,차대사람 - 보도통행중,기타,포장 - 건조,맑음,교차로 - 교차로부근,승용,남,37세,상해없음,보행자,남,48세,경상
2021060900100066,2021년 6월 9일 08시,수요일,서울특별시 성동구 행당동,중상사고,0,1,0,0,차대사람 - 보도통행중,기타,포장 - 건조,맑음,단일로 - 기타,개인형이동수단(PM),여,23세,상해없음,보행자,여,46세,중상
2021060900100069,2021년 6월 9일 08시,수요일,서울특별시 구로구 개봉동,경상사고,0,0,1,0,차대사람 - 기타,기타,포장 - 건조,맑음,단일로 - 기타,자전거,기타불명,미분류,기타불명,보행자,여,42세,경상
2021060900100112,2021년 6월 9일 09시,수요일,서울특별시 동작구 사당동,중상사고,0,1,1,0,차대사람 - 기타,안전운전불이행,포장 - 기타,맑음,단일로 - 고가도로위,이륜,남,43세,상해없음,보행자,남,78세,중상
2021060900100113,2021년 6월 9일 09시,수요일,서울특별시 강남구 개포동,경상사고,0,0,1,0,차대사람 - 횡단중,신호위반,포장 - 건조,맑음,교차로 - 교차로부근,승용,여,51세,상해없음,보행자,여,28세,경상
2021060900100136,2021년 6월 9일 10시,수요일,서울특별시 성동구 마장동,경상사고,0,0,1,0,차대사람 - 기타,안전운전불이행,포장 - 건조,맑음,단일로 - 기타,화물,남,44세,상해없음,보행자,남,56세,경상
2021060900100161,2021년 6월 9일 11시,수요일,서울특별시 영등포구 여의도동,경상사고,0,0,1,0,차대사람 - 기타,기타,포장 - 건조,맑음,단일로 - 기타,기타불명,기타불명,미분류,기타불명,보행자,여,28세,경상
2021060900100162,2021년 6월 9일 11시,수요일,서울특별시 관악구 봉천동,중상사고,0,1,0,0,차대사람 - 횡단중,신호위반,포장 - 건조,맑음,단일로 - 기타,이륜,남,34세,상해없음,보행자,남,50세,중상
2021060900100198,2021년 6월 9일 12시,수요일,서울특별시 구로구 오류동,경상사고,0,0,1,0,차대사람 - 길가장자리구역통행중,안전운전불이행,포장 - 건조,맑음,교차로 - 교차로안,승용,여,77세,상해없음,보행자,여,71세,경상
2021060900100231,2021년 6월 9일 13시,수요일,서울특별시 종로구 숭인동,중상사고,0,1,0,0,차대사람 - 차도통행중,안전운전불이행,포장 - 건조,맑음,교차로 - 교차로부근,이륜,남,28세,상해없음,보행자,남,69세,중상
2021060900100232,2021년 6월 9일 13시,수요일,서울특별시 성동구 성수동1가,경상사고,0,0,1,0,차대사람 - 길가장자리구역통행중,안전운전불이행,포장 - 건조,맑음,단일로 - 기타,승용,여,60세,상해없음,보행자,여,39세,경상
2021060900100233,2021년 6월 9일 13시,수요일,서울특별시 중랑구 중화동,중상사고,0,1,0,0,차대사람 - 기타,안전운전불이행,포장 - 건조,맑음,단일로 - 기타,승용,여,69세,상해없음,보행자,남,76세,중상
2021060900100235,2021년 6월 9일 13시,수요일,서울특별시 강남구 청담동,경상사고,0,0,1,0,차대사람 - 기타,불법유턴,포장 - 건조,맑음,단일로 - 기타,승용,남,46세,상해없음,보행자,남,28세,경상
2021060900100236,2021년 6월 9일 13시,수요일,서울특별시 도봉구 방학동,경상사고,0,0,1,0,차대사람 - 기타,안전운전불이행,포장 - 건조,맑음,교차로 - 교차로안,승용,여,55세,상해없음,보행자,여,78세,경상
2021060900100237,2021년 6월 9일 13시,수요일,서울특별시 은평구 진관동,경상사고,0,0,1,0,차대사람 - 횡단중,보행자보호의무위반,포장 - 건조,맑음,교차로 - 교차로횡단보도내,승용,남,37세,상해없음,보행자,남,12세,경상
2021060900100266,2021년 6월 9일 14시,수요일,서울특별시 노원구 하계동,부상신고사고,0,0,0,2,차대사람 - 횡단중,보행자보호의무위반,포장 - 건조,맑음,기타 - 기타,승용,여,49세,상해없음,보행자,남,14세,상해없음
2021060900100267,2021년 6월 9일 14시,수요일,서울특별시 은평구 갈현동,경상사고,0,0,1,0,차대사람 - 횡단중,안전운전불이행,포장 - 건조,맑음,단일로 - 기타,승용,여,43세,상해없음,보행자,여,27세,경상
2021060900100268,2021년 6월 9일 14시,수요일,서울특별시 강남구 수서동,경상사고,0,0,1,0,차대사람 - 차도통행중,안전운전불이행,포장 - 건조,맑음,단일로 - 기타,승용,남,61세,상해없음,보행자,여,11세,경상
2021060900100305,2021년 6월 9일 15시,수요일,서울특별시 영등포구 영등포동3가,경상사고,0,0,1,0,차대사람 - 길가장자리구역통행중,보행자보호의무위반,포장 - 건조,맑음,단일로 - 기타,승용,여,25세,상해없음,보행자,남,61세,경상
2021060900100306,2021년 6월 9일 15시,수요일,서울특별시 중랑구 묵동,경상사고,0,0,1,0,차대사람 - 기타,안전운전불이행,포장 - 건조,맑음,교차로 - 교차로부근,승용,남,44세,상해없음,보행자,여,39세,경상
2021060900100341,2021년 6월 9일 16시,수요일,서울특별시 서대문구 북가좌동,부상신고사고,0,0,0,1,차대사람 - 기타,안전운전불이행,포장 - 건조,맑음,교차로 - 교차로부근,자전거,남,11세,부상신고,보행자,여,73세,상해없음
2021060900100348,2021년 6월 9일 16시,수요일,서울특별시 도봉구 쌍문동,부상신고사고,0,0,0,1,차대사람 - 횡단중,기타,포장 - 건조,맑음,단일로 - 기타,이륜,남,25세,상해없음,보행자,남,6세,부상신고
2021060900100385,2021년 6월 9일 17시,수요일,서울특별시 광진구 화양동,경상사고,0,0,1,0,차대사람 - 기타,안전운전불이행,포장 - 건조,맑음,기타 - 기타,기타불명,기타불명,미분류,기타불명,보행자,남,10세,경상
2021060900100387,2021년 6월 9일 17시,수요일,서울특별시 강남구 청담동,경상사고,0,0,1,0,차대사람 - 기타,안전운전불이행,포장 - 건조,맑음,단일로 - 기타,승합,남,73세,상해없음,보행자,남,53세,경상