사고번호,사고일시,요일,시군구,사고내용,사망자수,중상자수,경상자수,부상신고자수,사고유형,법규위반,노면상태,기상상태,도로형태,가해운전자 차종,가해운전자 성별,가해운전자 연령,가해운전자 상해정도,피해운전자 차종,피해운전자 성별,피해운전자 연령,피해운전자 상해정도
2021060900100446,2021년 6월 9일 18시,수요일,서울특별시 관악구 봉천동,경상사고,0,0,1,0,차대사람 - 횡단중,보행자보호의무위반,포장 - 건조,맑음,교차로 - 교차로횡단보도내,승용,남,71세,상해없음,보행자,여,23세,경상
2021060900100515,2021년 6월 9일 19시,수요일,서울특별시 강남구 논현동,중상사고,0,1,0,0,차대사람 - 횡단중,안전운전불이행,포장 - 건조,맑음,교차로 - 교차로안,승합,남,27세,상해없음,보행자,남,69세,중상
2021060900100517,2021년 6월 9일 19시,수요일,서울특별시 서초구 방배동,경상사고,0,0,1,0,차대사람 - 횡단중,신호위반,포장 - 건조,맑음,기타 - 기타,이륜,남,45세,상해없음,보행자,여,56세,경상
2021060900100541,2021년 6월 9일 20시,수요일,서울특별시 성북구 장위동,중상사고,0,1,0,0,차대사람 - 횡단중,신호위반,포장 - 건조,맑음,단일로 - 기타,이륜,남,19세,상해없음,보행자,여,51세,중상
2021060900100543,2021년 6월 9일 20시,수요일,서울특별시 구로구 개봉동,중상사고,0,1,0,0,차대사람 - 기타,안전운전불이행,포장 - 건조,맑음,단일로 - 기타,승용,남,62세,기타불명,보행자,남,29세,중상
2021060900100599,2021년 6월 9일 22시,수요일,서울특별시 성북구 성북동1가,경상사고,0,0,1,0,차대사람 - 기타,안전운전불이행,포장 - 건조,맑음,교차로 - 교차로안,승용,남,25세,상해없음,보행자,남,37세,경상
2021060900100602,2021년 6월 9일 22시,수요일,서울특별시 성동구 성수동1가,중상사고,0,1,0,0,차대사람 - 기타,안전운전불이행,포장 - 건조,맑음,교차로 - 교차로부근,화물,남,34세,기타불명,보행자,남,27세,중상
2021060900100603,2021년 6월 9일 22시,수요일,서울특별시 관악구 신림동,경상사고,0,0,1,0,차대사람 - 보도통행중,안전운전불이행,포장 - 건조,맑음,단일로 - 기타,승용,남,55세,상해없음,보행자,남,36세,경상
2021060900100605,2021년 6월 9일 22시,수요일,서울특별시 강남구 신사동,경상사고,0,0,1,0,차대사람 - 기타,안전운전불이행,포장 - 건조,맑음,단일로 - 기타,개인형이동수단(PM),남,29세,상해없음,보행자,남,31세,경상
2021061000100029,2021년 6월 10일 06시,목요일,서울특별시 양천구 신월동,사망사고,1,0,0,0,차대사람 - 기타,안전운전불이행,포장 - 건조,맑음,단일로 - 기타,승용,남,73세,상해없음,보행자,여,80세,사망
2021061000100049,2021년 6월 10일 07시,목요일,서울특별시 서대문구 연희동,중상사고,0,1,0,0,차대사람 - 기타,안전운전불이행,포장 - 건조,맑음,단일로 - 기타,화물,남,58세,상해없음,보행자,남,77세,중상
2021061000100050,2021년 6월 10일 07시,목요일,서울특별시 구로구 오류동,경상사고,0,0,1,0,차대사람 - 보도통행중,안전운전불이행,포장 - 건조,맑음,교차로 - 교차로부근,승용,남,69세,상해없음,보행자,여,36세,경상
2021061000100078,2021년 6월 10일 08시,목요일,서울특별시 관악구 봉천동,경상사고,0,0,1,0,차대사람 - 기타,안전운전불이행,포장 - 건조,맑음,단일로 - 기타,승용,남,52세,상해없음,보행자,남,8세,경상
2021061000100129,2021년 6월 10일 09시,목요일,서울특별시 강남구 대치동,경상사고,0,0,1,0,차대사람 - 기타,안전운전불이행,포장 - 건조,맑음,기타 - 기타,승용,여,78세,상해없음,보행자,남,68세,경상
2021061000100153,2021년 6월 10일 10시,목요일,서울특별시 동대문구 제기동,경상사고,0,0,1,0,차대사람 - 기타,안전운전불이행,포장 - 건조,맑음,단일로 - 기타,승용,남,29세,상해없음,보행자,남,61세,경상
2021061000100156,2021년 6월 10일 10시,목요일,서울특별시 강서구 등촌동,경상사고,0,0,1,0,차대사람 - 기타,안전운전불이행,포장 - 건조,맑음,단일로 - 기타,승용,남,81세,상해없음,보행자,여,72세,경상
2021061000100220,2021년 6월 10일 12시,목요일,서울특별시 중구 남대문로5가,중상사고,0,1,0,0,차대사람 - 횡단중,보행자보호의무위반,포장 - 건조,흐림,교차로 - 교차로횡단보도내,화물,남,70세,상해없음,보행자,여,23세,중상
2021061000100222,2021년 6월 10일 12시,목요일,서울특별시 강남구 역삼동,경상사고,0,0,1,0,차대사람 - 길가장자리구역통행중,안전운전불이행,포장 - 건조,맑음,단일로 - 기타,승용,남,30세,상해없음,보행자,여,57세,경상
2021061000100263,2021년 6월 10일 13시,목요일,서울특별시 강남구 신사동,경상사고,0,0,1,0,차대사람 - 길가장자리구역통행중,안전운전불이행,포장 - 건조,맑음,교차로 - 교차로안,승용,여,51세,기타불명,보행자,남,46세,경상
2021061000100264,2021년 6월 10일 13시,목요일,서울특별시 강동구 천호동,부상신고사고,0,0,0,1,차대사람 - 횡단중,중앙선침범,포장 - 건조,맑음,교차로 - 교차로안,승용,남,40세,상해없음,보행자,남,50세,부상신고
2021061000100265,2021년 6월 10일 13시,목요일,서울특별시 은평구 갈현동,경상사고,0,0,1,0,차대사람 - 기타,안전운전불이행,포장 - 건조,맑음,기타 - 기타,화물,남,27세,상해없음,보행자,남,56세,경상
2021061000100293,2021년 6월 10일 14시,목요일,서울특별시 강북구 수유동,경상사고,0,0,1,0,차대사람 - 기타,안전운전불이행,포장 - 건조,맑음,단일로 - 기타,승합,남,54세,상해없음,보행자,여,61세,경상
2021061000100294,2021년 6월 10일 14시,목요일,서울특별시 마포구 합정동,경상사고,0,0,1,0,차대사람 - 차도통행중,안전운전불이행,포장 - 건조,맑음,교차로 - 교차로안,승합,남,31세,상해없음,보행자,여,23세,경상
2021061000100298,2021년 6월 10일 14시,목요일,서울특별시 관악구 신림동,중상사고,0,1,0,0,차대사람 - 기타,안전운전불이행,포장 - 건조,맑음,단일로 - 기타,승용,여,34세,상해없음,보행자,여,60세,중상
2021061000100302,2021년 6월 10일 14시,목요일,서울특별시 구로구 신도림동,경상사고,0,0,1,0,차대사람 - 기타,안전운전불이행,포장 - 건조,맑음,단일로 - 기타,승용,남,40세,상해없음,보행자,여,85세,경상
2021061000100304,2021년 6월 10일 14시,목요일,서울특별시 양천구 신정동,경상사고,0,0,1,0,차대사람 - 기타,안전운전불이행,포장 - 건조,흐림,교차로 - 교차로부근,승용,남,66세,상해없음,보행자,여,68세,경상
2021061000100329,2021년 6월 10일 15시,목요일,서울특별시 동작구 사당동,경상사고,0,0,1,0,차대사람 - 보도통행중,신호위반,포장 - 건조,맑음,기타 - 기타,자전거,남,18세,상해없음,보행자,여,32세,경상
2021061000100331,2021년 6월 10일 15시,목요일,서울특별시 구로구 고척동,경상사고,0,0,1,0,차대사람 - 기타,기타,포장 - 건조,맑음,단일로 - 기타,자전거,남,39세,상해없음,보행자,여,9세,경상
2021061000100369,2021년 6월 10일 16시,목요일,서울특별시 강북구 미아동,경상사고,0,0,1,0,차대사람 - 기타,안전운전불이행,포장 - 건조,맑음,단일로 - 기타,승용,남,57세,상해없음,보행자,남,52세,경상
2021061000100371,2021년 6월 10일 16시,목요일,서울특별시 강남구 청담동,경상사고,0,0,1,0,차대사람 - 보도통행중,기타,포장 - 건조,맑음,단일로 - 기타,승용,여,70세,상해없음,보행자,여,53세,경상
2021061000100407,2021년 6월 10일 17시,목요일,서울특별시 은평구 응암동,경상사고,0,0,1,0,차대사람 - 기타,안전운전불이행,포장 - 건조,맑음,기타 - 기타,화물,남,49세,상해없음,보행자,남,48세,경상
2021061000100450,2021년 6월 10일 18시,목요일,서울특별시 종로구 종로2가,경상사고,0,0,1,0,차대사람 - 횡단중,신호위반,포장 - 건조,흐림,단일로 - 기타,승용,남,55세,상해없음,보행자,남,31세,경상
2021061000100454,2021년 6월 10일 18시,목요일,서울특별시 강동구 성내동,부상신고사고,0,0,0,1,차대사람 - 차도통행중,안전운전불이행,포장 - 건조,맑음,단일로 - 기타,자전거,남,80세,상해없음,보행자,남,11세,부상신고
2021061000100458,2021년 6월 10일 18시,목요일,서울특별시 강남구 대치동,부상신고사고,0,0,0,1,차대사람 - 기타,안전운전불이행,포장 - 건조,맑음,단일로 - 기타,승용,남,46세,상해없음,보행자,여,12세,부상신고
2021061000100574,2021년 6월 10일 21시,목요일,서울특별시 금천구 독산동,경상사고,0,0,1,0,차대사람 - 기타,안전운전불이행,포장 - 젖음/습기,비,단일로 - 기타,화물,남,30세,상해없음,보행자,남,76세,경상
2021061000100575,2021년 6월 10일 21시,목요일,서울특별시 서초구 반포동,경상사고,0,0,1,0,차대사람 - 횡단중,안전운전불이행,포장 - 젖음/습기,비,교차로 - 교차로횡단보도내,승용,남,28세,상해없음,보행자,여,25세,경상
2021061000100596,2021년 6월 10일 22시,목요일,서울특별시 종로구 충신동,중상사고,0,1,0,0,차대사람 - 횡단중,신호위반,포장 - 젖음/습기,비,단일로 - 기타,원동기,남,53세,상해없음,보행자,남,57세,중상
2021061000100597,2021년 6월 10일 22시,목요일,서울특별시 서대문구 홍은동,중상사고,0,1,0,0,차대사람 - 기타,안전운전불이행,포장 - 젖음/습기,비,단일로 - 기타,승용,여,41세,상해없음,보행자,남,49세,중상
2021061000100599,2021년 6월 10일 22시,목요일,서울특별시 관악구 신림동,경상사고,0,0,1,0,차대사람 - 차도통행중,안전운전불이행,포장 - 건조,흐림,단일로 - 기타,화물,남,45세,상해없음,보행자,남,36세,경상
2021061000100602,2021년 6월 10일 22시,목요일,서울특별시 송파구 잠실동,경상사고,0,0,1,0,차대사람 - 기타,불법유턴,포장 - 젖음/습기,비,단일로 - 기타,승용,여,29세,상해없음,보행자,남,23세,경상
2021061000100605,2021년 6월 10일 22시,목요일,서울특별시 양천구 목동,경상사고,0,0,1,0,차대사람 - 기타,안전운전불이행,포장 - 젖음/습기,비,교차로 - 교차로안,승용,남,50세,상해없음,보행자,여,23세,경상
2021061000100635,2021년 6월 10일 23시,목요일,서울특별시 강동구 길동,경상사고,0,0,1,0,차대사람 - 차도통행중,안전운전불이행,포장 - 젖음/습기,비,단일로 - 기타,승용,남,57세,상해없음,보행자,남,36세,경상
2021061000100636,2021년 6월 10일 23시,목요일,서울특별시 구로구 신도림동,중상사고,0,1,0,0,차대사람 - 기타,신호위반,포장 - 젖음/습기,비,단일로 - 기타,자전거,여,58세,상해없음,보행자,남,67세,중상
2021061100100001,2021년 6월 11일 00시,금요일,서울특별시 동대문구 장안동,중상사고,0,1,0,0,차대사람 - 횡단중,안전운전불이행,포장 - 젖음/습기,비,교차로 - 교차로횡단보도내,승용,남,71세,상해없음,보행자,여,27세,중상
2021061100100023,2021년 6월 11일 02시,금요일,서울특별시 관악구 신림동,경상사고,0,0,1,0,차대사람 - 횡단중,안전운전불이행,포장 - 젖음/습기,비,교차로 - 교차로안,승용,남,61세,상해없음,보행자,남,72세,경상
2021061100100048,2021년 6월 11일 06시,금요일,서울특별시 강서구 내발산동,경상사고,0,0,1,0,차대사람 - 횡단중,보행자보호의무위반,포장 - 건조,흐림,교차로 - 교차로부근,화물,남,38세,상해없음,보행자,남,50세,경상
2021061100100076,2021년 6월 11일 08시,금요일,서울특별시 중구 신당동,경상사고,0,0,1,0,차대사람 - 보도통행중,교차로운행방법위반,포장 - 건조,맑음,단일로 - 기타,승합,남,64세,상해없음,보행자,남,9세,경상
2021061100100124,2021년 6월 11일 09시,금요일,서울특별시 금천구 시흥동,중상사고,0,1,0,0,차대사람 - 기타,안전운전불이행,포장 - 건조,맑음,단일로 - 기타,승용,남,34세,상해없음,보행자,여,88세,중상
2021061100100178,2021년 6월 11일 11시,금요일,서울특별시 강서구 화곡동,중상사고,0,1,0,0,차대사람 - 기타,안전운전불이행,포장 - 건조,흐림,단일로 - 기타,승용,여,53세,상해없음,보행자,여,67세,중상
2021061100100179,2021년 6월 11일 11시,금요일,서울특별시 강서구 화곡동,중상사고,0,1,0,0,차대사람 - 기타,보행자보호의무위반,포장 - 건조,맑음,단일로 - 기타,화물,남,52세,상해없음,보행자,여,68세,중상
2021061100100208,2021년 6월 11일 12시,금요일,서울특별시 동대문구 답십리동,경상사고,0,0,1,0,차대사람 - 보도통행중,안전운전불이행,포장 - 건조,맑음,교차로 - 교차로부근,승용,여,41세,상해없음,보행자,여,77세,경상
2021061100100210,2021년 6월 11일 12시,금요일,서울특별시 강남구 신사동,경상사고,0,0,1,0,차대사람 - 기타,불법유턴,포장 - 건조,맑음,단일로 - 기타,승용,여,50세,상해없음,보행자,남,49세,경상
2021061100100254,2021년 6월 11일 13시,금요일,서울특별시 중랑구 묵동,부상신고사고,0,0,0,1,차대사람 - 길가장자리구역통행중,안전운전불이행,포장 - 건조,맑음,단일로 - 기타,승용,여,35세,상해없음,보행자,남,66세,부상신고
2021061100100256,2021년 6월 11일 13시,금요일,서울특별시 송파구 방이동,경상사고,0,0,1,0,차대사람 - 보도통행중,안전운전불이행,포장 - 건조,맑음,기타 - 기타,승용,남,64세,상해없음,보행자,여,26세,경상
2021061100100273,2021년 6월 11일 14시,금요일,서울특별시 은평구 녹번동,중상사고,0,1,0,0,차대사람 - 횡단중,안전운전불이행,포장 - 건조,맑음,단일로 - 기타,승용,남,77세,상해없음,보행자,여,12세,중상
2021061100100320,2021년 6월 11일 15시,금요일,서울특별시 양천구 신정동,경상사고,0,0,1,0,차대사람 - 기타,안전운전불이행,포장 - 건조,맑음,단일로 - 기타,승용,여,49세,상해없음,보행자,남,9세,경상
2021061100100321,2021년 6월 11일 15시,금요일,서울특별시 서초구 반포동,중상사고,0,1,0,0,차대사람 - 횡단중,안전운전불이행,포장 - 건조,맑음,단일로 - 기타,승용,남,35세,상해없음,보행자,여,65세,중상
2021061100100358,2021년 6월 11일 16시,금요일,서울특별시 영등포구 신길동,중상사고,0,1,0,0,차대사람 - 횡단중,보행자보호의무위반,포장 - 건조,맑음,단일로 - 기타,승용,여,46세,상해없음,보행자,여,35세,중상
2021061100100360,2021년 6월 11일 16시,금요일,서울특별시 관악구 봉천동,경상사고,0,0,1,0,차대사람 - 기타,안전운전불이행,포장 - 건조,맑음,단일로 - 기타,승용,남,27세,상해없음,보행자,여,69세,경상
2021061100100391,2021년 6월 11일 17시,금요일,서울특별시 강남구 논현동,경상사고,0,0,1,0,차대사람 - 보도통행중,기타,포장 - 건조,맑음,기타 - 기타,개인형이동수단(PM),여,32세,상해없음,보행자,여,25세,경상
2021061100100392,2021년 6월 11일 17시,금요일,서울특별시 서초구 서초동,경상사고,0,0,1,0,차대사람 - 차도통행중,안전운전불이행,포장 - 건조,맑음,단일로 - 기타,승용,여,48세,상해없음,보행자,남,58세,경상
2021061100100394,2021년 6월 11일 17시,금요일,서울특별시 양천구 목동,경상사고,0,0,1,0,차대사람 - 기타,안전운전불이행,포장 - 건조,맑음,교차로 - 교차로부근,승용,남,35세,상해없음,보행자,여,61세,경상
2021061100100398,2021년 6월 11일 17시,금요일,서울특별시 서초구 방배동,중상사고,0,1,0,0,차대사람 - 보도통행중,기타,포장 - 건조,맑음,단일로 - 기타,자전거,남,11세,상해없음,보행자,여,59세,중상
2021061100100443,2021년 6월 11일 18시,금요일,서울특별시 성동구 하왕십리동,경상사고,0,0,1,0,차대사람 - 횡단중,안전운전불이행,포장 - 건조,맑음,교차로 - 교차로안,화물,남,47세,상해없음,보행자,여,67세,경상
2021061100100444,2021년 6월 11일 18시,금요일,서울특별시 중랑구 상봉동,경상사고,0,0,1,0,차대사람 - 기타,안전운전불이행,포장 - 건조,맑음,교차로 - 교차로안,승용,남,27세,상해없음,보행자,여,59세,상해없음
2021061100100445,2021년 6월 11일 18시,금요일,서울특별시 송파구 잠실동,경상사고,0,0,1,0,차대사람 - 기타,안전운전불이행,포장 - 건조,맑음,단일로 - 기타,개인형이동수단(PM),남,14세,상해없음,보행자,여,58세,경상
2021061100100565,2021년 6월 11일 21시,금요일,서울특별시 중랑구 신내동,경상사고,0,0,3,0,차대사람 - 기타,기타,포장 - 건조,맑음,단일로 - 기타,승용,남,61세,상해없음,보행자,남,59세,경상
2021061100100591,2021년 6월 11일 22시,금요일,서울특별시 강남구 대치동,경상사고,0,0,1,0,차대사람 - 기타,안전운전불이행,포장 - 건조,맑음,단일로 - 기타,승용,남,70세,기타불명,보행자,여,27세,경상
2021061100100622,2021년 6월 11일 23시,금요일,서울특별시 종로구 묘동,경상사고,0,0,1,0,차대사람 - 차도통행중,안전운전불이행,포장 - 건조,맑음,단일로 - 기타,승용,남,71세,상해없음,보행자,여,50세,경상
2021061100100625,2021년 6월 11일 23시,금요일,서울특별시 송파구 가락동,경상사고,0,0,1,0,차대사람 - 기타,안전운전불이행,포장 - 건조,맑음,교차로 - 교차로부근,승용,남,34세,상해없음,보행자,남,37세,경상
2021061200100051,2021년 6월 12일 07시,토요일,서울특별시 서대문구 북아현동,경상사고,0,0,1,0,차대사람 - 횡단중,신호위반,포장 - 건조,맑음,교차로 - 교차로횡단보도내,승용,남,57세,상해없음,보행자,남,67세,경상
2021061200100217,2021년 6월 12일 12시,토요일,서울특별시 양천구 목동,경상사고,0,0,1,0,차대사람 - 기타,안전운전불이행,포장 - 건조,맑음,단일로 - 기타,승용,남,51세,상해없음,보행자,여,23세,경상
2021061200100253,2021년 6월 12일 13시,토요일,서울특별시 성동구 송정동,중상사고,0,1,0,0,차대사람 - 길가장자리구역통행중,안전운전불이행,포장 - 건조,맑음,단일로 - 기타,원동기,남,24세,상해없음,보행자,남,4세,중상
2021061200100300,2021년 6월 12일 14시,토요일,서울특별시 성동구 성수동1가,경상사고,0,0,1,0,차대사람 - 보도통행중,보행자보호의무위반,포장 - 건조,맑음,단일로 - 교량,기타불명,기타불명,미분류,기타불명,보행자,남,12세,경상
2021061200100303,2021년 6월 12일 14시,토요일,서울특별시 강동구 명일동,중상사고,0,1,0,0,차대사람 - 기타,보행자보호의무위반,포장 - 건조,맑음,교차로 - 교차로횡단보도내,화물,여,61세,상해없음,보행자,여,51세,중상
2021061200100306,2021년 6월 12일 14시,토요일,서울특별시 서초구 서초동,중상사고,0,1,0,0,차대사람 - 기타,보행자보호의무위반,포장 - 건조,맑음,기타 - 기타,승용,남,38세,상해없음,보행자,남,10세,중상
2021061200100381,2021년 6월 12일 16시,토요일,서울특별시 구로구 구로동,중상사고,0,1,0,0,차대사람 - 기타,안전운전불이행,포장 - 건조,맑음,단일로 - 기타,승용,여,52세,상해없음,보행자,남,26세,중상
2021061200100470,2021년 6월 12일 18시,토요일,서울특별시 양천구 신월동,경상사고,0,0,1,0,차대사람 - 기타,보행자보호의무위반,포장 - 건조,맑음,교차로 - 교차로횡단보도내,화물,남,55세,상해없음,보행자,여,69세,경상
2021061200100529,2021년 6월 12일 20시,토요일,서울특별시 동작구 사당동,경상사고,0,0,1,0,차대사람 - 기타,안전운전불이행,포장 - 건조,맑음,교차로 - 교차로안,승용,남,40세,상해없음,보행자,여,33세,경상
2021061200100531,2021년 6월 12일 20시,토요일,서울특별시 서초구 내곡동,부상신고사고,0,0,0,1,차대사람 - 기타,안전운전불이행,포장 - 건조,맑음,단일로 - 기타,자전거,남,14세,상해없음,보행자,남,77세,부상신고
2021061200100579,2021년 6월 12일 22시,토요일,서울특별시 은평구 수색동,부상신고사고,0,0,0,1,차대사람 - 횡단중,보행자보호의무위반,포장 - 건조,맑음,단일로 - 기타,승용,남,34세,상해없음,보행자,남,63세,부상신고
2021061200100582,2021년 6월 12일 22시,토요일,서울특별시 성북구 안암동5가,경상사고,0,0,1,0,차대사람 - 기타,안전운전불이행,포장 - 건조,기타,단일로 - 기타,승합,남,45세,상해없음,보행자,여,29세,경상
2021061200100583,2021년 6월 12일 22시,토요일,서울특별시 마포구 서교동,경상사고,0,0,1,0,차대사람 - 기타,안전운전불이행,포장 - 건조,맑음,기타 - 기타,승용,남,30세,상해없음,보행자,남,38세,경상
2021061200100585,2021년 6월 12일 22시,토요일,서울특별시 강동구 길동,부상신고사고,0,0,0,1,차대사람 - 기타,안전운전불이행,포장 - 건조,맑음,교차로 - 교차로부근,이륜,남,36세,상해없음,보행자,남,5세,부상신고
2021061300100028,2021년 6월 13일 03시,일요일,서울특별시 강서구 화곡동,경상사고,0,0,1,0,차대사람 - 기타,안전운전불이행,포장 - 건조,맑음,단일로 - 기타,승용,여,57세,상해없음,보행자,남,27세,경상
2021061300100098,2021년 6월 13일 11시,일요일,서울특별시 관악구 신림동,경상사고,0,0,1,0,차대사람 - 보도통행중,안전운전불이행,포장 - 건조,맑음,기타 - 기타,승용,여,33세,상해없음,보행자,여,80세,경상
2021061300100160,2021년 6월 13일 13시,일요일,서울특별시 관악구 신림동,중상사고,0,1,0,0,차대사람 - 기타,안전운전불이행,포장 - 건조,맑음,단일로 - 기타,개인형이동수단(PM),남,24세,상해없음,보행자,여,79세,중상
2021061300100229,2021년 6월 13일 15시,일요일,서울특별시 강서구 화곡동,중상사고,0,1,0,0,차대사람 - 기타,안전운전불이행,포장 - 건조,맑음,교차로 - 교차로부근,승용,여,49세,상해없음,보행자,남,68세,중상
2021061300100234,2021년 6월 13일 15시,일요일,서울특별시 양천구 신정동,경상사고,0,0,1,0,차대사람 - 기타,안전운전불이행,포장 - 건조,맑음,단일로 - 기타,승용,남,50세,상해없음,보행자,남,38세,경상
2021061300100343,2021년 6월 13일 18시,일요일,서울특별시 동작구 사당동,중상사고,0,1,0,0,차대사람 - 기타,안전운전불이행,포장 - 건조,맑음,교차로 - 교차로안,승용,남,41세,상해없음,보행자,여,51세,중상
2021061300100373,2021년 6월 13일 19시,일요일,서울특별시 강동구 천호동,경상사고,0,0,1,0,차대사람 - 횡단중,보행자보호의무위반,포장 - 건조,맑음,단일로 - 기타,원동기,남,26세,상해없음,보행자,남,39세,경상
2021061300100375,2021년 6월 13일 19시,일요일,서울특별시 노원구 중계동,중상사고,0,1,0,0,차대사람 - 횡단중,보행자보호의무위반,포장 - 건조,맑음,교차로 - 교차로횡단보도내,화물,남,37세,상해없음,보행자,여,74세,중상
2021061300100397,2021년 6월 13일 20시,일요일,서울특별시 금천구 시흥동,경상사고,0,0,1,0,차대사람 - 기타,안전운전불이행,포장 - 건조,맑음,교차로 - 교차로안,승용,여,54세,상해없음,보행자,남,65세,경상
2021061300100403,2021년 6월 13일 20시,일요일,서울특별시 강서구 등촌동,경상사고,0,0,1,0,차대사람 - 기타,안전운전불이행,포장 - 건조,맑음,교차로 - 교차로안,승용,여,64세,상해없음,보행자,남,30세,경상
2021061300100431,2021년 6월 13일 21시,일요일,서울특별시 마포구 망원동,중상사고,0,1,0,0,차대사람 - 횡단중,안전운전불이행,포장 - 건조,맑음,단일로 - 기타,이륜,남,30세,상해없음,보행자,여,61세,중상
2021061300100452,2021년 6월 13일 22시,일요일,서울특별시 성북구 정릉동,중상사고,0,2,0,0,차대사람 - 기타,안전운전불이행,포장 - 건조,맑음,단일로 - 기타,승용,남,30세,상해없음,보행자,여,19세,중상
2021061400100023,2021년 6월 14일 05시,월요일,서울특별시 강남구 청담동,경상사고,0,0,1,0,차대사람 - 보도통행중,기타,포장 - 건조,맑음,기타 - 기타,승용,남,47세,상해없음,보행자,여,68세,경상
2021061400100116,2021년 6월 14일 09시,월요일,서울특별시 서대문구 북아현동,중상사고,0,1,0,0,차대사람 - 기타,안전운전불이행,포장 - 건조,맑음,교차로 - 교차로안,승용,여,45세,상해없음,보행자,여,32세,중상
2021061400100117,2021년 6월 14일 09시,월요일,서울특별시 용산구 한강로3가,경상사고,0,0,1,0,차대사람 - 기타,안전운전불이행,포장 - 건조,맑음,단일로 - 기타,자전거,남,38세,상해없음,보행자,여,44세,경상
2021061400100121,2021년 6월 14일 09시,월요일,서울특별시 노원구 중계동,경상사고,0,0,1,0,차대사람 - 차도통행중,중앙선침범,포장 - 건조,맑음,기타 - 기타,화물,남,60세,상해없음,보행자,남,46세,경상
2021061400100154,2021년 6월 14일 10시,월요일,서울특별시 송파구 방이동,부상신고사고,0,0,0,1,차대사람 - 차도통행중,안전운전불이행,포장 - 건조,맑음,교차로 - 교차로부근,승용,남,62세,상해없음,보행자,여,62세,부상신고
2021061400100186,2021년 6월 14일 11시,월요일,서울특별시 노원구 공릉동,경상사고,0,0,1,0,차대사람 - 기타,기타,포장 - 건조,맑음,단일로 - 기타,개인형이동수단(PM),남,24세,상해없음,보행자,남,39세,경상
2021061400100219,2021년 6월 14일 12시,월요일,서울특별시 성동구 성수동2가,경상사고,0,0,1,0,차대사람 - 보도통행중,기타,포장 - 건조,맑음,단일로 - 기타,자전거,남,34세,상해없음,보행자,여,51세,경상
2021061400100253,2021년 6월 14일 13시,월요일,서울특별시 강서구 등촌동,경상사고,0,0,1,0,차대사람 - 차도통행중,안전운전불이행,포장 - 건조,맑음,단일로 - 기타,승용,남,63세,상해없음,보행자,남,56세,경상
2021061400100255,2021년 6월 14일 13시,월요일,서울특별시 노원구 공릉동,경상사고,0,0,1,0,차대사람 - 기타,안전운전불이행,포장 - 건조,맑음,단일로 - 기타,승용,남,61세,상해없음,보행자,여,27세,경상
2021061400100294,2021년 6월 14일 14시,월요일,서울특별시 관악구 신림동,경상사고,0,0,1,0,차대사람 - 기타,안전운전불이행,포장 - 건조,맑음,단일로 - 기타,승용,남,65세,상해없음,보행자,여,48세,경상
2021061400100456,2021년 6월 14일 18시,월요일,서울특별시 동대문구 휘경동,중상사고,0,1,0,0,차대사람 - 횡단중,신호위반,포장 - 건조,흐림,교차로 - 교차로부근,이륜,남,21세,상해없음,보행자,여,31세,중상
2021061400100458,2021년 6월 14일 18시,월요일,서울특별시 동작구 신대방동,경상사고,0,0,1,0,차대사람 - 기타,안전운전불이행,포장 - 건조,맑음,단일로 - 기타,자전거,남,40세,상해없음,보행자,여,71세,경상
2021061400100461,2021년 6월 14일 18시,월요일,서울특별시 송파구 잠실동,경상사고,0,0,1,0,차대사람 - 기타,안전운전불이행,포장 - 건조,맑음,단일로 - 기타,승용,남,57세,상해없음,보행자,남,13세,경상
2021061400100462,2021년 6월 14일 18시,월요일,서울특별시 양천구 신정동,부상신고사고,0,0,0,1,차대사람 - 길가장자리구역통행중,안전운전불이행,포장 - 건조,맑음,단일로 - 기타,기타불명,기타불명,미분류,기타불명,보행자,남,50세,부상신고
2021061400100503,2021년 6월 14일 19시,월요일,서울특별시 강서구 화곡동,경상사고,0,0,1,0,차대사람 - 차도통행중,안전운전불이행,포장 - 건조,맑음,단일로 - 기타,기타불명,기타불명,미분류,기타불명,보행자,남,41세,경상
2021061400100525,2021년 6월 14일 20시,월요일,서울특별시 영등포구 대림동,중상사고,0,1,0,0,차대사람 - 횡단중,안전운전불이행,포장 - 건조,맑음,교차로 - 교차로부근,승용,여,49세,상해없음,보행자,여,71세,중상
2021061400100526,2021년 6월 14일 20시,월요일,서울특별시 금천구 시흥동,경상사고,0,0,1,0,차대사람 - 횡단중,신호위반,포장 - 건조,맑음,단일로 - 기타,이륜,남,50세,상해없음,보행자,여,25세,경상
2021061400100528,2021년 6월 14일 20시,월요일,서울특별시 양천구 신정동,중상사고,0,1,0,0,차대사람 - 기타,안전운전불이행,포장 - 건조,맑음,단일로 - 기타,승합,남,53세,상해없음,보행자,남,71세,중상
2021061400100568,2021년 6월 14일 22시,월요일,서울특별시 중구 충무로4가,경상사고,0,0,1,0,차대사람 - 기타,안전운전불이행,포장 - 건조,맑음,교차로 - 교차로부근,원동기,남,21세,상해없음,보행자,남,29세,경상
2021061500100064,2021년 6월 15일 08시,화요일,서울특별시 양천구 신월동,중상사고,0,1,0,0,차대사람 - 차도통행중,안전운전불이행,포장 - 젖음/습기,비,단일로 - 기타,승용,여,46세,상해없음,보행자,여,74세,중상
2021061500100161,2021년 6월 15일 11시,화요일,서울특별시 도봉구 방학동,중상사고,0,1,0,0,차대사람 - 횡단중,신호위반,포장 - 젖음/습기,비,단일로 - 기타,화물,남,35세,상해없음,보행자,여,49세,중상