사고번호,사고일시,요일,시군구,사고내용,사망자수,중상자수,경상자수,부상신고자수,사고유형,법규위반,노면상태,기상상태,도로형태,가해운전자 차종,가해운전자 성별,가해운전자 연령,가해운전자 상해정도,피해운전자 차종,피해운전자 성별,피해운전자 연령,피해운전자 상해정도
2021061500100194,2021년 6월 15일 12시,화요일,서울특별시 은평구 역촌동,중상사고,0,1,0,0,차대사람 - 횡단중,신호위반,포장 - 건조,맑음,교차로 - 교차로횡단보도내,화물,남,24세,상해없음,보행자,여,24세,중상
2021061500100195,2021년 6월 15일 12시,화요일,서울특별시 영등포구 도림동,부상신고사고,0,0,0,1,차대사람 - 기타,안전운전불이행,포장 - 젖음/습기,흐림,교차로 - 교차로횡단보도내,승용,남,66세,상해없음,보행자,남,9세,부상신고
2021061500100234,2021년 6월 15일 13시,화요일,서울특별시 관악구 남현동,경상사고,0,0,1,0,차대사람 - 기타,안전운전불이행,포장 - 건조,맑음,교차로 - 교차로부근,승용,여,73세,상해없음,보행자,여,32세,경상
2021061500100272,2021년 6월 15일 14시,화요일,서울특별시 송파구 가락동,중상사고,0,1,0,0,차대사람 - 기타,안전운전불이행,포장 - 건조,맑음,교차로 - 교차로안,화물,남,51세,상해없음,보행자,여,61세,중상
2021061500100309,2021년 6월 15일 15시,화요일,서울특별시 강동구 암사동,경상사고,0,0,1,0,차대사람 - 차도통행중,안전운전불이행,포장 - 건조,맑음,단일로 - 기타,승용,여,35세,상해없음,보행자,남,7세,경상
2021061500100312,2021년 6월 15일 15시,화요일,서울특별시 은평구 구산동,중상사고,0,1,0,0,차대사람 - 횡단중,안전운전불이행,포장 - 건조,맑음,단일로 - 기타,승용,남,53세,상해없음,보행자,남,53세,중상
2021061500100337,2021년 6월 15일 16시,화요일,서울특별시 중구 신당동,중상사고,0,1,0,0,차대사람 - 횡단중,안전운전불이행,포장 - 건조,맑음,교차로 - 교차로안,승용,남,79세,상해없음,보행자,여,69세,중상
2021061500100341,2021년 6월 15일 16시,화요일,서울특별시 강동구 길동,중상사고,0,1,0,0,차대사람 - 기타,안전운전불이행,포장 - 건조,맑음,단일로 - 기타,승용,여,40세,상해없음,보행자,여,70세,중상
2021061500100382,2021년 6월 15일 17시,화요일,서울특별시 금천구 가산동,중상사고,0,1,0,0,차대사람 - 기타,안전운전불이행,포장 - 건조,맑음,단일로 - 기타,자전거,남,15세,상해없음,보행자,여,55세,중상
2021061500100386,2021년 6월 15일 17시,화요일,서울특별시 서초구 방배동,경상사고,0,0,1,0,차대사람 - 기타,안전운전불이행,포장 - 건조,맑음,기타 - 기타,승용,남,24세,상해없음,보행자,남,60세,경상
2021061500100422,2021년 6월 15일 18시,화요일,서울특별시 성북구 정릉동,중상사고,0,1,0,0,차대사람 - 보도통행중,안전운전불이행,포장 - 건조,맑음,기타 - 기타,승용,여,38세,상해없음,보행자,여,22세,중상
2021061500100471,2021년 6월 15일 19시,화요일,서울특별시 강남구 역삼동,경상사고,0,0,1,0,차대사람 - 기타,안전운전불이행,포장 - 건조,맑음,단일로 - 기타,승용,남,40세,상해없음,보행자,여,36세,경상
2021061500100525,2021년 6월 15일 21시,화요일,서울특별시 영등포구 당산동2가,경상사고,0,0,1,0,차대사람 - 기타,안전운전불이행,포장 - 건조,맑음,교차로 - 교차로안,승용,남,47세,상해없음,보행자,남,44세,경상
2021061500100554,2021년 6월 15일 22시,화요일,서울특별시 성북구 보문동1가,경상사고,0,0,1,0,차대사람 - 기타,안전운전불이행,포장 - 건조,맑음,교차로 - 교차로부근,이륜,남,39세,상해없음,보행자,남,28세,경상
2021061600100001,2021년 6월 16일 00시,수요일,서울특별시 동작구 동작동,중상사고,0,1,0,0,차대사람 - 횡단중,안전운전불이행,포장 - 건조,맑음,단일로 - 기타,승용,남,68세,상해없음,보행자,남,55세,중상
2021061600100003,2021년 6월 16일 00시,수요일,서울특별시 도봉구 창동,경상사고,0,0,1,0,차대사람 - 기타,안전운전불이행,포장 - 건조,맑음,교차로 - 교차로안,승용,남,30세,상해없음,보행자,남,29세,경상
2021061600100049,2021년 6월 16일 07시,수요일,서울특별시 강서구 방화동,중상사고,0,1,0,0,차대사람 - 차도통행중,안전운전불이행,포장 - 건조,맑음,교차로 - 교차로안,승용,남,51세,상해없음,보행자,여,76세,중상
2021061600100075,2021년 6월 16일 08시,수요일,서울특별시 광진구 화양동,경상사고,0,0,1,0,차대사람 - 보도통행중,안전운전불이행,포장 - 건조,맑음,단일로 - 기타,승용,남,64세,상해없음,보행자,여,29세,경상
2021061600100076,2021년 6월 16일 08시,수요일,서울특별시 광진구 중곡동,경상사고,0,0,1,0,차대사람 - 길가장자리구역통행중,안전운전불이행,포장 - 건조,맑음,교차로 - 교차로부근,승용,남,62세,상해없음,보행자,여,10세,경상
2021061600100125,2021년 6월 16일 09시,수요일,서울특별시 강남구 논현동,경상사고,0,0,1,0,차대사람 - 보도통행중,기타,포장 - 건조,기타,기타 - 기타,원동기,기타불명,미분류,기타불명,보행자,남,39세,경상
2021061600100182,2021년 6월 16일 11시,수요일,서울특별시 강동구 천호동,부상신고사고,0,0,0,1,차대사람 - 기타,안전운전불이행,포장 - 건조,맑음,단일로 - 기타,승용,남,47세,상해없음,보행자,남,33세,부상신고
2021061600100213,2021년 6월 16일 12시,수요일,서울특별시 용산구 한강로1가,경상사고,0,0,1,0,차대사람 - 기타,안전운전불이행,포장 - 건조,맑음,기타 - 기타,화물,남,63세,상해없음,보행자,남,20세,경상
2021061600100251,2021년 6월 16일 13시,수요일,서울특별시 중랑구 중화동,중상사고,0,2,0,0,차대사람 - 횡단중,보행자보호의무위반,포장 - 건조,맑음,교차로 - 교차로횡단보도내,승용,남,68세,상해없음,보행자,여,29세,중상
2021061600100284,2021년 6월 16일 14시,수요일,서울특별시 서초구 서초동,경상사고,0,0,1,0,차대사람 - 횡단중,보행자보호의무위반,포장 - 건조,맑음,교차로 - 교차로횡단보도내,승용,남,33세,상해없음,보행자,여,37세,경상
2021061600100321,2021년 6월 16일 15시,수요일,서울특별시 성동구 성수동2가,경상사고,0,0,1,0,차대사람 - 횡단중,교차로운행방법위반,포장 - 건조,맑음,교차로 - 교차로안,화물,남,59세,상해없음,보행자,여,73세,경상
2021061600100356,2021년 6월 16일 16시,수요일,서울특별시 관악구 신림동,경상사고,0,0,1,0,차대사람 - 기타,안전운전불이행,포장 - 건조,맑음,단일로 - 기타,승용,여,25세,상해없음,보행자,남,50세,경상
2021061600100357,2021년 6월 16일 16시,수요일,서울특별시 성북구 장위동,중상사고,0,1,0,0,차대사람 - 기타,안전운전불이행,포장 - 건조,맑음,단일로 - 기타,승용,남,63세,상해없음,보행자,남,59세,중상
2021061600100361,2021년 6월 16일 16시,수요일,서울특별시 양천구 신정동,중상사고,0,1,0,0,차대사람 - 횡단중,보행자보호의무위반,포장 - 건조,맑음,교차로 - 교차로횡단보도내,승용,여,47세,상해없음,보행자,여,57세,중상
2021061600100446,2021년 6월 16일 18시,수요일,서울특별시 마포구 신수동,중상사고,0,1,0,0,차대사람 - 횡단중,보행자보호의무위반,포장 - 건조,맑음,교차로 - 교차로횡단보도내,승용,남,42세,상해없음,보행자,여,30세,중상
2021061600100449,2021년 6월 16일 18시,수요일,서울특별시 관악구 봉천동,경상사고,0,0,1,0,차대사람 - 기타,안전운전불이행,포장 - 건조,맑음,단일로 - 기타,승용,남,57세,상해없음,보행자,여,63세,경상
2021061600100525,2021년 6월 16일 20시,수요일,서울특별시 광진구 화양동,경상사고,0,0,1,0,차대사람 - 길가장자리구역통행중,안전운전불이행,포장 - 건조,맑음,기타 - 기타,승용,남,58세,상해없음,보행자,여,24세,경상
2021061600100526,2021년 6월 16일 20시,수요일,서울특별시 마포구 서교동,경상사고,0,0,1,0,차대사람 - 기타,안전운전불이행,포장 - 건조,맑음,단일로 - 기타,승합,남,49세,상해없음,보행자,여,25세,경상
2021061600100564,2021년 6월 16일 21시,수요일,서울특별시 강동구 성내동,경상사고,0,0,1,0,차대사람 - 기타,안전운전불이행,포장 - 건조,맑음,교차로 - 교차로부근,자전거,여,52세,상해없음,보행자,여,53세,경상
2021061600100596,2021년 6월 16일 22시,수요일,서울특별시 성북구 동소문동2가,중상사고,0,1,0,0,차대사람 - 기타,안전운전불이행,포장 - 건조,맑음,교차로 - 교차로부근,승용,남,62세,상해없음,보행자,남,52세,중상
2021061600100598,2021년 6월 16일 22시,수요일,서울특별시 광진구 화양동,경상사고,0,0,1,0,차대사람 - 기타,안전운전불이행,포장 - 건조,맑음,기타 - 기타,승용,남,27세,상해없음,보행자,남,19세,경상
2021061600100601,2021년 6월 16일 22시,수요일,서울특별시 강남구 논현동,경상사고,0,0,1,0,차대사람 - 기타,안전운전불이행,포장 - 건조,맑음,단일로 - 기타,개인형이동수단(PM),남,33세,기타불명,보행자,남,35세,경상
2021061600100632,2021년 6월 16일 23시,수요일,서울특별시 동대문구 휘경동,경상사고,0,0,1,0,차대사람 - 보도통행중,신호위반,포장 - 건조,흐림,교차로 - 교차로부근,이륜,남,46세,상해없음,보행자,여,75세,경상
2021061700100074,2021년 6월 17일 08시,목요일,서울특별시 중랑구 면목동,경상사고,0,0,1,0,차대사람 - 기타,안전운전불이행,포장 - 건조,맑음,기타 - 기타,승용,여,57세,상해없음,보행자,남,25세,경상
2021061700100075,2021년 6월 17일 08시,목요일,서울특별시 강서구 화곡동,중상사고,0,1,0,0,차대사람 - 기타,안전운전불이행,포장 - 건조,맑음,단일로 - 기타,자전거,남,16세,상해없음,보행자,남,14세,중상
2021061700100076,2021년 6월 17일 08시,목요일,서울특별시 구로구 구로동,경상사고,0,0,1,0,차대사람 - 기타,안전운전불이행,포장 - 건조,맑음,단일로 - 기타,승합,남,57세,상해없음,보행자,여,41세,경상
2021061700100164,2021년 6월 17일 11시,목요일,서울특별시 용산구 이태원동,경상사고,0,0,1,0,차대사람 - 기타,안전운전불이행,포장 - 건조,맑음,교차로 - 교차로부근,승용,남,60세,상해없음,보행자,여,26세,경상
2021061700100165,2021년 6월 17일 11시,목요일,서울특별시 광진구 화양동,중상사고,0,1,0,0,차대사람 - 횡단중,안전운전불이행,포장 - 건조,맑음,단일로 - 기타,화물,남,66세,상해없음,보행자,남,31세,중상
2021061700100168,2021년 6월 17일 11시,목요일,서울특별시 성북구 길음동,중상사고,0,1,0,0,차대사람 - 횡단중,안전운전불이행,포장 - 건조,맑음,교차로 - 교차로안,승용,여,54세,상해없음,보행자,여,69세,중상
2021061700100273,2021년 6월 17일 14시,목요일,서울특별시 중구 주교동,중상사고,0,1,0,0,차대사람 - 길가장자리구역통행중,안전운전불이행,포장 - 건조,흐림,단일로 - 기타,화물,남,51세,상해없음,보행자,여,80세,중상
2021061700100275,2021년 6월 17일 14시,목요일,서울특별시 관악구 신림동,경상사고,0,0,1,0,차대사람 - 기타,안전운전불이행,포장 - 건조,맑음,교차로 - 교차로부근,승용,남,71세,상해없음,보행자,남,62세,경상
2021061700100336,2021년 6월 17일 16시,목요일,서울특별시 성북구 길음동,사망사고,1,0,0,0,차대사람 - 보도통행중,보행자보호의무위반,포장 - 젖음/습기,비,기타 - 기타,이륜,남,47세,상해없음,보행자,여,62세,사망
2021061700100418,2021년 6월 17일 18시,목요일,서울특별시 금천구 시흥동,중상사고,0,1,0,0,차대사람 - 길가장자리구역통행중,안전운전불이행,포장 - 건조,맑음,단일로 - 기타,승용,남,33세,상해없음,보행자,남,55세,중상
2021061700100477,2021년 6월 17일 20시,목요일,서울특별시 광진구 중곡동,경상사고,0,0,1,0,차대사람 - 기타,안전운전불이행,포장 - 건조,맑음,단일로 - 기타,승용,남,28세,상해없음,보행자,여,74세,경상
2021061700100478,2021년 6월 17일 20시,목요일,서울특별시 강남구 논현동,경상사고,0,0,1,0,차대사람 - 횡단중,보행자보호의무위반,포장 - 건조,맑음,교차로 - 교차로횡단보도내,기타불명,기타불명,미분류,기타불명,보행자,남,31세,경상
2021061700100501,2021년 6월 17일 21시,목요일,서울특별시 광진구 화양동,경상사고,0,0,1,0,차대사람 - 길가장자리구역통행중,안전운전불이행,포장 - 건조,맑음,단일로 - 기타,승용,여,26세,상해없음,보행자,여,60세,경상
2021061700100502,2021년 6월 17일 21시,목요일,서울특별시 강남구 역삼동,경상사고,0,0,1,0,차대사람 - 기타,보행자보호의무위반,포장 - 건조,맑음,교차로 - 교차로횡단보도내,승용,남,63세,상해없음,보행자,남,62세,경상
2021061700100504,2021년 6월 17일 21시,목요일,서울특별시 도봉구 쌍문동,경상사고,0,0,1,0,차대사람 - 횡단중,보행자보호의무위반,포장 - 건조,맑음,교차로 - 교차로횡단보도내,승용,남,53세,상해없음,보행자,여,22세,경상
2021061700100529,2021년 6월 17일 22시,목요일,서울특별시 동대문구 장안동,경상사고,0,0,1,0,차대사람 - 기타,안전운전불이행,포장 - 기타,맑음,교차로 - 교차로부근,승용,남,29세,상해없음,보행자,남,41세,경상
2021061800100023,2021년 6월 18일 04시,금요일,서울특별시 강동구 길동,중상사고,0,1,0,0,차대사람 - 기타,안전운전불이행,포장 - 젖음/습기,비,단일로 - 기타,승용,남,63세,상해없음,보행자,남,52세,중상
2021061800100091,2021년 6월 18일 09시,금요일,서울특별시 강동구 천호동,경상사고,0,0,1,0,차대사람 - 길가장자리구역통행중,기타,포장 - 젖음/습기,비,기타 - 기타,화물,남,37세,상해없음,보행자,여,62세,경상
2021061800100120,2021년 6월 18일 10시,금요일,서울특별시 용산구 한강로3가,경상사고,0,0,1,0,차대사람 - 횡단중,보행자보호의무위반,포장 - 젖음/습기,비,교차로 - 교차로횡단보도내,승합,남,48세,상해없음,보행자,여,50세,경상
2021061800100158,2021년 6월 18일 11시,금요일,서울특별시 중랑구 묵동,중상사고,0,1,0,0,차대사람 - 횡단중,보행자보호의무위반,포장 - 건조,맑음,교차로 - 교차로횡단보도내,화물,남,63세,상해없음,보행자,여,50세,중상
2021061800100219,2021년 6월 18일 13시,금요일,서울특별시 노원구 상계동,부상신고사고,0,0,0,1,차대사람 - 횡단중,안전운전불이행,포장 - 젖음/습기,비,교차로 - 교차로부근,화물,여,75세,상해없음,보행자,여,26세,부상신고
2021061800100270,2021년 6월 18일 15시,금요일,서울특별시 중랑구 중화동,경상사고,0,0,1,0,차대사람 - 횡단중,신호위반,포장 - 건조,맑음,단일로 - 기타,승용,여,41세,상해없음,보행자,여,10세,경상
2021061800100309,2021년 6월 18일 16시,금요일,서울특별시 동대문구 장안동,경상사고,0,0,1,0,차대사람 - 길가장자리구역통행중,안전운전불이행,포장 - 기타,기타,단일로 - 기타,화물,남,37세,상해없음,보행자,여,70세,경상
2021061800100311,2021년 6월 18일 16시,금요일,서울특별시 광진구 화양동,경상사고,0,0,1,0,차대사람 - 기타,기타,포장 - 건조,맑음,기타 - 기타,승용,남,44세,기타불명,보행자,남,49세,경상
2021061800100314,2021년 6월 18일 16시,금요일,서울특별시 노원구 상계동,경상사고,0,0,1,0,차대사람 - 차도통행중,안전운전불이행,포장 - 젖음/습기,흐림,기타 - 기타,승용,남,27세,상해없음,보행자,여,57세,경상
2021061800100349,2021년 6월 18일 17시,금요일,서울특별시 강남구 역삼동,경상사고,0,0,1,0,차대사람 - 길가장자리구역통행중,안전운전불이행,포장 - 건조,맑음,단일로 - 기타,승용,남,57세,상해없음,보행자,남,19세,경상
2021061800100400,2021년 6월 18일 18시,금요일,서울특별시 강동구 고덕동,중상사고,0,1,0,0,차대사람 - 횡단중,안전운전불이행,포장 - 건조,맑음,교차로 - 교차로횡단보도내,승용,남,37세,상해없음,보행자,남,83세,중상
2021061800100401,2021년 6월 18일 18시,금요일,서울특별시 송파구 장지동,부상신고사고,0,0,0,1,차대사람 - 기타,안전운전불이행,포장 - 건조,기타,기타 - 기타,기타불명,기타불명,미분류,기타불명,보행자,여,59세,부상신고
2021061800100450,2021년 6월 18일 19시,금요일,서울특별시 강남구 도곡동,경상사고,0,0,1,0,차대사람 - 기타,안전운전불이행,포장 - 건조,맑음,단일로 - 기타,자전거,남,46세,상해없음,보행자,여,61세,경상
2021061800100516,2021년 6월 18일 21시,금요일,서울특별시 송파구 방이동,경상사고,0,0,1,0,차대사람 - 기타,안전운전불이행,포장 - 건조,맑음,교차로 - 교차로부근,승용,남,32세,상해없음,보행자,남,20세,경상
2021061800100539,2021년 6월 18일 22시,금요일,서울특별시 성북구 동선동1가,경상사고,0,0,1,0,차대사람 - 차도통행중,안전운전불이행,포장 - 건조,맑음,단일로 - 기타,승용,남,29세,상해없음,보행자,남,20세,경상
2021061800100540,2021년 6월 18일 22시,금요일,서울특별시 마포구 공덕동,경상사고,0,0,1,0,차대사람 - 기타,신호위반,포장 - 젖음/습기,비,교차로 - 교차로안,승용,남,48세,상해없음,보행자,여,29세,경상
2021061900100042,2021년 6월 19일 04시,토요일,서울특별시 성북구 삼선동4가,경상사고,0,0,1,0,차대사람 - 기타,안전운전불이행,포장 - 건조,맑음,교차로 - 교차로횡단보도내,승용,남,62세,상해없음,보행자,남,40세,경상
2021061900100049,2021년 6월 19일 05시,토요일,서울특별시 강북구 미아동,중상사고,0,1,1,0,차대사람 - 횡단중,안전운전불이행,포장 - 건조,맑음,단일로 - 기타,이륜,남,29세,경상,보행자,남,55세,중상
2021061900100081,2021년 6월 19일 08시,토요일,서울특별시 중랑구 면목동,경상사고,0,0,1,0,차대사람 - 횡단중,보행자보호의무위반,포장 - 건조,맑음,기타 - 기타,승용,여,42세,상해없음,보행자,남,59세,경상
2021061900100085,2021년 6월 19일 08시,토요일,서울특별시 서초구 방배동,중상사고,0,1,0,0,차대사람 - 차도통행중,안전운전불이행,포장 - 건조,맑음,교차로 - 교차로안,승용,여,58세,상해없음,보행자,여,79세,중상
2021061900100109,2021년 6월 19일 09시,토요일,서울특별시 광진구 자양동,경상사고,0,0,1,0,차대사람 - 기타,안전운전불이행,포장 - 건조,맑음,단일로 - 기타,승용,여,31세,상해없음,보행자,남,55세,경상
2021061900100110,2021년 6월 19일 09시,토요일,서울특별시 강남구 삼성동,중상사고,0,1,0,0,차대사람 - 기타,안전운전불이행,포장 - 건조,맑음,단일로 - 기타,승합,남,57세,상해없음,보행자,남,47세,중상
2021061900100111,2021년 6월 19일 09시,토요일,서울특별시 송파구 송파동,경상사고,0,0,2,0,차대사람 - 보도통행중,기타,포장 - 건조,맑음,단일로 - 기타,자전거,여,60세,경상,보행자,여,31세,경상
2021061900100176,2021년 6월 19일 11시,토요일,서울특별시 송파구 잠실동,부상신고사고,0,0,0,1,차대사람 - 길가장자리구역통행중,안전운전불이행,포장 - 건조,맑음,단일로 - 기타,자전거,남,65세,상해없음,보행자,여,76세,부상신고
2021061900100216,2021년 6월 19일 12시,토요일,서울특별시 영등포구 도림동,경상사고,0,0,1,0,차대사람 - 횡단중,보행자보호의무위반,포장 - 건조,맑음,교차로 - 교차로횡단보도내,승용,여,65세,상해없음,보행자,남,6세,경상
2021061900100219,2021년 6월 19일 12시,토요일,서울특별시 송파구 문정동,경상사고,0,0,1,0,차대사람 - 차도통행중,안전운전불이행,포장 - 건조,맑음,기타 - 기타,승용,남,45세,상해없음,보행자,남,27세,경상
2021061900100221,2021년 6월 19일 12시,토요일,서울특별시 양천구 신정동,경상사고,0,0,1,0,차대사람 - 기타,보행자보호의무위반,포장 - 건조,맑음,단일로 - 기타,승용,여,46세,상해없음,보행자,여,46세,경상
2021061900100247,2021년 6월 19일 13시,토요일,서울특별시 종로구 동숭동,경상사고,0,0,1,0,차대사람 - 기타,기타,포장 - 건조,맑음,단일로 - 기타,승합,남,50세,상해없음,보행자,여,29세,경상
2021061900100248,2021년 6월 19일 13시,토요일,서울특별시 은평구 역촌동,경상사고,0,0,1,0,차대사람 - 기타,보행자보호의무위반,포장 - 건조,맑음,교차로 - 교차로안,승합,남,64세,상해없음,보행자,남,30세,경상
2021061900100328,2021년 6월 19일 15시,토요일,서울특별시 성북구 정릉동,경상사고,0,0,1,0,차대사람 - 차도통행중,안전운전불이행,포장 - 건조,맑음,단일로 - 기타,승용,남,34세,상해없음,보행자,남,60세,경상
2021061900100333,2021년 6월 19일 15시,토요일,서울특별시 구로구 구로동,경상사고,0,0,1,0,차대사람 - 기타,안전운전불이행,포장 - 건조,맑음,교차로 - 교차로부근,승용,남,80세,기타불명,보행자,여,23세,경상
2021061900100334,2021년 6월 19일 15시,토요일,서울특별시 서초구 서초동,경상사고,0,0,1,0,차대사람 - 횡단중,보행자보호의무위반,포장 - 건조,맑음,교차로 - 교차로횡단보도내,승용,여,64세,상해없음,보행자,여,11세,경상
2021061900100379,2021년 6월 19일 16시,토요일,서울특별시 강서구 등촌동,중상사고,0,1,0,0,차대사람 - 기타,보행자보호의무위반,포장 - 건조,맑음,교차로 - 교차로횡단보도내,화물,남,72세,상해없음,보행자,남,76세,중상
2021061900100384,2021년 6월 19일 16시,토요일,서울특별시 도봉구 방학동,경상사고,0,0,1,0,차대사람 - 횡단중,안전운전불이행,포장 - 건조,맑음,단일로 - 기타,자전거,남,39세,상해없음,보행자,남,56세,경상
2021061900100480,2021년 6월 19일 18시,토요일,서울특별시 동작구 사당동,부상신고사고,0,0,0,1,차대사람 - 기타,안전운전불이행,포장 - 건조,맑음,단일로 - 기타,자전거,남,64세,상해없음,보행자,여,25세,부상신고
2021061900100483,2021년 6월 19일 18시,토요일,서울특별시 강동구 성내동,경상사고,0,0,1,0,차대사람 - 횡단중,신호위반,포장 - 건조,맑음,단일로 - 기타,이륜,남,36세,상해없음,보행자,남,57세,경상
2021061900100485,2021년 6월 19일 18시,토요일,서울특별시 송파구 잠실동,중상사고,0,1,0,0,차대사람 - 기타,기타,포장 - 건조,맑음,단일로 - 기타,승합,남,61세,상해없음,보행자,여,52세,중상
2021061900100522,2021년 6월 19일 19시,토요일,서울특별시 용산구 이태원동,중상사고,0,1,0,0,차대사람 - 기타,안전운전불이행,포장 - 건조,맑음,단일로 - 기타,승용,남,33세,기타불명,보행자,남,32세,중상
2021061900100524,2021년 6월 19일 19시,토요일,서울특별시 동작구 흑석동,경상사고,0,0,1,0,차대사람 - 기타,보행자보호의무위반,포장 - 건조,맑음,기타 - 기타,자전거,남,31세,상해없음,보행자,여,73세,경상
2021061900100544,2021년 6월 19일 20시,토요일,서울특별시 강동구 천호동,중상사고,0,1,0,0,차대사람 - 횡단중,안전운전불이행,포장 - 건조,맑음,교차로 - 교차로안,화물,남,58세,상해없음,보행자,남,55세,중상
2021061900100567,2021년 6월 19일 21시,토요일,서울특별시 마포구 합정동,중상사고,0,1,0,0,차대사람 - 기타,안전운전불이행,포장 - 건조,맑음,교차로 - 교차로횡단보도내,승용,남,37세,상해없음,보행자,남,29세,중상
2021061900100575,2021년 6월 19일 21시,토요일,서울특별시 강남구 일원동,중상사고,0,1,0,0,차대사람 - 기타,안전운전불이행,포장 - 건조,맑음,단일로 - 기타,이륜,남,57세,상해없음,보행자,여,49세,중상
2021061900100622,2021년 6월 19일 23시,토요일,서울특별시 관악구 신림동,경상사고,0,0,1,0,차대사람 - 기타,안전운전불이행,포장 - 건조,맑음,단일로 - 기타,승용,남,30세,상해없음,보행자,남,31세,경상
2021061900100625,2021년 6월 19일 23시,토요일,서울특별시 구로구 구로동,중상사고,0,1,0,0,차대사람 - 길가장자리구역통행중,기타,포장 - 건조,맑음,단일로 - 기타,이륜,기타불명,미분류,기타불명,보행자,남,41세,중상
2021061900100627,2021년 6월 19일 23시,토요일,서울특별시 노원구 상계동,경상사고,0,0,1,0,차대사람 - 횡단중,보행자보호의무위반,포장 - 건조,맑음,교차로 - 교차로횡단보도내,이륜,남,17세,상해없음,보행자,남,40세,경상
2021062000100002,2021년 6월 20일 00시,일요일,서울특별시 마포구 연남동,경상사고,0,0,1,0,차대사람 - 보도통행중,기타,포장 - 건조,맑음,단일로 - 기타,자전거,여,52세,상해없음,보행자,남,7세,경상
2021062000100062,2021년 6월 20일 08시,일요일,서울특별시 영등포구 당산동5가,경상사고,0,0,1,0,차대사람 - 보도통행중,신호위반,포장 - 건조,맑음,교차로 - 교차로안,승용,남,53세,상해없음,보행자,남,36세,경상
2021062000100075,2021년 6월 20일 09시,일요일,서울특별시 양천구 신정동,중상사고,0,1,0,0,차대사람 - 횡단중,안전운전불이행,포장 - 건조,맑음,교차로 - 교차로횡단보도내,승용,여,65세,상해없음,보행자,남,78세,중상
2021062000100111,2021년 6월 20일 11시,일요일,서울특별시 영등포구 신길동,경상사고,0,0,1,1,차대사람 - 기타,신호위반,포장 - 건조,맑음,단일로 - 기타,자전거,남,13세,경상,보행자,여,12세,부상신고
2021062000100112,2021년 6월 20일 11시,일요일,서울특별시 금천구 독산동,경상사고,0,0,1,0,차대사람 - 기타,안전운전불이행,포장 - 건조,맑음,기타 - 기타,이륜,남,79세,상해없음,보행자,여,58세,경상
2021062000100114,2021년 6월 20일 11시,일요일,서울특별시 강남구 논현동,경상사고,0,0,1,0,차대사람 - 기타,안전운전불이행,포장 - 건조,맑음,단일로 - 기타,승용,여,25세,상해없음,보행자,여,33세,경상
2021062000100137,2021년 6월 20일 12시,일요일,서울특별시 관악구 신림동,경상사고,0,0,1,0,차대사람 - 길가장자리구역통행중,안전운전불이행,포장 - 건조,맑음,교차로 - 교차로안,승용,여,51세,상해없음,보행자,남,28세,경상
2021062000100166,2021년 6월 20일 13시,일요일,서울특별시 강북구 우이동,경상사고,0,0,1,0,차대사람 - 차도통행중,안전운전불이행,포장 - 건조,맑음,단일로 - 기타,승용,남,66세,상해없음,보행자,여,33세,경상
2021062000100167,2021년 6월 20일 13시,일요일,서울특별시 관악구 신림동,경상사고,0,0,1,0,차대사람 - 기타,안전운전불이행,포장 - 기타,맑음,단일로 - 기타,승용,남,63세,상해없음,보행자,남,77세,경상
2021062000100213,2021년 6월 20일 14시,일요일,서울특별시 은평구 증산동,경상사고,0,0,1,0,차대사람 - 기타,기타,포장 - 기타,맑음,단일로 - 기타,승합,남,48세,상해없음,보행자,남,26세,경상
2021062000100320,2021년 6월 20일 17시,일요일,서울특별시 은평구 응암동,경상사고,0,0,1,0,차대사람 - 기타,기타,포장 - 건조,맑음,기타 - 기타,자전거,남,33세,상해없음,보행자,여,58세,경상
2021062000100323,2021년 6월 20일 17시,일요일,서울특별시 양천구 신정동,중상사고,0,1,0,0,차대사람 - 기타,안전운전불이행,포장 - 건조,맑음,교차로 - 교차로부근,승용,남,53세,상해없음,보행자,여,84세,중상
2021062000100354,2021년 6월 20일 18시,일요일,서울특별시 동대문구 제기동,경상사고,0,0,1,0,차대사람 - 기타,안전운전불이행,포장 - 건조,맑음,단일로 - 기타,화물,남,41세,상해없음,보행자,여,54세,경상
2021062000100356,2021년 6월 20일 18시,일요일,서울특별시 동작구 대방동,경상사고,0,0,1,0,차대사람 - 횡단중,신호위반,포장 - 건조,맑음,교차로 - 교차로횡단보도내,승용,남,69세,상해없음,보행자,여,20세,경상
2021062000100357,2021년 6월 20일 18시,일요일,서울특별시 강서구 화곡동,경상사고,0,0,1,0,차대사람 - 보도통행중,기타,포장 - 건조,맑음,기타 - 기타,자전거,남,37세,상해없음,보행자,남,39세,경상
2021062000100396,2021년 6월 20일 19시,일요일,서울특별시 강서구 화곡동,경상사고,0,0,2,0,차대사람 - 기타,기타,포장 - 건조,맑음,기타 - 기타,승용,여,37세,상해없음,보행자,남,7세,경상
2021062000100420,2021년 6월 20일 20시,일요일,서울특별시 양천구 목동,경상사고,0,0,1,0,차대사람 - 기타,안전운전불이행,포장 - 건조,맑음,단일로 - 기타,승합,여,53세,상해없음,보행자,남,38세,경상
2021062000100449,2021년 6월 20일 21시,일요일,서울특별시 구로구 구로동,중상사고,0,1,0,0,차대사람 - 횡단중,신호위반,포장 - 건조,맑음,교차로 - 교차로횡단보도내,승용,남,77세,상해없음,보행자,남,43세,중상