사고번호,사고일시,요일,시군구,사고내용,사망자수,중상자수,경상자수,부상신고자수,사고유형,법규위반,노면상태,기상상태,도로형태,가해운전자 차종,가해운전자 성별,가해운전자 연령,가해운전자 상해정도,피해운전자 차종,피해운전자 성별,피해운전자 연령,피해운전자 상해정도
2021072100100607,2021년 7월 21일 21시,수요일,서울특별시 중랑구 상봉동,중상사고,0,1,0,0,차대사람 - 기타,기타,포장 - 건조,맑음,단일로 - 기타,승합,남,55세,상해없음,보행자,여,64세,중상
2021072200100016,2021년 7월 22일 01시,목요일,서울특별시 강서구 화곡동,경상사고,0,0,1,0,차대사람 - 기타,안전운전불이행,포장 - 건조,맑음,단일로 - 기타,이륜,남,55세,상해없음,보행자,남,39세,경상
2021072200100038,2021년 7월 22일 06시,목요일,서울특별시 서대문구 천연동,경상사고,0,0,1,0,차대사람 - 보도통행중,기타,포장 - 건조,맑음,단일로 - 기타,화물,남,59세,상해없음,보행자,여,66세,경상
2021072200100049,2021년 7월 22일 07시,목요일,서울특별시 중랑구 중화동,중상사고,0,1,1,0,차대사람 - 기타,안전운전불이행,포장 - 건조,맑음,단일로 - 기타,자전거,남,44세,중상,보행자,여,67세,경상
2021072200100076,2021년 7월 22일 08시,목요일,서울특별시 강서구 방화동,경상사고,0,0,1,0,차대사람 - 기타,안전운전불이행,포장 - 건조,맑음,단일로 - 기타,자전거,여,52세,경상,보행자,남,40세,상해없음
2021072200100078,2021년 7월 22일 08시,목요일,서울특별시 노원구 상계동,중상사고,0,1,0,0,차대사람 - 횡단중,보행자보호의무위반,포장 - 건조,맑음,교차로 - 교차로부근,승용,남,40세,상해없음,보행자,남,34세,중상
2021072200100079,2021년 7월 22일 08시,목요일,서울특별시 은평구 진관동,경상사고,0,0,1,0,차대사람 - 기타,안전운전불이행,포장 - 건조,맑음,단일로 - 기타,자전거,남,23세,상해없음,보행자,여,24세,경상
2021072200100121,2021년 7월 22일 09시,목요일,서울특별시 영등포구 문래동6가,중상사고,0,1,0,0,차대사람 - 횡단중,안전운전불이행,포장 - 건조,맑음,단일로 - 기타,승용,여,49세,상해없음,보행자,남,78세,중상
2021072200100181,2021년 7월 22일 11시,목요일,서울특별시 강남구 논현동,중상사고,0,1,0,0,차대사람 - 기타,안전운전불이행,포장 - 건조,맑음,교차로 - 교차로부근,승용,여,30세,상해없음,보행자,남,56세,중상
2021072200100218,2021년 7월 22일 12시,목요일,서울특별시 도봉구 창동,중상사고,0,1,0,0,차대사람 - 횡단중,보행자보호의무위반,포장 - 건조,맑음,교차로 - 교차로횡단보도내,승용,여,52세,상해없음,보행자,여,45세,중상
2021072200100219,2021년 7월 22일 12시,목요일,서울특별시 서초구 방배동,중상사고,0,1,0,0,차대사람 - 횡단중,중앙선침범,포장 - 건조,맑음,교차로 - 교차로안,화물,남,58세,상해없음,보행자,남,60세,중상
2021072200100253,2021년 7월 22일 13시,목요일,서울특별시 동대문구 제기동,중상사고,0,1,0,0,차대사람 - 기타,안전운전불이행,포장 - 건조,맑음,단일로 - 기타,승용,남,59세,상해없음,보행자,여,73세,중상
2021072200100256,2021년 7월 22일 13시,목요일,서울특별시 구로구 구로동,경상사고,0,0,1,0,차대사람 - 보도통행중,안전운전불이행,포장 - 건조,맑음,교차로 - 교차로안,기타불명,기타불명,미분류,기타불명,보행자,여,26세,경상
2021072200100297,2021년 7월 22일 14시,목요일,서울특별시 서초구 방배동,중상사고,0,1,0,0,차대사람 - 보도통행중,기타,포장 - 건조,맑음,기타 - 기타,승용,남,56세,상해없음,보행자,여,58세,중상
2021072200100340,2021년 7월 22일 15시,목요일,서울특별시 강남구 도곡동,중상사고,0,1,1,0,차대사람 - 횡단중,보행자보호의무위반,포장 - 건조,맑음,교차로 - 교차로횡단보도내,승용,여,52세,상해없음,보행자,여,47세,중상
2021072200100386,2021년 7월 22일 16시,목요일,서울특별시 송파구 풍납동,중상사고,0,1,0,0,차대사람 - 차도통행중,안전운전불이행,포장 - 건조,맑음,단일로 - 기타,승용,남,76세,상해없음,보행자,여,58세,중상
2021072200100429,2021년 7월 22일 17시,목요일,서울특별시 강동구 암사동,경상사고,0,0,1,0,차대사람 - 기타,안전운전불이행,포장 - 건조,맑음,단일로 - 기타,이륜,남,36세,상해없음,보행자,남,75세,경상
2021072200100430,2021년 7월 22일 17시,목요일,서울특별시 서초구 방배동,경상사고,0,0,1,0,차대사람 - 기타,안전운전불이행,포장 - 건조,맑음,교차로 - 교차로부근,승용,여,49세,상해없음,보행자,남,39세,경상
2021072200100470,2021년 7월 22일 18시,목요일,서울특별시 영등포구 당산동2가,경상사고,0,0,1,0,차대사람 - 횡단중,안전운전불이행,포장 - 건조,맑음,단일로 - 기타,승용,남,24세,상해없음,보행자,남,38세,경상
2021072200100471,2021년 7월 22일 18시,목요일,서울특별시 금천구 시흥동,중상사고,0,1,0,0,차대사람 - 기타,안전운전불이행,포장 - 건조,맑음,교차로 - 교차로안,화물,남,47세,상해없음,보행자,여,62세,중상
2021072200100474,2021년 7월 22일 18시,목요일,서울특별시 구로구 구로동,경상사고,0,0,1,0,차대사람 - 기타,안전운전불이행,포장 - 건조,맑음,교차로 - 교차로부근,이륜,남,44세,기타불명,보행자,여,12세,경상
2021072200100512,2021년 7월 22일 19시,목요일,서울특별시 종로구 교남동,경상사고,0,0,1,0,차대사람 - 보도통행중,안전운전불이행,포장 - 건조,맑음,기타 - 기타,승합,남,48세,상해없음,보행자,여,24세,경상
2021072200100516,2021년 7월 22일 19시,목요일,서울특별시 중랑구 중화동,중상사고,0,1,0,0,차대사람 - 보도통행중,보행자보호의무위반,포장 - 건조,맑음,교차로 - 교차로안,승합,남,52세,상해없음,보행자,여,32세,중상
2021072200100559,2021년 7월 22일 20시,목요일,서울특별시 광진구 구의동,경상사고,0,0,1,0,차대사람 - 기타,안전운전불이행,포장 - 건조,맑음,기타 - 기타,승용,남,54세,상해없음,보행자,남,51세,경상
2021072300100036,2021년 7월 23일 05시,금요일,서울특별시 금천구 독산동,경상사고,0,0,1,0,차대사람 - 기타,안전운전불이행,포장 - 건조,맑음,단일로 - 기타,승용,남,60세,상해없음,보행자,여,25세,경상
2021072300100072,2021년 7월 23일 08시,금요일,서울특별시 금천구 시흥동,경상사고,0,0,1,0,차대사람 - 기타,안전운전불이행,포장 - 건조,맑음,교차로 - 교차로부근,승용,남,34세,상해없음,보행자,남,46세,경상
2021072300100108,2021년 7월 23일 09시,금요일,서울특별시 강북구 번동,경상사고,0,0,1,0,차대사람 - 차도통행중,안전운전불이행,포장 - 건조,맑음,단일로 - 기타,화물,남,54세,상해없음,보행자,여,58세,경상
2021072300100141,2021년 7월 23일 10시,금요일,서울특별시 송파구 방이동,경상사고,0,0,1,0,차대사람 - 보도통행중,안전운전불이행,포장 - 건조,맑음,기타 - 기타,개인형이동수단(PM),여,58세,상해없음,보행자,남,74세,경상
2021072300100143,2021년 7월 23일 10시,금요일,서울특별시 서초구 방배동,경상사고,0,0,1,0,차대사람 - 횡단중,보행자보호의무위반,포장 - 건조,맑음,단일로 - 기타,화물,남,69세,상해없음,보행자,여,26세,경상
2021072300100212,2021년 7월 23일 12시,금요일,서울특별시 동작구 신대방동,경상사고,0,0,1,0,차대사람 - 횡단중,안전운전불이행,포장 - 건조,맑음,교차로 - 교차로안,승용,남,65세,상해없음,보행자,여,70세,경상
2021072300100250,2021년 7월 23일 13시,금요일,서울특별시 용산구 이촌동,경상사고,0,0,1,0,차대사람 - 횡단중,보행자보호의무위반,포장 - 건조,맑음,교차로 - 교차로횡단보도내,승용,여,58세,상해없음,보행자,여,26세,경상
2021072300100251,2021년 7월 23일 13시,금요일,서울특별시 광진구 중곡동,중상사고,0,1,0,0,차대사람 - 보도통행중,기타,포장 - 건조,맑음,기타 - 기타,화물,남,41세,상해없음,보행자,남,28세,중상
2021072300100289,2021년 7월 23일 14시,금요일,서울특별시 성북구 돈암동,경상사고,0,0,1,0,차대사람 - 횡단중,보행자보호의무위반,포장 - 건조,맑음,단일로 - 기타,원동기,기타불명,미분류,기타불명,보행자,남,26세,경상
2021072300100363,2021년 7월 23일 16시,금요일,서울특별시 마포구 연남동,경상사고,0,0,1,0,차대사람 - 횡단중,신호위반,포장 - 건조,맑음,교차로 - 교차로안,승용,남,67세,상해없음,보행자,남,28세,경상
2021072300100369,2021년 7월 23일 16시,금요일,서울특별시 송파구 신천동,중상사고,0,1,0,0,차대사람 - 기타,안전운전불이행,포장 - 건조,맑음,단일로 - 기타,승용,여,44세,상해없음,보행자,남,8세,중상
2021072300100423,2021년 7월 23일 17시,금요일,서울특별시 동작구 흑석동,경상사고,0,0,1,0,차대사람 - 기타,안전운전불이행,포장 - 건조,맑음,단일로 - 기타,화물,남,68세,상해없음,보행자,남,30세,경상
2021072300100461,2021년 7월 23일 18시,금요일,서울특별시 은평구 신사동,중상사고,0,1,0,0,차대사람 - 횡단중,안전운전불이행,포장 - 건조,맑음,단일로 - 기타,승용,남,61세,상해없음,보행자,여,40세,중상
2021072300100529,2021년 7월 23일 19시,금요일,서울특별시 강남구 청담동,경상사고,0,0,1,0,차대사람 - 보도통행중,안전운전불이행,포장 - 건조,맑음,교차로 - 교차로안,승용,남,44세,상해없음,보행자,여,21세,경상
2021072300100565,2021년 7월 23일 20시,금요일,서울특별시 광진구 중곡동,중상사고,0,1,0,0,차대사람 - 차도통행중,교차로운행방법위반,포장 - 건조,맑음,교차로 - 교차로부근,승용,남,30세,상해없음,보행자,여,57세,중상
2021072300100570,2021년 7월 23일 20시,금요일,서울특별시 노원구 상계동,중상사고,0,1,1,0,차대사람 - 횡단중,신호위반,포장 - 건조,맑음,교차로 - 교차로안,이륜,남,53세,경상,보행자,여,24세,중상
2021072400100023,2021년 7월 24일 03시,토요일,서울특별시 강북구 수유동,경상사고,0,0,1,0,차대사람 - 길가장자리구역통행중,안전운전불이행,포장 - 건조,맑음,단일로 - 기타,승용,남,65세,기타불명,보행자,남,25세,경상
2021072400100039,2021년 7월 24일 06시,토요일,서울특별시 도봉구 도봉동,중상사고,0,1,0,0,차대사람 - 기타,안전운전불이행,포장 - 건조,맑음,단일로 - 기타,자전거,남,18세,상해없음,보행자,여,70세,중상
2021072400100143,2021년 7월 24일 11시,토요일,서울특별시 광진구 구의동,경상사고,0,0,1,0,차대사람 - 기타,안전운전불이행,포장 - 건조,맑음,단일로 - 기타,자전거,남,73세,상해없음,보행자,남,56세,경상
2021072400100227,2021년 7월 24일 13시,토요일,서울특별시 송파구 풍납동,경상사고,0,0,1,0,차대사람 - 횡단중,안전운전불이행,포장 - 건조,맑음,단일로 - 기타,승용,남,51세,상해없음,보행자,남,50세,경상
2021072400100343,2021년 7월 24일 16시,토요일,서울특별시 마포구 연남동,중상사고,0,1,0,0,차대사람 - 기타,안전운전불이행,포장 - 건조,맑음,교차로 - 교차로안,승용,남,67세,상해없음,보행자,남,28세,중상
2021072400100420,2021년 7월 24일 18시,토요일,서울특별시 종로구 필운동,중상사고,0,1,0,0,차대사람 - 보도통행중,기타,포장 - 건조,맑음,기타 - 기타,승용,남,56세,상해없음,보행자,여,47세,중상
2021072400100425,2021년 7월 24일 18시,토요일,서울특별시 송파구 삼전동,경상사고,0,0,1,0,차대사람 - 보도통행중,기타,포장 - 건조,맑음,단일로 - 기타,자전거,기타불명,미분류,기타불명,보행자,여,25세,경상
2021072400100525,2021년 7월 24일 21시,토요일,서울특별시 강서구 등촌동,중상사고,0,1,0,0,차대사람 - 기타,안전운전불이행,포장 - 건조,맑음,단일로 - 기타,이륜,남,37세,상해없음,보행자,남,62세,중상
2021072400100527,2021년 7월 24일 21시,토요일,서울특별시 성북구 하월곡동,경상사고,0,0,1,0,차대사람 - 기타,신호위반,포장 - 건조,맑음,교차로 - 교차로부근,기타불명,기타불명,미분류,기타불명,보행자,남,21세,경상
2021072400100556,2021년 7월 24일 22시,토요일,서울특별시 강북구 수유동,중상사고,0,1,0,0,차대사람 - 횡단중,안전운전불이행,포장 - 건조,맑음,교차로 - 교차로안,승용,남,56세,상해없음,보행자,여,83세,중상
2021072400100559,2021년 7월 24일 22시,토요일,서울특별시 송파구 장지동,중상사고,0,1,0,0,차대사람 - 차도통행중,안전운전불이행,포장 - 건조,맑음,단일로 - 기타,승용,남,52세,상해없음,보행자,남,49세,중상
2021072400100578,2021년 7월 24일 23시,토요일,서울특별시 마포구 노고산동,경상사고,0,0,1,0,차대사람 - 횡단중,신호위반,포장 - 건조,맑음,교차로 - 교차로횡단보도내,이륜,여,20세,상해없음,보행자,여,20세,경상
2021072500100001,2021년 7월 25일 00시,일요일,서울특별시 은평구 응암동,중상사고,0,1,0,0,차대사람 - 횡단중,신호위반,포장 - 건조,맑음,교차로 - 교차로안,승용,남,32세,상해없음,보행자,남,29세,중상
2021072500100070,2021년 7월 25일 10시,일요일,서울특별시 성북구 성북동1가,경상사고,0,0,1,0,차대사람 - 기타,신호위반,포장 - 건조,맑음,교차로 - 교차로횡단보도내,승용,남,45세,상해없음,보행자,여,33세,경상
2021072500100072,2021년 7월 25일 10시,일요일,서울특별시 강남구 삼성동,경상사고,0,0,1,0,차대사람 - 횡단중,보행자보호의무위반,포장 - 건조,맑음,단일로 - 기타,승용,남,26세,상해없음,보행자,여,22세,경상
2021072500100073,2021년 7월 25일 10시,일요일,서울특별시 강남구 대치동,중상사고,0,1,0,0,차대사람 - 보도통행중,신호위반,포장 - 건조,맑음,교차로 - 교차로횡단보도내,이륜,남,52세,상해없음,보행자,여,47세,중상
2021072500100142,2021년 7월 25일 13시,일요일,서울특별시 강북구 미아동,경상사고,0,0,1,0,차대사람 - 보도통행중,기타,포장 - 건조,맑음,단일로 - 기타,승용,남,69세,상해없음,보행자,남,62세,경상
2021072500100143,2021년 7월 25일 13시,일요일,서울특별시 영등포구 양평동5가,경상사고,0,0,1,0,차대사람 - 기타,안전운전불이행,포장 - 건조,맑음,단일로 - 기타,승용,여,22세,상해없음,보행자,남,77세,경상
2021072500100278,2021년 7월 25일 17시,일요일,서울특별시 강북구 수유동,경상사고,0,0,1,0,차대사람 - 기타,안전운전불이행,포장 - 건조,맑음,단일로 - 기타,승용,남,26세,상해없음,보행자,여,24세,경상
2021072500100311,2021년 7월 25일 18시,일요일,서울특별시 동대문구 장안동,경상사고,0,0,1,0,차대사람 - 횡단중,안전운전불이행,포장 - 건조,맑음,단일로 - 기타,승용,여,21세,상해없음,보행자,남,66세,경상
2021072500100315,2021년 7월 25일 18시,일요일,서울특별시 강동구 길동,중상사고,0,1,0,0,차대사람 - 기타,안전운전불이행,포장 - 건조,맑음,기타 - 기타,승용,남,53세,상해없음,보행자,남,73세,중상
2021072500100351,2021년 7월 25일 19시,일요일,서울특별시 노원구 상계동,중상사고,0,1,0,0,차대사람 - 차도통행중,안전운전불이행,포장 - 건조,맑음,단일로 - 기타,자전거,남,12세,상해없음,보행자,여,63세,중상
2021072500100399,2021년 7월 25일 21시,일요일,서울특별시 서대문구 홍제동,중상사고,0,1,0,0,차대사람 - 기타,안전운전불이행,포장 - 건조,맑음,단일로 - 기타,이륜,남,34세,상해없음,보행자,여,66세,중상
2021072500100416,2021년 7월 25일 22시,일요일,서울특별시 중랑구 망우동,중상사고,0,1,0,0,차대사람 - 기타,안전운전불이행,포장 - 건조,맑음,기타 - 기타,승용,여,51세,상해없음,보행자,여,43세,중상
2021072500100420,2021년 7월 25일 22시,일요일,서울특별시 양천구 신정동,경상사고,0,0,1,0,차대사람 - 횡단중,안전운전불이행,포장 - 건조,맑음,단일로 - 기타,이륜,남,16세,상해없음,보행자,여,48세,경상
2021072500100433,2021년 7월 25일 23시,일요일,서울특별시 성북구 장위동,경상사고,0,0,1,0,차대사람 - 차도통행중,안전운전불이행,포장 - 건조,맑음,단일로 - 기타,승용,여,60세,상해없음,보행자,남,40세,경상
2021072600100024,2021년 7월 26일 05시,월요일,서울특별시 강북구 미아동,중상사고,0,1,0,0,차대사람 - 횡단중,안전운전불이행,포장 - 건조,맑음,단일로 - 기타,승용,남,73세,상해없음,보행자,여,70세,중상
2021072600100069,2021년 7월 26일 08시,월요일,서울특별시 송파구 송파동,중상사고,0,1,0,0,차대사람 - 기타,안전운전불이행,포장 - 건조,맑음,단일로 - 기타,화물,남,44세,상해없음,보행자,남,62세,중상
2021072600100071,2021년 7월 26일 08시,월요일,서울특별시 도봉구 방학동,중상사고,0,1,0,0,차대사람 - 횡단중,보행자보호의무위반,포장 - 건조,맑음,교차로 - 교차로부근,승용,여,51세,상해없음,보행자,여,64세,중상
2021072600100099,2021년 7월 26일 09시,월요일,서울특별시 용산구 용산동1가,경상사고,0,0,1,0,차대사람 - 기타,기타,포장 - 건조,맑음,단일로 - 기타,승합,남,63세,상해없음,보행자,남,65세,경상
2021072600100142,2021년 7월 26일 10시,월요일,서울특별시 영등포구 대림동,경상사고,0,0,1,0,차대사람 - 기타,안전운전불이행,포장 - 건조,맑음,단일로 - 기타,승용,남,57세,상해없음,보행자,여,65세,경상
2021072600100146,2021년 7월 26일 10시,월요일,서울특별시 구로구 개봉동,중상사고,0,1,0,0,차대사람 - 기타,안전운전불이행,포장 - 건조,맑음,단일로 - 기타,승합,남,53세,상해없음,보행자,여,62세,중상
2021072600100185,2021년 7월 26일 11시,월요일,서울특별시 강동구 길동,경상사고,0,0,1,0,차대사람 - 횡단중,신호위반,포장 - 건조,맑음,단일로 - 기타,이륜,남,33세,상해없음,보행자,여,45세,경상
2021072600100186,2021년 7월 26일 11시,월요일,서울특별시 성북구 장위동,경상사고,0,0,1,0,차대사람 - 횡단중,신호위반,포장 - 건조,맑음,단일로 - 기타,이륜,남,64세,상해없음,보행자,남,64세,경상
2021072600100276,2021년 7월 26일 13시,월요일,서울특별시 동대문구 회기동,경상사고,0,0,1,0,차대사람 - 보도통행중,안전운전불이행,포장 - 건조,맑음,단일로 - 기타,승용,여,50세,상해없음,보행자,여,21세,경상
2021072600100278,2021년 7월 26일 13시,월요일,서울특별시 동작구 대방동,경상사고,0,0,1,0,차대사람 - 기타,안전운전불이행,포장 - 건조,맑음,단일로 - 기타,승용,남,51세,상해없음,보행자,여,68세,경상
2021072600100306,2021년 7월 26일 14시,월요일,서울특별시 서대문구 홍은동,경상사고,0,0,1,0,차대사람 - 차도통행중,안전운전불이행,포장 - 건조,맑음,단일로 - 기타,승용,남,63세,상해없음,보행자,여,68세,경상
2021072600100311,2021년 7월 26일 14시,월요일,서울특별시 관악구 봉천동,경상사고,0,0,1,0,차대사람 - 기타,안전운전불이행,포장 - 건조,맑음,교차로 - 교차로안,승용,남,73세,상해없음,보행자,여,35세,경상
2021072600100312,2021년 7월 26일 14시,월요일,서울특별시 강남구 청담동,경상사고,0,0,1,0,차대사람 - 기타,안전운전불이행,포장 - 건조,맑음,단일로 - 기타,승용,남,42세,상해없음,보행자,남,40세,경상
2021072600100384,2021년 7월 26일 16시,월요일,서울특별시 중랑구 신내동,경상사고,0,0,1,0,차대사람 - 기타,안전운전불이행,포장 - 건조,맑음,교차로 - 교차로부근,승용,남,63세,상해없음,보행자,남,29세,경상
2021072600100416,2021년 7월 26일 17시,월요일,서울특별시 동작구 사당동,경상사고,0,0,1,0,차대사람 - 기타,안전운전불이행,포장 - 건조,맑음,단일로 - 기타,승용,여,27세,상해없음,보행자,여,56세,경상
2021072600100467,2021년 7월 26일 18시,월요일,서울특별시 영등포구 양평동4가,경상사고,0,0,1,0,차대사람 - 길가장자리구역통행중,안전운전불이행,포장 - 건조,맑음,단일로 - 기타,승용,남,39세,상해없음,보행자,남,26세,경상
2021072600100470,2021년 7월 26일 18시,월요일,서울특별시 서초구 서초동,경상사고,0,0,1,0,차대사람 - 횡단중,신호위반,포장 - 건조,맑음,단일로 - 기타,기타불명,기타불명,미분류,기타불명,보행자,여,27세,경상
2021072600100548,2021년 7월 26일 20시,월요일,서울특별시 송파구 신천동,부상신고사고,0,0,0,1,차대사람 - 길가장자리구역통행중,안전운전불이행,포장 - 건조,맑음,단일로 - 기타,자전거,남,64세,상해없음,보행자,남,63세,부상신고
2021072600100549,2021년 7월 26일 20시,월요일,서울특별시 성북구 석관동,경상사고,0,0,1,0,차대사람 - 차도통행중,안전운전불이행,포장 - 건조,맑음,단일로 - 기타,승용,남,22세,상해없음,보행자,남,35세,경상
2021072600100601,2021년 7월 26일 22시,월요일,서울특별시 강북구 번동,경상사고,0,0,1,0,차대사람 - 길가장자리구역통행중,안전운전불이행,포장 - 건조,맑음,단일로 - 기타,개인형이동수단(PM),남,21세,상해없음,보행자,여,74세,경상
2021072600100604,2021년 7월 26일 22시,월요일,서울특별시 강남구 역삼동,경상사고,0,0,1,0,차대사람 - 길가장자리구역통행중,안전운전불이행,포장 - 건조,맑음,단일로 - 기타,승용,여,46세,상해없음,보행자,남,41세,경상
2021072600100606,2021년 7월 26일 22시,월요일,서울특별시 송파구 방이동,경상사고,0,0,1,0,차대사람 - 기타,안전운전불이행,포장 - 건조,맑음,교차로 - 교차로부근,승용,남,67세,상해없음,보행자,남,27세,경상
2021072600100607,2021년 7월 26일 22시,월요일,서울특별시 송파구 오금동,경상사고,0,0,1,0,차대사람 - 보도통행중,보행자보호의무위반,포장 - 건조,맑음,교차로 - 교차로횡단보도내,승용,남,65세,상해없음,보행자,여,45세,경상
2021072700100055,2021년 7월 27일 07시,화요일,서울특별시 구로구 구로동,경상사고,0,0,1,0,차대사람 - 기타,안전운전불이행,포장 - 건조,맑음,단일로 - 기타,자전거,남,75세,상해없음,보행자,남,78세,경상
2021072700100082,2021년 7월 27일 08시,화요일,서울특별시 양천구 신정동,경상사고,0,0,1,0,차대사람 - 기타,안전운전불이행,포장 - 건조,맑음,교차로 - 교차로안,승용,남,38세,상해없음,보행자,여,61세,경상
2021072700100119,2021년 7월 27일 09시,화요일,서울특별시 강동구 성내동,중상사고,0,1,0,0,차대사람 - 차도통행중,안전운전불이행,포장 - 건조,맑음,교차로 - 교차로안,승용,남,73세,상해없음,보행자,여,67세,중상
2021072700100120,2021년 7월 27일 09시,화요일,서울특별시 송파구 방이동,중상사고,0,1,0,0,차대사람 - 횡단중,안전운전불이행,포장 - 건조,맑음,교차로 - 교차로횡단보도내,승용,남,56세,상해없음,보행자,남,83세,중상
2021072700100143,2021년 7월 27일 10시,화요일,서울특별시 마포구 서교동,부상신고사고,0,0,0,1,차대사람 - 횡단중,안전운전불이행,포장 - 건조,맑음,교차로 - 교차로횡단보도내,기타불명,기타불명,미분류,기타불명,보행자,남,31세,부상신고
2021072700100192,2021년 7월 27일 11시,화요일,서울특별시 성동구 성수동2가,경상사고,0,0,1,0,차대사람 - 횡단중,보행자보호의무위반,포장 - 건조,맑음,교차로 - 교차로횡단보도내,승용,남,67세,상해없음,보행자,여,33세,경상
2021072700100239,2021년 7월 27일 12시,화요일,서울특별시 양천구 신월동,중상사고,0,1,0,0,차대사람 - 보도통행중,보행자보호의무위반,포장 - 건조,맑음,교차로 - 교차로횡단보도내,승용,여,25세,상해없음,보행자,여,52세,중상
2021072700100273,2021년 7월 27일 13시,화요일,서울특별시 중랑구 면목동,중상사고,0,1,0,0,차대사람 - 횡단중,안전운전불이행,포장 - 건조,맑음,교차로 - 교차로부근,이륜,남,57세,상해없음,보행자,여,65세,중상
2021072700100298,2021년 7월 27일 14시,화요일,서울특별시 서대문구 창천동,경상사고,0,0,1,0,차대사람 - 차도통행중,안전운전불이행,포장 - 건조,맑음,단일로 - 기타,이륜,남,24세,기타불명,보행자,남,46세,경상
2021072700100333,2021년 7월 27일 15시,화요일,서울특별시 영등포구 신길동,사망사고,1,0,0,0,차대사람 - 횡단중,안전운전불이행,포장 - 건조,맑음,단일로 - 기타,승합,남,63세,상해없음,보행자,남,6세,사망
2021072700100371,2021년 7월 27일 16시,화요일,서울특별시 은평구 역촌동,경상사고,0,0,1,0,차대사람 - 기타,기타,포장 - 건조,맑음,단일로 - 기타,기타불명,기타불명,미분류,기타불명,보행자,남,36세,경상
2021072700100372,2021년 7월 27일 16시,화요일,서울특별시 용산구 이태원동,경상사고,0,0,1,0,차대사람 - 길가장자리구역통행중,안전운전불이행,포장 - 건조,맑음,단일로 - 기타,이륜,남,71세,상해없음,보행자,남,83세,경상
2021072700100376,2021년 7월 27일 16시,화요일,서울특별시 관악구 신림동,중상사고,0,1,0,0,차대사람 - 횡단중,보행자보호의무위반,포장 - 건조,맑음,단일로 - 기타,승용,남,38세,상해없음,보행자,여,67세,중상
2021072700100378,2021년 7월 27일 16시,화요일,서울특별시 강동구 천호동,경상사고,0,0,1,0,차대사람 - 길가장자리구역통행중,안전운전불이행,포장 - 건조,맑음,교차로 - 교차로안,승용,남,64세,상해없음,보행자,여,23세,경상
2021072700100407,2021년 7월 27일 17시,화요일,서울특별시 중랑구 상봉동,경상사고,0,0,1,0,차대사람 - 횡단중,보행자보호의무위반,포장 - 건조,맑음,교차로 - 교차로부근,승용,여,52세,상해없음,보행자,여,72세,경상
2021072700100548,2021년 7월 27일 20시,화요일,서울특별시 구로구 구로동,경상사고,0,0,1,0,차대사람 - 횡단중,보행자보호의무위반,포장 - 건조,맑음,단일로 - 기타,승용,남,58세,상해없음,보행자,남,32세,경상
2021072700100616,2021년 7월 27일 23시,화요일,서울특별시 마포구 망원동,경상사고,0,0,1,0,차대사람 - 길가장자리구역통행중,중앙선침범,포장 - 건조,맑음,단일로 - 기타,자전거,남,50세,상해없음,보행자,남,48세,경상
2021072800100061,2021년 7월 28일 07시,수요일,서울특별시 영등포구 문래동3가,경상사고,0,0,1,0,차대사람 - 보도통행중,보행자보호의무위반,포장 - 건조,맑음,단일로 - 기타,화물,남,22세,상해없음,보행자,여,29세,경상
2021072800100081,2021년 7월 28일 08시,수요일,서울특별시 송파구 신천동,중상사고,0,1,0,0,차대사람 - 기타,기타,포장 - 건조,맑음,단일로 - 기타,개인형이동수단(PM),남,41세,상해없음,보행자,여,43세,중상
2021072800100146,2021년 7월 28일 10시,수요일,서울특별시 동작구 신대방동,경상사고,0,0,1,0,차대사람 - 보도통행중,보행자보호의무위반,포장 - 건조,맑음,교차로 - 교차로횡단보도내,화물,남,70세,상해없음,보행자,남,8세,경상
2021072800100274,2021년 7월 28일 14시,수요일,서울특별시 관악구 봉천동,경상사고,0,0,1,0,차대사람 - 횡단중,보행자보호의무위반,포장 - 건조,맑음,교차로 - 교차로안,승용,남,78세,상해없음,보행자,남,68세,경상
2021072800100280,2021년 7월 28일 14시,수요일,서울특별시 강남구 역삼동,경상사고,0,0,1,0,차대사람 - 기타,안전운전불이행,포장 - 건조,맑음,단일로 - 기타,승용,남,48세,상해없음,보행자,여,53세,경상
2021072800100313,2021년 7월 28일 15시,수요일,서울특별시 구로구 가리봉동,중상사고,0,1,0,0,차대사람 - 기타,안전운전불이행,포장 - 젖음/습기,맑음,단일로 - 기타,화물,남,48세,상해없음,보행자,여,56세,중상
2021072800100314,2021년 7월 28일 15시,수요일,서울특별시 양천구 신월동,중상사고,0,1,0,0,차대사람 - 기타,안전운전불이행,포장 - 건조,맑음,단일로 - 기타,이륜,남,28세,상해없음,보행자,여,4세,중상
2021072800100348,2021년 7월 28일 16시,수요일,서울특별시 구로구 신도림동,경상사고,0,0,1,0,차대사람 - 보도통행중,기타,포장 - 건조,맑음,기타 - 기타,건설기계,남,58세,상해없음,보행자,남,64세,경상
2021072800100387,2021년 7월 28일 17시,수요일,서울특별시 강남구 역삼동,경상사고,0,0,1,0,차대사람 - 기타,안전운전불이행,포장 - 건조,맑음,단일로 - 기타,승용,남,46세,상해없음,보행자,여,28세,경상
2021072800100499,2021년 7월 28일 19시,수요일,서울특별시 금천구 시흥동,중상사고,0,1,0,0,차대사람 - 기타,안전운전불이행,포장 - 건조,맑음,단일로 - 기타,화물,남,34세,상해없음,보행자,여,82세,중상