사고번호,사고일시,요일,시군구,사고내용,사망자수,중상자수,경상자수,부상신고자수,사고유형,법규위반,노면상태,기상상태,도로형태,가해운전자 차종,가해운전자 성별,가해운전자 연령,가해운전자 상해정도,피해운전자 차종,피해운전자 성별,피해운전자 연령,피해운전자 상해정도
2021072800100574,2021년 7월 28일 22시,수요일,서울특별시 성동구 도선동,경상사고,0,0,1,0,차대사람 - 횡단중,보행자보호의무위반,포장 - 건조,맑음,단일로 - 기타,화물,남,32세,상해없음,보행자,남,60세,경상
2021072800100578,2021년 7월 28일 22시,수요일,서울특별시 강서구 화곡동,경상사고,0,0,1,0,차대사람 - 기타,안전운전불이행,포장 - 젖음/습기,비,교차로 - 교차로안,이륜,남,17세,상해없음,보행자,여,60세,경상
2021072900100001,2021년 7월 29일 00시,목요일,서울특별시 서초구 반포동,경상사고,0,0,1,0,차대사람 - 기타,안전운전불이행,포장 - 건조,기타,단일로 - 기타,승용,남,40세,상해없음,보행자,남,29세,경상
2021072900100066,2021년 7월 29일 08시,목요일,서울특별시 서초구 양재동,중상사고,0,1,0,0,차대사람 - 보도통행중,기타,포장 - 건조,맑음,단일로 - 기타,개인형이동수단(PM),남,28세,상해없음,보행자,여,51세,중상
2021072900100169,2021년 7월 29일 11시,목요일,서울특별시 서대문구 홍제동,중상사고,0,1,0,0,차대사람 - 횡단중,보행자보호의무위반,포장 - 건조,맑음,단일로 - 기타,화물,남,52세,상해없음,보행자,남,70세,중상
2021072900100171,2021년 7월 29일 11시,목요일,서울특별시 금천구 가산동,경상사고,0,0,1,0,차대사람 - 기타,보행자보호의무위반,포장 - 건조,맑음,교차로 - 교차로횡단보도내,승용,남,45세,상해없음,보행자,여,61세,경상
2021072900100204,2021년 7월 29일 12시,목요일,서울특별시 종로구 관철동,경상사고,0,0,1,0,차대사람 - 기타,안전운전불이행,포장 - 건조,맑음,단일로 - 기타,화물,남,46세,상해없음,보행자,여,18세,경상
2021072900100207,2021년 7월 29일 12시,목요일,서울특별시 강남구 역삼동,경상사고,0,0,1,0,차대사람 - 길가장자리구역통행중,안전운전불이행,포장 - 건조,맑음,단일로 - 기타,승용,여,34세,상해없음,보행자,여,30세,경상
2021072900100276,2021년 7월 29일 14시,목요일,서울특별시 강서구 가양동,사망사고,1,0,0,0,차대사람 - 기타,기타,포장 - 건조,맑음,단일로 - 기타,승합,남,45세,상해없음,보행자,여,68세,사망
2021072900100277,2021년 7월 29일 14시,목요일,서울특별시 송파구 방이동,경상사고,0,0,1,0,차대사람 - 기타,보행자보호의무위반,포장 - 건조,맑음,교차로 - 교차로횡단보도내,이륜,남,35세,상해없음,보행자,여,52세,경상
2021072900100336,2021년 7월 29일 16시,목요일,서울특별시 성북구 동소문동2가,중상사고,0,1,0,0,차대사람 - 차도통행중,안전운전불이행,포장 - 건조,맑음,단일로 - 기타,이륜,여,52세,상해없음,보행자,남,69세,중상
2021072900100374,2021년 7월 29일 17시,목요일,서울특별시 중구 신당동,중상사고,0,1,0,0,차대사람 - 길가장자리구역통행중,안전운전불이행,포장 - 건조,맑음,단일로 - 기타,승용,남,77세,상해없음,보행자,남,9세,중상
2021072900100377,2021년 7월 29일 17시,목요일,서울특별시 구로구 구로동,중상사고,0,1,0,0,차대사람 - 보도통행중,안전운전불이행,포장 - 건조,맑음,기타 - 기타,자전거,여,37세,상해없음,보행자,여,60세,중상
2021072900100406,2021년 7월 29일 18시,목요일,서울특별시 관악구 신림동,경상사고,0,0,1,0,차대사람 - 차도통행중,안전운전불이행,포장 - 건조,맑음,단일로 - 기타,승용,남,61세,상해없음,보행자,여,51세,경상
2021072900100409,2021년 7월 29일 18시,목요일,서울특별시 은평구 갈현동,경상사고,0,0,1,0,차대사람 - 길가장자리구역통행중,안전운전불이행,포장 - 건조,맑음,단일로 - 기타,승용,여,48세,상해없음,보행자,여,31세,경상
2021072900100475,2021년 7월 29일 20시,목요일,서울특별시 서대문구 홍제동,중상사고,0,1,0,0,차대사람 - 길가장자리구역통행중,안전운전불이행,포장 - 건조,맑음,단일로 - 기타,승용,남,62세,상해없음,보행자,남,66세,중상
2021072900100477,2021년 7월 29일 20시,목요일,서울특별시 서초구 반포동,경상사고,0,0,1,0,차대사람 - 기타,기타,포장 - 건조,맑음,단일로 - 기타,승용,남,50세,상해없음,보행자,남,54세,경상
2021072900100479,2021년 7월 29일 20시,목요일,서울특별시 강남구 역삼동,경상사고,0,0,1,0,차대사람 - 횡단중,보행자보호의무위반,포장 - 건조,맑음,교차로 - 교차로부근,승용,여,23세,상해없음,보행자,남,36세,경상
2021072900100499,2021년 7월 29일 21시,목요일,서울특별시 동작구 상도동,경상사고,0,0,1,0,차대사람 - 기타,안전운전불이행,포장 - 건조,맑음,단일로 - 기타,승용,남,47세,상해없음,보행자,남,61세,경상
2021072900100501,2021년 7월 29일 21시,목요일,서울특별시 노원구 중계동,경상사고,0,0,1,0,차대사람 - 기타,안전운전불이행,포장 - 건조,맑음,기타 - 기타,자전거,남,16세,상해없음,보행자,여,13세,경상
2021073000100013,2021년 7월 30일 04시,금요일,서울특별시 서초구 방배동,중상사고,0,1,0,0,차대사람 - 보도통행중,안전운전불이행,포장 - 건조,맑음,단일로 - 기타,화물,남,39세,상해없음,보행자,여,85세,중상
2021073000100067,2021년 7월 30일 08시,금요일,서울특별시 강서구 화곡동,경상사고,0,0,1,0,차대사람 - 횡단중,안전운전불이행,포장 - 건조,맑음,교차로 - 교차로부근,승용,남,46세,상해없음,보행자,여,59세,경상
2021073000100069,2021년 7월 30일 08시,금요일,서울특별시 서초구 방배동,경상사고,0,0,1,0,차대사람 - 기타,기타,포장 - 건조,맑음,단일로 - 기타,승합,남,64세,상해없음,보행자,남,39세,경상
2021073000100070,2021년 7월 30일 08시,금요일,서울특별시 강남구 역삼동,경상사고,0,0,1,0,차대사람 - 횡단중,보행자보호의무위반,포장 - 건조,맑음,교차로 - 교차로횡단보도내,승용,남,51세,상해없음,보행자,남,33세,경상
2021073000100098,2021년 7월 30일 09시,금요일,서울특별시 강남구 논현동,경상사고,0,0,1,0,차대사람 - 보도통행중,기타,포장 - 건조,맑음,단일로 - 기타,개인형이동수단(PM),남,38세,기타불명,보행자,여,30세,경상
2021073000100125,2021년 7월 30일 10시,금요일,서울특별시 영등포구 대림동,중상사고,0,1,0,0,차대사람 - 차도통행중,안전운전불이행,포장 - 건조,맑음,단일로 - 기타,승용,남,52세,상해없음,보행자,여,62세,중상
2021073000100153,2021년 7월 30일 11시,금요일,서울특별시 성동구 성수동2가,경상사고,0,0,1,0,차대사람 - 길가장자리구역통행중,안전운전불이행,포장 - 건조,맑음,교차로 - 교차로안,승용,여,28세,기타불명,보행자,남,29세,경상
2021073000100195,2021년 7월 30일 12시,금요일,서울특별시 강남구 역삼동,경상사고,0,0,1,0,차대사람 - 기타,안전운전불이행,포장 - 건조,맑음,단일로 - 기타,승용,여,49세,상해없음,보행자,여,64세,경상
2021073000100196,2021년 7월 30일 12시,금요일,서울특별시 강서구 마곡동,경상사고,0,0,1,0,차대사람 - 기타,안전운전불이행,포장 - 건조,맑음,기타 - 기타,기타불명,기타불명,미분류,기타불명,보행자,남,30세,경상
2021073000100197,2021년 7월 30일 12시,금요일,서울특별시 서초구 서초동,경상사고,0,0,1,0,차대사람 - 기타,안전운전불이행,포장 - 건조,맑음,교차로 - 교차로안,승용,여,27세,상해없음,보행자,남,58세,경상
2021073000100243,2021년 7월 30일 13시,금요일,서울특별시 은평구 갈현동,경상사고,0,0,1,0,차대사람 - 기타,안전운전불이행,포장 - 건조,맑음,단일로 - 기타,이륜,남,27세,상해없음,보행자,여,65세,경상
2021073000100312,2021년 7월 30일 15시,금요일,서울특별시 영등포구 당산동,경상사고,0,0,1,0,차대사람 - 보도통행중,기타,포장 - 건조,맑음,기타 - 기타,화물,남,49세,상해없음,보행자,여,57세,경상
2021073000100347,2021년 7월 30일 16시,금요일,서울특별시 은평구 신사동,중상사고,0,1,0,0,차대사람 - 보도통행중,기타,포장 - 건조,맑음,단일로 - 기타,화물,남,50세,상해없음,보행자,여,74세,중상
2021073000100352,2021년 7월 30일 16시,금요일,서울특별시 성북구 하월곡동,경상사고,0,0,1,0,차대사람 - 기타,안전운전불이행,포장 - 건조,맑음,교차로 - 교차로안,승용,남,57세,상해없음,보행자,남,46세,경상
2021073000100480,2021년 7월 30일 19시,금요일,서울특별시 도봉구 쌍문동,부상신고사고,0,0,0,1,차대사람 - 기타,기타,포장 - 건조,맑음,단일로 - 기타,자전거,여,51세,부상신고,보행자,남,17세,상해없음
2021073000100534,2021년 7월 30일 21시,금요일,서울특별시 서대문구 북가좌동,중상사고,0,1,0,0,차대사람 - 횡단중,보행자보호의무위반,포장 - 건조,맑음,교차로 - 교차로횡단보도내,승용,남,53세,상해없음,보행자,남,46세,중상
2021073000100536,2021년 7월 30일 21시,금요일,서울특별시 영등포구 도림동,부상신고사고,0,0,0,1,차대사람 - 기타,기타,포장 - 건조,맑음,단일로 - 기타,자전거,기타불명,미분류,기타불명,보행자,남,25세,부상신고
2021073000100604,2021년 7월 30일 23시,금요일,서울특별시 중구 남대문로5가,경상사고,0,0,1,0,차대사람 - 기타,안전운전불이행,포장 - 건조,맑음,단일로 - 기타,승합,남,60세,상해없음,보행자,남,25세,경상
2021073100100001,2021년 7월 31일 00시,토요일,서울특별시 용산구 한강로1가,중상사고,0,1,0,0,차대사람 - 차도통행중,과속,포장 - 건조,맑음,단일로 - 기타,승용,남,30세,상해없음,보행자,남,60세,중상
2021073100100005,2021년 7월 31일 00시,토요일,서울특별시 강남구 신사동,중상사고,0,1,0,0,차대사람 - 기타,안전운전불이행,포장 - 건조,맑음,단일로 - 기타,승용,남,28세,상해없음,보행자,남,28세,중상
2021073100100040,2021년 7월 31일 05시,토요일,서울특별시 성동구 성수동1가,중상사고,0,1,0,0,차대사람 - 차도통행중,안전운전불이행,포장 - 젖음/습기,비,단일로 - 기타,승용,남,30세,상해없음,보행자,남,58세,중상
2021073100100050,2021년 7월 31일 06시,토요일,서울특별시 용산구 후암동,경상사고,0,0,1,0,차대사람 - 기타,안전운전불이행,포장 - 젖음/습기,맑음,단일로 - 기타,자전거,남,22세,경상,보행자,남,72세,상해없음
2021073100100124,2021년 7월 31일 11시,토요일,서울특별시 은평구 응암동,중상사고,0,1,0,0,차대사람 - 횡단중,안전운전불이행,포장 - 건조,맑음,단일로 - 기타,승용,여,52세,상해없음,보행자,여,70세,중상
2021073100100131,2021년 7월 31일 11시,토요일,서울특별시 양천구 목동,경상사고,0,0,1,0,차대사람 - 차도통행중,안전운전불이행,포장 - 건조,맑음,교차로 - 교차로부근,승용,남,49세,상해없음,보행자,남,30세,경상
2021073100100133,2021년 7월 31일 11시,토요일,서울특별시 노원구 상계동,경상사고,0,0,1,0,차대사람 - 기타,안전운전불이행,포장 - 건조,맑음,주차장 - 주차장,승용,남,62세,상해없음,보행자,여,45세,경상
2021073100100165,2021년 7월 31일 12시,토요일,서울특별시 동대문구 휘경동,부상신고사고,0,0,0,1,차대사람 - 기타,안전운전불이행,포장 - 건조,맑음,단일로 - 기타,승용,남,71세,상해없음,보행자,여,30세,부상신고
2021073100100264,2021년 7월 31일 14시,토요일,서울특별시 용산구 원효로4가,경상사고,0,0,1,0,차대사람 - 횡단중,보행자보호의무위반,포장 - 건조,맑음,교차로 - 교차로횡단보도내,승용,남,55세,상해없음,보행자,여,54세,경상
2021073100100265,2021년 7월 31일 14시,토요일,서울특별시 동대문구 답십리동,경상사고,0,0,1,0,차대사람 - 차도통행중,기타,포장 - 건조,맑음,단일로 - 기타,승용,남,39세,상해없음,보행자,여,70세,경상
2021073100100266,2021년 7월 31일 14시,토요일,서울특별시 광진구 자양동,경상사고,0,0,1,0,차대사람 - 기타,안전운전불이행,포장 - 건조,맑음,단일로 - 기타,승용,남,24세,상해없음,보행자,여,20세,경상
2021073100100269,2021년 7월 31일 14시,토요일,서울특별시 강서구 염창동,경상사고,0,0,1,0,차대사람 - 기타,안전운전불이행,포장 - 건조,맑음,단일로 - 기타,자전거,남,47세,상해없음,보행자,남,63세,경상
2021073100100362,2021년 7월 31일 17시,토요일,서울특별시 광진구 화양동,경상사고,0,0,1,0,차대사람 - 기타,안전운전불이행,포장 - 건조,맑음,단일로 - 기타,승용,남,78세,상해없음,보행자,남,26세,경상
2021073100100444,2021년 7월 31일 19시,토요일,서울특별시 강서구 등촌동,경상사고,0,0,1,0,차대사람 - 기타,안전운전불이행,포장 - 건조,맑음,단일로 - 기타,승용,남,64세,상해없음,보행자,남,52세,경상
2021073100100495,2021년 7월 31일 21시,토요일,서울특별시 강북구 번동,경상사고,0,0,1,0,차대사람 - 횡단중,중앙선침범,포장 - 건조,맑음,단일로 - 기타,개인형이동수단(PM),남,17세,상해없음,보행자,여,28세,경상
2021073100100557,2021년 7월 31일 23시,토요일,서울특별시 성북구 장위동,부상신고사고,0,0,0,1,차대사람 - 횡단중,안전운전불이행,포장 - 건조,맑음,단일로 - 기타,승합,여,57세,상해없음,보행자,남,68세,부상신고
2021080100100028,2021년 8월 1일 05시,일요일,서울특별시 서대문구 대현동,중상사고,0,1,0,1,차대사람 - 횡단중,신호위반,포장 - 건조,맑음,단일로 - 기타,이륜,남,75세,부상신고,보행자,남,82세,중상
2021080100100059,2021년 8월 1일 09시,일요일,서울특별시 서초구 방배동,중상사고,0,1,0,0,차대사람 - 보도통행중,기타,포장 - 건조,맑음,단일로 - 기타,화물,남,55세,상해없음,보행자,남,61세,중상
2021080100100098,2021년 8월 1일 11시,일요일,서울특별시 송파구 문정동,경상사고,0,0,1,0,차대사람 - 기타,안전운전불이행,포장 - 건조,맑음,단일로 - 기타,화물,남,61세,상해없음,보행자,남,31세,경상
2021080100100195,2021년 8월 1일 15시,일요일,서울특별시 관악구 남현동,경상사고,0,0,1,0,차대사람 - 기타,안전운전불이행,포장 - 건조,맑음,기타 - 기타,승용,남,65세,상해없음,보행자,남,59세,경상
2021080100100224,2021년 8월 1일 16시,일요일,서울특별시 강북구 미아동,경상사고,0,0,1,0,차대사람 - 기타,안전운전불이행,포장 - 건조,맑음,단일로 - 기타,승합,남,48세,기타불명,보행자,남,58세,경상
2021080100100323,2021년 8월 1일 19시,일요일,서울특별시 노원구 상계동,경상사고,0,0,1,0,차대사람 - 횡단중,신호위반,포장 - 젖음/습기,비,교차로 - 교차로횡단보도내,이륜,남,22세,상해없음,보행자,여,16세,경상
2021080100100351,2021년 8월 1일 20시,일요일,서울특별시 강남구 청담동,경상사고,0,0,1,0,차대사람 - 길가장자리구역통행중,안전운전불이행,포장 - 젖음/습기,비,단일로 - 기타,승용,여,37세,기타불명,보행자,여,19세,경상
2021080100100396,2021년 8월 1일 21시,일요일,서울특별시 성동구 용답동,경상사고,0,0,1,0,차대사람 - 횡단중,안전운전불이행,포장 - 건조,맑음,교차로 - 교차로안,승용,남,58세,상해없음,보행자,남,50세,경상
2021080100100427,2021년 8월 1일 22시,일요일,서울특별시 성북구 삼선동3가,중상사고,0,1,0,0,차대사람 - 횡단중,보행자보호의무위반,포장 - 젖음/습기,비,교차로 - 교차로횡단보도내,승용,남,44세,상해없음,보행자,남,56세,중상
2021080100100448,2021년 8월 1일 23시,일요일,서울특별시 종로구 창신동,중상사고,0,1,0,0,차대사람 - 차도통행중,안전운전불이행,포장 - 젖음/습기,비,단일로 - 기타,승용,남,66세,상해없음,보행자,여,60세,중상
2021080200100001,2021년 8월 2일 00시,월요일,서울특별시 강동구 천호동,중상사고,0,1,0,0,차대사람 - 차도통행중,안전운전불이행,포장 - 젖음/습기,흐림,단일로 - 기타,이륜,남,29세,상해없음,보행자,남,41세,중상
2021080200100066,2021년 8월 2일 08시,월요일,서울특별시 광진구 구의동,경상사고,0,0,1,0,차대사람 - 횡단중,안전운전불이행,포장 - 건조,맑음,단일로 - 기타,승용,남,42세,상해없음,보행자,여,56세,경상
2021080200100084,2021년 8월 2일 09시,월요일,서울특별시 용산구 청암동,경상사고,0,0,2,0,차대사람 - 횡단중,안전운전불이행,포장 - 젖음/습기,맑음,단일로 - 기타,이륜,남,32세,경상,보행자,여,82세,경상
2021080200100090,2021년 8월 2일 09시,월요일,서울특별시 노원구 하계동,중상사고,0,1,0,0,차대사람 - 기타,안전거리미확보,포장 - 젖음/습기,비,단일로 - 기타,화물,남,56세,상해없음,보행자,남,54세,중상
2021080200100119,2021년 8월 2일 10시,월요일,서울특별시 송파구 오금동,중상사고,0,1,0,0,차대사람 - 길가장자리구역통행중,안전운전불이행,포장 - 건조,맑음,교차로 - 교차로안,건설기계,남,53세,상해없음,보행자,여,82세,중상
2021080200100144,2021년 8월 2일 11시,월요일,서울특별시 중랑구 중화동,중상사고,0,2,0,0,차대사람 - 횡단중,안전운전불이행,포장 - 건조,맑음,단일로 - 기타,이륜,남,47세,상해없음,보행자,여,71세,중상
2021080200100145,2021년 8월 2일 11시,월요일,서울특별시 관악구 봉천동,경상사고,0,0,1,0,차대사람 - 길가장자리구역통행중,안전운전불이행,포장 - 젖음/습기,비,단일로 - 기타,승용,남,65세,상해없음,보행자,여,20세,경상
2021080200100182,2021년 8월 2일 12시,월요일,서울특별시 서대문구 천연동,중상사고,0,1,0,0,차대사람 - 횡단중,안전운전불이행,포장 - 건조,맑음,교차로 - 교차로횡단보도내,화물,남,69세,상해없음,보행자,남,83세,중상
2021080200100185,2021년 8월 2일 12시,월요일,서울특별시 송파구 방이동,경상사고,0,0,1,0,차대사람 - 길가장자리구역통행중,안전운전불이행,포장 - 건조,맑음,단일로 - 기타,승용,여,50세,상해없음,보행자,여,26세,경상
2021080200100187,2021년 8월 2일 12시,월요일,서울특별시 강남구 역삼동,경상사고,0,0,1,0,차대사람 - 기타,안전운전불이행,포장 - 건조,맑음,단일로 - 기타,승용,여,31세,상해없음,보행자,여,61세,경상
2021080200100222,2021년 8월 2일 13시,월요일,서울특별시 영등포구 당산동5가,경상사고,0,0,1,0,차대사람 - 횡단중,안전운전불이행,포장 - 건조,맑음,교차로 - 교차로부근,승용,여,68세,상해없음,보행자,여,41세,경상
2021080200100223,2021년 8월 2일 13시,월요일,서울특별시 관악구 신림동,중상사고,0,1,0,0,차대사람 - 기타,안전운전불이행,포장 - 건조,맑음,단일로 - 기타,승용,여,32세,상해없음,보행자,남,34세,중상
2021080200100258,2021년 8월 2일 14시,월요일,서울특별시 강남구 논현동,경상사고,0,0,1,0,차대사람 - 기타,안전운전불이행,포장 - 건조,맑음,단일로 - 기타,화물,남,56세,상해없음,보행자,남,28세,경상
2021080200100259,2021년 8월 2일 14시,월요일,서울특별시 양천구 신월동,경상사고,0,0,1,0,차대사람 - 기타,기타,포장 - 건조,맑음,기타 - 기타,자전거,여,27세,상해없음,보행자,남,73세,경상
2021080200100300,2021년 8월 2일 15시,월요일,서울특별시 강남구 청담동,경상사고,0,0,1,0,차대사람 - 기타,안전운전불이행,포장 - 건조,맑음,단일로 - 기타,승합,남,55세,상해없음,보행자,남,58세,경상
2021080200100404,2021년 8월 2일 18시,월요일,서울특별시 서대문구 미근동,경상사고,0,0,1,0,차대사람 - 차도통행중,안전운전불이행,포장 - 건조,맑음,단일로 - 기타,승합,남,49세,상해없음,보행자,여,51세,경상
2021080200100406,2021년 8월 2일 18시,월요일,서울특별시 강북구 수유동,경상사고,0,0,1,0,차대사람 - 기타,안전운전불이행,포장 - 건조,맑음,단일로 - 기타,승용,남,27세,상해없음,보행자,남,39세,경상
2021080200100515,2021년 8월 2일 21시,월요일,서울특별시 용산구 한남동,중상사고,0,1,0,0,차대사람 - 횡단중,신호위반,포장 - 건조,맑음,단일로 - 고가도로위,승용,남,58세,상해없음,보행자,여,43세,중상
2021080200100517,2021년 8월 2일 21시,월요일,서울특별시 양천구 신정동,경상사고,0,0,1,0,차대사람 - 기타,안전운전불이행,포장 - 건조,맑음,기타 - 기타,승용,남,60세,기타불명,보행자,남,36세,경상
2021080200100518,2021년 8월 2일 21시,월요일,서울특별시 양천구 신월동,경상사고,0,0,1,0,차대사람 - 기타,안전운전불이행,포장 - 건조,맑음,단일로 - 기타,승용,남,65세,상해없음,보행자,남,54세,경상
2021080300100024,2021년 8월 3일 05시,화요일,서울특별시 성북구 장위동,경상사고,0,0,1,0,차대사람 - 기타,안전운전불이행,포장 - 건조,흐림,단일로 - 기타,화물,남,48세,상해없음,보행자,남,35세,경상
2021080300100035,2021년 8월 3일 07시,화요일,서울특별시 종로구 혜화동,경상사고,0,0,1,0,차대사람 - 기타,안전운전불이행,포장 - 건조,맑음,단일로 - 기타,승용,남,73세,기타불명,보행자,남,30세,경상
2021080300100048,2021년 8월 3일 08시,화요일,서울특별시 영등포구 영등포동4가,경상사고,0,0,1,0,차대사람 - 기타,안전운전불이행,포장 - 건조,맑음,교차로 - 교차로부근,승용,남,81세,상해없음,보행자,여,23세,경상
2021080300100126,2021년 8월 3일 11시,화요일,서울특별시 서대문구 북아현동,중상사고,0,1,0,0,차대사람 - 횡단중,보행자보호의무위반,포장 - 건조,맑음,교차로 - 교차로횡단보도내,승용,남,76세,상해없음,보행자,여,65세,중상
2021080300100131,2021년 8월 3일 11시,화요일,서울특별시 구로구 구로동,중상사고,0,1,0,0,차대사람 - 차도통행중,안전운전불이행,포장 - 건조,맑음,단일로 - 기타,화물,남,50세,상해없음,보행자,남,34세,중상
2021080300100220,2021년 8월 3일 14시,화요일,서울특별시 광진구 중곡동,경상사고,0,0,1,0,차대사람 - 길가장자리구역통행중,안전운전불이행,포장 - 건조,맑음,단일로 - 기타,승용,여,58세,상해없음,보행자,여,67세,경상
2021080300100296,2021년 8월 3일 16시,화요일,서울특별시 광진구 구의동,중상사고,0,1,0,0,차대사람 - 기타,안전운전불이행,포장 - 건조,맑음,단일로 - 기타,승용,남,36세,상해없음,보행자,남,82세,중상
2021080300100297,2021년 8월 3일 16시,화요일,서울특별시 강남구 신사동,경상사고,0,0,1,0,차대사람 - 기타,신호위반,포장 - 건조,맑음,교차로 - 교차로부근,이륜,남,29세,상해없음,보행자,남,45세,경상
2021080300100298,2021년 8월 3일 16시,화요일,서울특별시 강동구 암사동,경상사고,0,0,1,0,차대사람 - 기타,안전운전불이행,포장 - 건조,맑음,단일로 - 기타,승용,남,34세,상해없음,보행자,남,15세,경상
2021080300100374,2021년 8월 3일 18시,화요일,서울특별시 성동구 홍익동,경상사고,0,0,1,0,차대사람 - 보도통행중,안전운전불이행,포장 - 건조,맑음,단일로 - 기타,승용,남,57세,기타불명,보행자,남,43세,경상
2021080300100409,2021년 8월 3일 19시,화요일,서울특별시 동작구 노량진동,경상사고,0,0,1,0,차대사람 - 기타,안전운전불이행,포장 - 건조,맑음,교차로 - 교차로안,승용,여,24세,상해없음,보행자,남,61세,경상
2021080300100411,2021년 8월 3일 19시,화요일,서울특별시 강남구 청담동,경상사고,0,0,1,1,차대사람 - 보도통행중,신호위반,포장 - 건조,맑음,교차로 - 교차로횡단보도내,승용,남,63세,경상,보행자,남,29세,부상신고
2021080300100412,2021년 8월 3일 19시,화요일,서울특별시 강남구 역삼동,경상사고,0,0,1,0,차대사람 - 횡단중,중앙선침범,포장 - 건조,맑음,단일로 - 기타,이륜,남,30세,기타불명,보행자,여,25세,경상
2021080300100440,2021년 8월 3일 20시,화요일,서울특별시 영등포구 양평동,경상사고,0,0,1,0,차대사람 - 기타,안전운전불이행,포장 - 건조,맑음,단일로 - 교량,자전거,남,14세,상해없음,보행자,남,58세,경상
2021080300100459,2021년 8월 3일 21시,화요일,서울특별시 중랑구 망우동,부상신고사고,0,0,0,1,차대사람 - 횡단중,안전운전불이행,포장 - 건조,맑음,단일로 - 기타,개인형이동수단(PM),남,41세,부상신고,보행자,남,68세,상해없음
2021080300100486,2021년 8월 3일 22시,화요일,서울특별시 용산구 이태원동,경상사고,0,0,1,0,차대사람 - 횡단중,신호위반,포장 - 건조,맑음,단일로 - 기타,승합,남,72세,상해없음,보행자,남,27세,경상
2021080300100489,2021년 8월 3일 22시,화요일,서울특별시 노원구 상계동,부상신고사고,0,0,0,1,차대사람 - 차도통행중,안전운전불이행,포장 - 건조,맑음,단일로 - 기타,자전거,남,43세,부상신고,보행자,여,24세,상해없음
2021080400100039,2021년 8월 4일 07시,수요일,서울특별시 성동구 마장동,경상사고,0,0,1,0,차대사람 - 횡단중,보행자보호의무위반,포장 - 건조,맑음,교차로 - 교차로횡단보도내,화물,남,40세,상해없음,보행자,여,32세,경상
2021080400100061,2021년 8월 4일 08시,수요일,서울특별시 성동구 성수동2가,경상사고,0,0,1,0,차대사람 - 기타,안전운전불이행,포장 - 건조,맑음,단일로 - 기타,승용,여,31세,상해없음,보행자,남,33세,경상
2021080400100095,2021년 8월 4일 09시,수요일,서울특별시 용산구 한강로1가,경상사고,0,0,1,0,차대사람 - 기타,안전운전불이행,포장 - 건조,맑음,단일로 - 기타,승용,남,53세,상해없음,보행자,남,50세,경상
2021080400100097,2021년 8월 4일 09시,수요일,서울특별시 도봉구 방학동,중상사고,0,1,0,0,차대사람 - 횡단중,안전운전불이행,포장 - 건조,맑음,교차로 - 교차로부근,승용,남,63세,상해없음,보행자,여,55세,중상
2021080400100122,2021년 8월 4일 10시,수요일,서울특별시 중구 황학동,경상사고,0,0,3,0,차대사람 - 기타,기타,포장 - 건조,맑음,단일로 - 기타,화물,남,69세,상해없음,보행자,남,38세,기타불명
2021080400100161,2021년 8월 4일 11시,수요일,서울특별시 성동구 용답동,경상사고,0,0,1,0,차대사람 - 횡단중,안전운전불이행,포장 - 건조,맑음,교차로 - 교차로안,승용,남,74세,상해없음,보행자,남,58세,경상
2021080400100227,2021년 8월 4일 13시,수요일,서울특별시 관악구 신림동,중상사고,0,1,0,0,차대사람 - 차도통행중,안전운전불이행,포장 - 건조,맑음,교차로 - 교차로안,승용,남,41세,상해없음,보행자,여,81세,중상
2021080400100230,2021년 8월 4일 13시,수요일,서울특별시 서초구 서초동,중상사고,0,1,0,0,차대사람 - 횡단중,안전운전불이행,포장 - 건조,맑음,기타 - 기타,승용,여,29세,상해없음,보행자,여,21세,중상
2021080400100300,2021년 8월 4일 15시,수요일,서울특별시 중랑구 묵동,경상사고,0,0,1,0,차대사람 - 횡단중,보행자보호의무위반,포장 - 건조,맑음,기타 - 기타,화물,남,52세,상해없음,보행자,여,18세,경상
2021080400100301,2021년 8월 4일 15시,수요일,서울특별시 중랑구 신내동,경상사고,0,0,1,0,차대사람 - 횡단중,안전운전불이행,포장 - 건조,맑음,기타 - 기타,승용,남,28세,상해없음,보행자,여,78세,경상
2021080400100378,2021년 8월 4일 17시,수요일,서울특별시 서초구 신원동,부상신고사고,0,0,0,1,차대사람 - 차도통행중,안전운전불이행,포장 - 건조,맑음,기타 - 기타,기타불명,기타불명,미분류,기타불명,보행자,여,78세,부상신고
2021080400100436,2021년 8월 4일 18시,수요일,서울특별시 성북구 장위동,중상사고,0,2,0,0,차대사람 - 기타,안전운전불이행,포장 - 건조,맑음,교차로 - 교차로부근,건설기계,남,64세,상해없음,보행자,남,65세,중상
2021080400100481,2021년 8월 4일 19시,수요일,서울특별시 강남구 압구정동,경상사고,0,0,1,0,차대사람 - 기타,신호위반,포장 - 건조,맑음,기타 - 기타,자전거,남,28세,상해없음,보행자,여,60세,경상
2021080400100482,2021년 8월 4일 19시,수요일,서울특별시 강서구 마곡동,중상사고,0,1,0,0,차대사람 - 횡단중,보행자보호의무위반,포장 - 건조,맑음,교차로 - 교차로안,승용,남,52세,상해없음,보행자,여,74세,중상
2021080400100539,2021년 8월 4일 21시,수요일,서울특별시 영등포구 당산동6가,경상사고,0,0,1,0,차대사람 - 기타,안전운전불이행,포장 - 건조,맑음,단일로 - 기타,자전거,남,30세,상해없음,보행자,남,30세,경상