사고번호,사고일시,요일,시군구,사고내용,사망자수,중상자수,경상자수,부상신고자수,사고유형,법규위반,노면상태,기상상태,도로형태,가해운전자 차종,가해운전자 성별,가해운전자 연령,가해운전자 상해정도,피해운전자 차종,피해운전자 성별,피해운전자 연령,피해운전자 상해정도
2021080400100563,2021년 8월 4일 22시,수요일,서울특별시 양천구 신정동,중상사고,0,1,0,0,차대사람 - 횡단중,안전운전불이행,포장 - 건조,맑음,교차로 - 교차로안,승용,남,53세,상해없음,보행자,여,18세,중상
2021080400100591,2021년 8월 4일 23시,수요일,서울특별시 종로구 종로3가,부상신고사고,0,0,0,1,차대사람 - 기타,안전운전불이행,포장 - 건조,맑음,단일로 - 기타,승용,남,29세,상해없음,보행자,남,62세,부상신고
2021080500100026,2021년 8월 5일 05시,목요일,서울특별시 동작구 노량진동,부상신고사고,0,0,0,1,차대사람 - 보도통행중,기타,포장 - 건조,맑음,단일로 - 기타,자전거,남,30세,상해없음,보행자,여,37세,부상신고
2021080500100031,2021년 8월 5일 06시,목요일,서울특별시 성동구 성수동1가,중상사고,0,1,0,0,차대사람 - 기타,안전운전불이행,포장 - 건조,맑음,단일로 - 기타,자전거,남,28세,상해없음,보행자,여,65세,중상
2021080500100058,2021년 8월 5일 08시,목요일,서울특별시 종로구 창신동,경상사고,0,0,1,0,차대사람 - 기타,안전운전불이행,포장 - 건조,맑음,단일로 - 기타,승합,남,50세,상해없음,보행자,여,39세,경상
2021080500100062,2021년 8월 5일 08시,목요일,서울특별시 강서구 화곡동,경상사고,0,0,1,0,차대사람 - 차도통행중,안전운전불이행,포장 - 건조,맑음,단일로 - 기타,승합,여,50세,상해없음,보행자,여,80세,경상
2021080500100101,2021년 8월 5일 09시,목요일,서울특별시 중랑구 중화동,경상사고,0,0,1,0,차대사람 - 횡단중,안전운전불이행,포장 - 건조,맑음,기타 - 기타,기타불명,기타불명,미분류,기타불명,보행자,여,38세,경상
2021080500100102,2021년 8월 5일 09시,목요일,서울특별시 강남구 신사동,중상사고,0,1,0,0,차대사람 - 차도통행중,안전운전불이행,포장 - 기타,맑음,단일로 - 기타,자전거,여,49세,기타불명,보행자,여,61세,중상
2021080500100129,2021년 8월 5일 10시,목요일,서울특별시 동대문구 답십리동,중상사고,0,1,0,0,차대사람 - 횡단중,안전운전불이행,포장 - 건조,맑음,단일로 - 기타,이륜,남,25세,기타불명,보행자,여,72세,중상
2021080500100210,2021년 8월 5일 12시,목요일,서울특별시 동대문구 제기동,사망사고,1,0,0,0,차대사람 - 횡단중,보행자보호의무위반,포장 - 건조,흐림,교차로 - 교차로횡단보도내,화물,남,39세,상해없음,보행자,여,78세,사망
2021080500100212,2021년 8월 5일 12시,목요일,서울특별시 금천구 독산동,경상사고,0,0,1,0,차대사람 - 횡단중,안전운전불이행,포장 - 건조,맑음,단일로 - 기타,승용,여,41세,상해없음,보행자,남,58세,경상
2021080500100244,2021년 8월 5일 13시,목요일,서울특별시 송파구 삼전동,중상사고,0,1,0,0,차대사람 - 차도통행중,안전운전불이행,포장 - 건조,맑음,단일로 - 기타,승용,남,76세,상해없음,보행자,남,71세,중상
2021080500100319,2021년 8월 5일 15시,목요일,서울특별시 금천구 가산동,부상신고사고,0,0,0,1,차대사람 - 기타,안전운전불이행,포장 - 건조,맑음,단일로 - 기타,승용,남,24세,상해없음,보행자,남,62세,부상신고
2021080500100394,2021년 8월 5일 17시,목요일,서울특별시 은평구 녹번동,경상사고,0,0,1,0,차대사람 - 기타,안전운전불이행,포장 - 건조,맑음,단일로 - 기타,승용,여,57세,상해없음,보행자,남,53세,경상
2021080500100436,2021년 8월 5일 18시,목요일,서울특별시 금천구 시흥동,경상사고,0,0,1,0,차대사람 - 길가장자리구역통행중,안전운전불이행,포장 - 건조,맑음,단일로 - 기타,승용,여,43세,상해없음,보행자,여,22세,경상
2021080500100525,2021년 8월 5일 20시,목요일,서울특별시 성동구 상왕십리동,경상사고,0,0,1,0,차대사람 - 기타,안전운전불이행,포장 - 건조,맑음,단일로 - 기타,자전거,남,52세,상해없음,보행자,남,50세,경상
2021080500100564,2021년 8월 5일 21시,목요일,서울특별시 중구 남대문로5가,중상사고,0,1,1,0,차대사람 - 횡단중,보행자보호의무위반,포장 - 건조,맑음,단일로 - 기타,승용,남,25세,상해없음,보행자,여,25세,경상
2021080500100566,2021년 8월 5일 21시,목요일,서울특별시 금천구 시흥동,경상사고,0,0,1,0,차대사람 - 길가장자리구역통행중,안전운전불이행,포장 - 건조,맑음,단일로 - 기타,이륜,남,62세,상해없음,보행자,남,21세,경상
2021080600100012,2021년 8월 6일 03시,금요일,서울특별시 관악구 신림동,중상사고,0,1,0,0,차대사람 - 기타,신호위반,포장 - 건조,맑음,단일로 - 기타,승용,남,31세,상해없음,보행자,남,43세,중상
2021080600100028,2021년 8월 6일 06시,금요일,서울특별시 강서구 화곡동,경상사고,0,0,1,0,차대사람 - 횡단중,보행자보호의무위반,포장 - 건조,맑음,교차로 - 교차로횡단보도내,승용,남,64세,상해없음,보행자,남,61세,경상
2021080600100065,2021년 8월 6일 08시,금요일,서울특별시 강북구 수유동,경상사고,0,0,1,0,차대사람 - 기타,안전운전불이행,포장 - 건조,맑음,단일로 - 기타,화물,남,50세,상해없음,보행자,남,62세,경상
2021080600100066,2021년 8월 6일 08시,금요일,서울특별시 마포구 망원동,부상신고사고,0,0,0,1,차대사람 - 기타,안전운전불이행,포장 - 건조,맑음,기타 - 기타,승용,남,78세,상해없음,보행자,여,29세,부상신고
2021080600100068,2021년 8월 6일 08시,금요일,서울특별시 강서구 화곡동,경상사고,0,0,1,0,차대사람 - 횡단중,안전운전불이행,포장 - 건조,맑음,교차로 - 교차로안,승용,여,39세,상해없음,보행자,여,26세,경상
2021080600100097,2021년 8월 6일 09시,금요일,서울특별시 동대문구 제기동,경상사고,0,0,1,0,차대사람 - 기타,안전운전불이행,포장 - 건조,맑음,단일로 - 기타,승용,남,83세,상해없음,보행자,여,69세,경상
2021080600100101,2021년 8월 6일 09시,금요일,서울특별시 마포구 염리동,중상사고,0,1,0,0,차대사람 - 기타,안전운전불이행,포장 - 건조,맑음,단일로 - 기타,개인형이동수단(PM),여,29세,상해없음,보행자,여,65세,중상
2021080600100143,2021년 8월 6일 10시,금요일,서울특별시 관악구 신림동,경상사고,0,0,1,0,차대사람 - 기타,안전운전불이행,포장 - 건조,맑음,교차로 - 교차로안,승용,남,58세,상해없음,보행자,여,84세,경상
2021080600100163,2021년 8월 6일 11시,금요일,서울특별시 광진구 화양동,경상사고,0,0,1,0,차대사람 - 보도통행중,안전운전불이행,포장 - 건조,맑음,기타 - 기타,승용,남,59세,상해없음,보행자,남,27세,경상
2021080600100262,2021년 8월 6일 14시,금요일,서울특별시 동대문구 청량리동,경상사고,0,0,1,0,차대사람 - 보도통행중,보행자보호의무위반,포장 - 건조,맑음,교차로 - 교차로횡단보도내,승용,남,72세,상해없음,보행자,여,26세,경상
2021080600100264,2021년 8월 6일 14시,금요일,서울특별시 영등포구 영등포동3가,경상사고,0,0,1,0,차대사람 - 보도통행중,기타,포장 - 건조,맑음,단일로 - 기타,원동기,남,27세,상해없음,보행자,남,58세,경상
2021080600100267,2021년 8월 6일 14시,금요일,서울특별시 서초구 서초동,중상사고,0,1,0,0,차대사람 - 횡단중,보행자보호의무위반,포장 - 건조,맑음,교차로 - 교차로횡단보도내,승합,남,66세,상해없음,보행자,여,20세,중상
2021080600100313,2021년 8월 6일 15시,금요일,서울특별시 은평구 응암동,중상사고,0,1,0,0,차대사람 - 횡단중,신호위반,포장 - 기타,맑음,교차로 - 교차로횡단보도내,승용,여,79세,상해없음,보행자,여,55세,중상
2021080600100353,2021년 8월 6일 16시,금요일,서울특별시 강북구 번동,경상사고,0,0,1,0,차대사람 - 기타,안전운전불이행,포장 - 건조,맑음,단일로 - 기타,승용,남,60세,상해없음,보행자,남,39세,경상
2021080600100397,2021년 8월 6일 17시,금요일,서울특별시 종로구 숭인동,중상사고,0,1,0,0,차대사람 - 차도통행중,안전운전불이행,포장 - 건조,맑음,단일로 - 기타,승용,여,31세,상해없음,보행자,여,55세,중상
2021080600100398,2021년 8월 6일 17시,금요일,서울특별시 은평구 녹번동,중상사고,0,1,0,0,차대사람 - 보도통행중,기타,포장 - 건조,맑음,단일로 - 기타,개인형이동수단(PM),남,77세,상해없음,보행자,남,41세,중상
2021080600100401,2021년 8월 6일 17시,금요일,서울특별시 광진구 자양동,부상신고사고,0,0,0,1,차대사람 - 기타,안전운전불이행,포장 - 건조,맑음,교차로 - 교차로부근,기타불명,기타불명,미분류,기타불명,보행자,남,48세,부상신고
2021080600100539,2021년 8월 6일 20시,금요일,서울특별시 마포구 상암동,중상사고,0,1,0,0,차대사람 - 횡단중,신호위반,포장 - 건조,맑음,교차로 - 교차로횡단보도내,승용,남,63세,상해없음,보행자,여,29세,중상
2021080600100575,2021년 8월 6일 21시,금요일,서울특별시 종로구 숭인동,중상사고,0,1,0,0,차대사람 - 횡단중,보행자보호의무위반,포장 - 건조,맑음,교차로 - 교차로횡단보도내,승용,남,40세,상해없음,보행자,남,76세,중상
2021080600100576,2021년 8월 6일 21시,금요일,서울특별시 강남구 논현동,경상사고,0,0,1,0,차대사람 - 보도통행중,기타,포장 - 건조,맑음,기타 - 기타,개인형이동수단(PM),여,31세,기타불명,보행자,여,24세,경상
2021080600100598,2021년 8월 6일 22시,금요일,서울특별시 마포구 서교동,중상사고,0,1,0,0,차대사람 - 기타,안전운전불이행,포장 - 건조,맑음,기타 - 기타,개인형이동수단(PM),여,27세,상해없음,보행자,여,20세,중상
2021080600100600,2021년 8월 6일 22시,금요일,서울특별시 중랑구 망우동,중상사고,0,1,0,0,차대사람 - 기타,안전운전불이행,포장 - 건조,흐림,교차로 - 교차로부근,승용,남,76세,상해없음,보행자,남,52세,중상
2021080600100604,2021년 8월 6일 22시,금요일,서울특별시 노원구 중계동,경상사고,0,0,1,0,차대사람 - 기타,안전운전불이행,포장 - 건조,맑음,기타 - 기타,자전거,남,19세,경상,보행자,남,19세,상해없음
2021080700100001,2021년 8월 7일 00시,토요일,서울특별시 양천구 목동,중상사고,0,1,0,0,차대사람 - 횡단중,보행자보호의무위반,포장 - 건조,맑음,단일로 - 기타,승용,남,46세,상해없음,보행자,여,32세,중상
2021080700100042,2021년 8월 7일 07시,토요일,서울특별시 송파구 오금동,경상사고,0,0,1,0,차대사람 - 기타,안전운전불이행,포장 - 건조,맑음,교차로 - 교차로안,화물,남,55세,상해없음,보행자,여,81세,경상
2021080700100098,2021년 8월 7일 10시,토요일,서울특별시 종로구 낙원동,중상사고,0,1,0,0,차대사람 - 기타,안전운전불이행,포장 - 건조,맑음,단일로 - 기타,승용,남,42세,상해없음,보행자,남,78세,중상
2021080700100099,2021년 8월 7일 10시,토요일,서울특별시 광진구 구의동,중상사고,0,1,0,0,차대사람 - 기타,안전운전불이행,포장 - 건조,맑음,기타 - 기타,승용,남,42세,상해없음,보행자,남,2세,중상
2021080700100130,2021년 8월 7일 11시,토요일,서울특별시 동대문구 장안동,경상사고,0,0,1,0,차대사람 - 기타,기타,포장 - 건조,맑음,단일로 - 기타,화물,남,48세,상해없음,보행자,남,72세,경상
2021080700100131,2021년 8월 7일 11시,토요일,서울특별시 동대문구 장안동,사망사고,1,0,0,0,차대사람 - 차도통행중,안전운전불이행,포장 - 건조,맑음,단일로 - 기타,승용,남,77세,상해없음,보행자,여,83세,사망
2021080700100132,2021년 8월 7일 11시,토요일,서울특별시 마포구 서교동,경상사고,0,0,1,0,차대사람 - 횡단중,안전운전불이행,포장 - 건조,맑음,단일로 - 기타,승용,여,60세,상해없음,보행자,여,75세,경상
2021080700100249,2021년 8월 7일 14시,토요일,서울특별시 금천구 시흥동,경상사고,0,0,1,1,차대사람 - 횡단중,신호위반,포장 - 건조,맑음,단일로 - 기타,이륜,남,29세,부상신고,보행자,여,29세,경상
2021080700100314,2021년 8월 7일 16시,토요일,서울특별시 종로구 종로6가,경상사고,0,0,1,0,차대사람 - 횡단중,보행자보호의무위반,포장 - 건조,맑음,교차로 - 교차로안,승용,남,69세,상해없음,보행자,남,85세,경상
2021080700100344,2021년 8월 7일 17시,토요일,서울특별시 서대문구 남가좌동,중상사고,0,1,0,0,차대사람 - 길가장자리구역통행중,안전운전불이행,포장 - 건조,맑음,단일로 - 기타,승용,여,46세,상해없음,보행자,여,71세,중상
2021080700100347,2021년 8월 7일 17시,토요일,서울특별시 구로구 신도림동,경상사고,0,0,1,0,차대사람 - 기타,안전운전불이행,포장 - 건조,맑음,단일로 - 기타,자전거,남,43세,상해없음,보행자,여,56세,경상
2021080700100393,2021년 8월 7일 18시,토요일,서울특별시 양천구 신월동,중상사고,0,1,0,0,차대사람 - 기타,안전운전불이행,포장 - 건조,맑음,단일로 - 기타,승용,여,43세,상해없음,보행자,남,12세,중상
2021080700100459,2021년 8월 7일 20시,토요일,서울특별시 송파구 장지동,중상사고,0,1,0,0,차대사람 - 횡단중,신호위반,포장 - 건조,맑음,단일로 - 기타,이륜,남,18세,상해없음,보행자,여,23세,중상
2021080700100462,2021년 8월 7일 20시,토요일,서울특별시 강남구 대치동,경상사고,0,0,1,0,차대사람 - 기타,안전운전불이행,포장 - 건조,맑음,단일로 - 기타,자전거,남,54세,상해없음,보행자,남,63세,경상
2021080700100524,2021년 8월 7일 22시,토요일,서울특별시 관악구 봉천동,중상사고,0,1,1,0,차대사람 - 기타,신호위반,포장 - 건조,맑음,교차로 - 교차로부근,승용,남,70세,상해없음,보행자,남,51세,경상
2021080700100525,2021년 8월 7일 22시,토요일,서울특별시 강서구 염창동,중상사고,0,1,0,0,차대사람 - 차도통행중,안전운전불이행,포장 - 건조,맑음,단일로 - 기타,화물,남,56세,상해없음,보행자,남,21세,중상
2021080800100060,2021년 8월 8일 08시,일요일,서울특별시 강동구 강일동,중상사고,0,1,0,0,차대사람 - 기타,안전운전불이행,포장 - 건조,맑음,단일로 - 기타,자전거,남,47세,상해없음,보행자,여,67세,중상
2021080800100095,2021년 8월 8일 11시,일요일,서울특별시 강남구 삼성동,경상사고,0,0,1,0,차대사람 - 기타,안전운전불이행,포장 - 건조,맑음,단일로 - 기타,자전거,남,58세,상해없음,보행자,남,33세,경상
2021080800100145,2021년 8월 8일 13시,일요일,서울특별시 종로구 낙원동,중상사고,0,1,0,0,차대사람 - 기타,안전운전불이행,포장 - 건조,맑음,교차로 - 교차로부근,승용,남,69세,상해없음,보행자,남,58세,중상
2021080800100148,2021년 8월 8일 13시,일요일,서울특별시 마포구 동교동,경상사고,0,0,1,0,차대사람 - 횡단중,신호위반,포장 - 건조,맑음,단일로 - 기타,승용,남,72세,상해없음,보행자,남,50세,경상
2021080800100149,2021년 8월 8일 13시,일요일,서울특별시 영등포구 당산동5가,경상사고,0,0,1,0,차대사람 - 보도통행중,기타,포장 - 건조,맑음,기타 - 기타,특수,남,69세,상해없음,보행자,남,52세,경상
2021080800100171,2021년 8월 8일 14시,일요일,서울특별시 중랑구 망우동,경상사고,0,0,1,0,차대사람 - 기타,안전운전불이행,포장 - 건조,맑음,교차로 - 교차로부근,승용,남,69세,상해없음,보행자,남,33세,경상
2021080800100226,2021년 8월 8일 16시,일요일,서울특별시 중랑구 면목동,경상사고,0,0,1,0,차대사람 - 기타,안전운전불이행,포장 - 건조,맑음,단일로 - 지하차도(도로)내,승용,여,44세,상해없음,보행자,남,69세,경상
2021080800100248,2021년 8월 8일 17시,일요일,서울특별시 용산구 보광동,경상사고,0,0,1,0,차대사람 - 기타,안전운전불이행,포장 - 건조,흐림,단일로 - 기타,이륜,남,55세,상해없음,보행자,여,55세,경상
2021080800100251,2021년 8월 8일 17시,일요일,서울특별시 강서구 마곡동,경상사고,0,0,1,0,차대사람 - 횡단중,보행자보호의무위반,포장 - 젖음/습기,비,교차로 - 교차로횡단보도내,기타불명,기타불명,미분류,기타불명,보행자,여,16세,경상
2021080800100284,2021년 8월 8일 18시,일요일,서울특별시 관악구 남현동,경상사고,0,0,1,0,차대사람 - 횡단중,안전운전불이행,포장 - 젖음/습기,흐림,단일로 - 기타,승용,남,61세,상해없음,보행자,여,25세,경상
2021080800100320,2021년 8월 8일 19시,일요일,서울특별시 금천구 독산동,경상사고,0,0,1,0,차대사람 - 보도통행중,기타,포장 - 젖음/습기,비,기타 - 기타,개인형이동수단(PM),남,42세,상해없음,보행자,남,25세,경상
2021080800100405,2021년 8월 8일 22시,일요일,서울특별시 종로구 종로6가,경상사고,0,0,1,0,차대사람 - 보도통행중,안전운전불이행,포장 - 건조,맑음,교차로 - 교차로횡단보도내,화물,남,65세,상해없음,보행자,남,23세,경상
2021080800100420,2021년 8월 8일 23시,일요일,서울특별시 은평구 신사동,경상사고,0,0,1,0,차대사람 - 횡단중,불법유턴,포장 - 건조,맑음,교차로 - 교차로안,승용,남,61세,상해없음,보행자,여,21세,경상
2021080800100423,2021년 8월 8일 23시,일요일,서울특별시 동작구 신대방동,경상사고,0,0,1,0,차대사람 - 횡단중,보행자보호의무위반,포장 - 젖음/습기,흐림,교차로 - 교차로횡단보도내,승용,남,79세,상해없음,보행자,여,31세,경상
2021080900100073,2021년 8월 9일 08시,월요일,서울특별시 강남구 도곡동,중상사고,0,1,0,0,차대사람 - 기타,보행자보호의무위반,포장 - 건조,맑음,교차로 - 교차로횡단보도내,승용,남,28세,상해없음,보행자,여,24세,중상
2021080900100118,2021년 8월 9일 09시,월요일,서울특별시 동대문구 답십리동,경상사고,0,0,1,0,차대사람 - 기타,안전운전불이행,포장 - 기타,맑음,단일로 - 기타,승용,남,68세,상해없음,보행자,남,38세,경상
2021080900100152,2021년 8월 9일 10시,월요일,서울특별시 영등포구 신길동,중상사고,0,1,0,0,차대사람 - 기타,안전운전불이행,포장 - 건조,맑음,단일로 - 기타,승용,여,40세,상해없음,보행자,남,76세,중상
2021080900100155,2021년 8월 9일 10시,월요일,서울특별시 노원구 상계동,중상사고,0,1,0,0,차대사람 - 보도통행중,보행자보호의무위반,포장 - 건조,맑음,교차로 - 교차로부근,승용,남,32세,상해없음,보행자,여,31세,중상
2021080900100223,2021년 8월 9일 12시,월요일,서울특별시 서대문구 창천동,경상사고,0,0,1,0,차대사람 - 차도통행중,안전운전불이행,포장 - 건조,맑음,단일로 - 기타,자전거,남,24세,상해없음,보행자,여,73세,경상
2021080900100228,2021년 8월 9일 12시,월요일,서울특별시 구로구 구로동,중상사고,0,1,0,0,차대사람 - 기타,안전운전불이행,포장 - 건조,맑음,단일로 - 기타,승용,남,50세,상해없음,보행자,남,64세,중상
2021080900100259,2021년 8월 9일 13시,월요일,서울특별시 강북구 미아동,경상사고,0,0,1,0,차대사람 - 횡단중,신호위반,포장 - 건조,맑음,단일로 - 기타,승용,남,74세,상해없음,보행자,여,17세,경상
2021080900100290,2021년 8월 9일 14시,월요일,서울특별시 강북구 미아동,중상사고,0,1,0,0,차대사람 - 길가장자리구역통행중,안전운전불이행,포장 - 건조,맑음,교차로 - 교차로안,승용,남,62세,상해없음,보행자,여,85세,중상
2021080900100327,2021년 8월 9일 15시,월요일,서울특별시 종로구 동숭동,경상사고,0,0,1,0,차대사람 - 기타,안전운전불이행,포장 - 건조,맑음,교차로 - 교차로부근,승용,여,51세,상해없음,보행자,여,24세,경상
2021080900100329,2021년 8월 9일 15시,월요일,서울특별시 중랑구 면목동,경상사고,0,0,1,0,차대사람 - 기타,안전운전불이행,포장 - 건조,맑음,교차로 - 교차로부근,승용,남,39세,상해없음,보행자,여,48세,경상
2021080900100363,2021년 8월 9일 16시,월요일,서울특별시 동대문구 장안동,경상사고,0,0,1,0,차대사람 - 차도통행중,안전운전불이행,포장 - 건조,흐림,교차로 - 교차로부근,승용,남,34세,상해없음,보행자,남,35세,경상
2021080900100365,2021년 8월 9일 16시,월요일,서울특별시 영등포구 문래동2가,부상신고사고,0,0,0,1,차대사람 - 차도통행중,안전운전불이행,포장 - 기타,기타,단일로 - 기타,이륜,남,48세,상해없음,보행자,여,67세,부상신고
2021080900100408,2021년 8월 9일 17시,월요일,서울특별시 용산구 용산동3가,경상사고,0,0,1,0,차대사람 - 기타,안전운전불이행,포장 - 건조,맑음,단일로 - 기타,승용,남,60세,상해없음,보행자,남,49세,경상
2021080900100456,2021년 8월 9일 18시,월요일,서울특별시 강북구 수유동,중상사고,0,1,0,0,차대사람 - 기타,안전운전불이행,포장 - 건조,맑음,단일로 - 기타,승용,여,41세,상해없음,보행자,남,6세,중상
2021080900100458,2021년 8월 9일 18시,월요일,서울특별시 동작구 사당동,경상사고,0,0,1,0,차대사람 - 기타,안전운전불이행,포장 - 건조,맑음,단일로 - 기타,개인형이동수단(PM),남,37세,상해없음,보행자,여,48세,경상
2021080900100530,2021년 8월 9일 20시,월요일,서울특별시 구로구 항동,경상사고,0,0,1,0,차대사람 - 횡단중,안전운전불이행,포장 - 건조,맑음,교차로 - 교차로안,승용,남,25세,상해없음,보행자,여,67세,경상
2021080900100553,2021년 8월 9일 21시,월요일,서울특별시 용산구 용산동2가,경상사고,0,0,1,0,차대사람 - 기타,안전운전불이행,포장 - 건조,맑음,기타 - 기타,이륜,남,63세,상해없음,보행자,남,34세,경상
2021080900100556,2021년 8월 9일 21시,월요일,서울특별시 영등포구 당산동5가,경상사고,0,0,1,0,차대사람 - 횡단중,신호위반,포장 - 건조,맑음,단일로 - 기타,이륜,남,44세,상해없음,보행자,여,30세,경상
2021080900100579,2021년 8월 9일 22시,월요일,서울특별시 성북구 길음동,경상사고,0,0,1,0,차대사람 - 횡단중,신호위반,포장 - 건조,맑음,단일로 - 기타,이륜,남,25세,상해없음,보행자,남,19세,경상
2021080900100584,2021년 8월 9일 22시,월요일,서울특별시 강서구 방화동,중상사고,0,1,0,0,차대사람 - 기타,안전운전불이행,포장 - 건조,맑음,교차로 - 교차로부근,화물,남,51세,상해없음,보행자,남,31세,중상
2021081000100026,2021년 8월 10일 06시,화요일,서울특별시 송파구 풍납동,중상사고,0,1,0,0,차대사람 - 횡단중,보행자보호의무위반,포장 - 건조,맑음,교차로 - 교차로횡단보도내,승용,남,47세,상해없음,보행자,여,87세,중상
2021081000100027,2021년 8월 10일 06시,화요일,서울특별시 서초구 반포동,중상사고,0,1,0,0,차대사람 - 기타,안전운전불이행,포장 - 건조,흐림,주차장 - 주차장,화물,남,57세,상해없음,보행자,여,80세,중상
2021081000100039,2021년 8월 10일 07시,화요일,서울특별시 금천구 시흥동,부상신고사고,0,0,0,1,차대사람 - 기타,안전운전불이행,포장 - 건조,맑음,단일로 - 기타,자전거,남,48세,상해없음,보행자,남,68세,부상신고
2021081000100052,2021년 8월 10일 08시,화요일,서울특별시 중랑구 상봉동,중상사고,0,1,0,0,차대사람 - 길가장자리구역통행중,안전운전불이행,포장 - 건조,맑음,단일로 - 기타,승용,남,62세,상해없음,보행자,남,80세,중상
2021081000100077,2021년 8월 10일 09시,화요일,서울특별시 노원구 월계동,중상사고,0,1,0,0,차대사람 - 차도통행중,중앙선침범,포장 - 건조,맑음,단일로 - 기타,화물,남,67세,상해없음,보행자,여,78세,중상
2021081000100102,2021년 8월 10일 10시,화요일,서울특별시 영등포구 영등포동,중상사고,0,1,0,0,차대사람 - 횡단중,안전운전불이행,포장 - 건조,맑음,단일로 - 기타,승용,여,34세,상해없음,보행자,여,62세,중상
2021081000100106,2021년 8월 10일 10시,화요일,서울특별시 강남구 개포동,중상사고,0,1,0,0,차대사람 - 횡단중,안전운전불이행,포장 - 건조,맑음,교차로 - 교차로안,승용,남,37세,상해없음,보행자,여,66세,중상
2021081000100178,2021년 8월 10일 12시,화요일,서울특별시 중랑구 묵동,경상사고,0,0,1,0,차대사람 - 기타,안전운전불이행,포장 - 건조,맑음,교차로 - 교차로부근,기타불명,남,56세,상해없음,보행자,남,41세,경상
2021081000100248,2021년 8월 10일 14시,화요일,서울특별시 중구 을지로6가,경상사고,0,0,1,0,차대사람 - 기타,신호위반,포장 - 건조,맑음,단일로 - 기타,자전거,남,73세,기타불명,보행자,여,41세,경상
2021081000100318,2021년 8월 10일 16시,화요일,서울특별시 관악구 신림동,경상사고,0,0,1,0,차대사람 - 기타,안전운전불이행,포장 - 건조,맑음,기타 - 기타,승용,남,61세,상해없음,보행자,남,31세,경상
2021081000100379,2021년 8월 10일 18시,화요일,서울특별시 동대문구 장안동,중상사고,0,1,0,0,차대사람 - 횡단중,안전운전불이행,포장 - 건조,맑음,단일로 - 기타,승용,남,47세,상해없음,보행자,남,14세,중상
2021081000100384,2021년 8월 10일 18시,화요일,서울특별시 노원구 상계동,경상사고,0,0,1,0,차대사람 - 기타,기타,포장 - 건조,맑음,단일로 - 기타,승합,남,47세,상해없음,보행자,여,53세,경상
2021081000100428,2021년 8월 10일 19시,화요일,서울특별시 송파구 방이동,경상사고,0,0,1,0,차대사람 - 길가장자리구역통행중,안전운전불이행,포장 - 건조,맑음,단일로 - 기타,승용,남,59세,상해없음,보행자,여,29세,경상
2021081000100470,2021년 8월 10일 20시,화요일,서울특별시 강남구 대치동,부상신고사고,0,0,0,1,차대사람 - 기타,안전운전불이행,포장 - 건조,맑음,단일로 - 기타,기타불명,기타불명,미분류,기타불명,보행자,남,56세,부상신고
2021081000100500,2021년 8월 10일 21시,화요일,서울특별시 중랑구 면목동,경상사고,0,0,1,0,차대사람 - 횡단중,안전운전불이행,포장 - 건조,맑음,교차로 - 교차로부근,승용,여,41세,상해없음,보행자,여,48세,경상
2021081000100524,2021년 8월 10일 22시,화요일,서울특별시 강북구 수유동,경상사고,0,0,1,0,차대사람 - 횡단중,안전운전불이행,포장 - 건조,맑음,단일로 - 기타,승용,남,52세,상해없음,보행자,남,41세,경상
2021081000100525,2021년 8월 10일 22시,화요일,서울특별시 관악구 신림동,경상사고,0,0,1,0,차대사람 - 기타,안전운전불이행,포장 - 건조,맑음,단일로 - 기타,승용,여,30세,상해없음,보행자,남,19세,경상
2021081000100528,2021년 8월 10일 22시,화요일,서울특별시 송파구 송파동,경상사고,0,0,1,1,차대사람 - 기타,안전운전불이행,포장 - 건조,맑음,단일로 - 기타,자전거,남,63세,부상신고,보행자,여,61세,경상
2021081000100529,2021년 8월 10일 22시,화요일,서울특별시 서초구 서초동,부상신고사고,0,0,0,1,차대사람 - 횡단중,보행자보호의무위반,포장 - 건조,맑음,교차로 - 교차로횡단보도내,기타불명,기타불명,미분류,기타불명,보행자,여,44세,부상신고
2021081100100016,2021년 8월 11일 04시,수요일,서울특별시 노원구 상계동,경상사고,0,0,1,0,차대사람 - 횡단중,안전운전불이행,포장 - 건조,맑음,단일로 - 기타,승용,남,75세,상해없음,보행자,여,51세,경상
2021081100100044,2021년 8월 11일 07시,수요일,서울특별시 양천구 신월동,중상사고,0,1,0,0,차대사람 - 기타,안전운전불이행,포장 - 건조,맑음,교차로 - 교차로안,화물,남,42세,상해없음,보행자,여,77세,중상
2021081100100124,2021년 8월 11일 10시,수요일,서울특별시 동작구 상도동,경상사고,0,0,1,0,차대사람 - 기타,안전운전불이행,포장 - 건조,맑음,교차로 - 교차로안,화물,남,55세,상해없음,보행자,여,53세,경상
2021081100100185,2021년 8월 11일 12시,수요일,서울특별시 종로구 동숭동,경상사고,0,0,1,0,차대사람 - 보도통행중,기타,포장 - 건조,맑음,단일로 - 기타,자전거,남,77세,상해없음,보행자,여,35세,경상
2021081100100189,2021년 8월 11일 12시,수요일,서울특별시 송파구 거여동,부상신고사고,0,0,0,1,차대사람 - 차도통행중,안전운전불이행,포장 - 건조,맑음,단일로 - 기타,승용,남,54세,상해없음,보행자,남,32세,부상신고
2021081100100270,2021년 8월 11일 15시,수요일,서울특별시 동대문구 제기동,경상사고,0,0,1,0,차대사람 - 기타,안전운전불이행,포장 - 건조,맑음,단일로 - 기타,화물,남,58세,상해없음,보행자,남,51세,경상