사고번호,사고일시,요일,시군구,사고내용,사망자수,중상자수,경상자수,부상신고자수,사고유형,법규위반,노면상태,기상상태,도로형태,가해운전자 차종,가해운전자 성별,가해운전자 연령,가해운전자 상해정도,피해운전자 차종,피해운전자 성별,피해운전자 연령,피해운전자 상해정도
2021090100100108,2021년 9월 1일 10시,수요일,서울특별시 강북구 미아동,경상사고,0,0,1,0,차대사람 - 횡단중,안전운전불이행,포장 - 건조,맑음,교차로 - 교차로부근,승용,남,52세,상해없음,보행자,남,72세,경상
2021090100100167,2021년 9월 1일 12시,수요일,서울특별시 금천구 시흥동,경상사고,0,0,1,0,차대사람 - 기타,안전운전불이행,포장 - 기타,비,교차로 - 교차로안,화물,남,25세,상해없음,보행자,여,61세,경상
2021090100100205,2021년 9월 1일 13시,수요일,서울특별시 구로구 구로동,경상사고,0,0,1,0,차대사람 - 기타,안전운전불이행,포장 - 건조,맑음,단일로 - 기타,승용,남,37세,상해없음,보행자,남,41세,경상
2021090100100206,2021년 9월 1일 13시,수요일,서울특별시 강남구 역삼동,중상사고,0,1,0,0,차대사람 - 기타,안전운전불이행,포장 - 건조,맑음,단일로 - 기타,승용,여,27세,상해없음,보행자,여,35세,중상
2021090100100237,2021년 9월 1일 14시,수요일,서울특별시 영등포구 도림동,경상사고,0,0,1,0,차대사람 - 횡단중,안전운전불이행,포장 - 건조,맑음,단일로 - 기타,이륜,남,29세,기타불명,보행자,남,9세,경상
2021090100100238,2021년 9월 1일 14시,수요일,서울특별시 강남구 청담동,중상사고,0,1,0,0,차대사람 - 기타,기타,포장 - 건조,맑음,기타 - 기타,승용,여,49세,상해없음,보행자,여,23세,중상
2021090100100239,2021년 9월 1일 14시,수요일,서울특별시 강서구 마곡동,중상사고,0,1,0,0,차대사람 - 횡단중,안전운전불이행,포장 - 건조,맑음,교차로 - 교차로횡단보도내,특수,남,32세,상해없음,보행자,여,47세,중상
2021090100100242,2021년 9월 1일 14시,수요일,서울특별시 도봉구 쌍문동,중상사고,0,1,0,0,차대사람 - 횡단중,보행자보호의무위반,포장 - 건조,맑음,교차로 - 교차로안,화물,남,60세,상해없음,보행자,남,68세,중상
2021090100100276,2021년 9월 1일 15시,수요일,서울특별시 중랑구 면목동,중상사고,0,1,0,0,차대사람 - 보도통행중,기타,포장 - 건조,맑음,단일로 - 기타,승합,남,53세,상해없음,보행자,여,80세,중상
2021090100100340,2021년 9월 1일 17시,수요일,서울특별시 강북구 수유동,경상사고,0,0,1,0,차대사람 - 기타,신호위반,포장 - 건조,맑음,단일로 - 기타,승합,남,59세,상해없음,보행자,남,83세,경상
2021090100100342,2021년 9월 1일 17시,수요일,서울특별시 도봉구 창동,경상사고,0,0,1,0,차대사람 - 차도통행중,안전운전불이행,포장 - 건조,맑음,단일로 - 기타,승용,남,74세,상해없음,보행자,여,11세,경상
2021090100100513,2021년 9월 1일 22시,수요일,서울특별시 성동구 용답동,경상사고,0,0,1,0,차대사람 - 횡단중,보행자보호의무위반,포장 - 건조,맑음,단일로 - 기타,승용,여,59세,상해없음,보행자,여,28세,경상
2021090200100014,2021년 9월 2일 03시,목요일,서울특별시 도봉구 창동,경상사고,0,0,1,0,차대사람 - 횡단중,보행자보호의무위반,포장 - 건조,맑음,교차로 - 교차로횡단보도내,승용,남,72세,상해없음,보행자,여,34세,경상
2021090200100038,2021년 9월 2일 07시,목요일,서울특별시 양천구 신정동,경상사고,0,0,1,0,차대사람 - 기타,보행자보호의무위반,포장 - 건조,흐림,단일로 - 기타,승용,여,45세,상해없음,보행자,남,58세,경상
2021090200100123,2021년 9월 2일 10시,목요일,서울특별시 강남구 대치동,부상신고사고,0,0,0,1,차대사람 - 기타,안전운전불이행,포장 - 건조,맑음,단일로 - 기타,승용,여,35세,상해없음,보행자,여,48세,부상신고
2021090200100151,2021년 9월 2일 11시,목요일,서울특별시 서대문구 홍은동,중상사고,0,1,0,0,차대사람 - 기타,안전운전불이행,포장 - 건조,맑음,교차로 - 교차로부근,이륜,남,86세,상해없음,보행자,여,83세,중상
2021090200100178,2021년 9월 2일 12시,목요일,서울특별시 강남구 역삼동,경상사고,0,0,1,0,차대사람 - 기타,안전운전불이행,포장 - 건조,맑음,단일로 - 기타,승용,남,68세,상해없음,보행자,여,35세,경상
2021090200100231,2021년 9월 2일 14시,목요일,서울특별시 서대문구 홍제동,중상사고,0,1,0,0,차대사람 - 차도통행중,안전운전불이행,포장 - 건조,흐림,단일로 - 기타,화물,남,62세,상해없음,보행자,여,68세,중상
2021090200100262,2021년 9월 2일 15시,목요일,서울특별시 은평구 응암동,경상사고,0,0,1,0,차대사람 - 기타,기타,포장 - 건조,맑음,단일로 - 기타,승합,남,59세,기타불명,보행자,여,64세,경상
2021090200100337,2021년 9월 2일 17시,목요일,서울특별시 영등포구 대림동,경상사고,0,0,1,0,차대사람 - 기타,안전운전불이행,포장 - 건조,맑음,교차로 - 교차로부근,승용,남,31세,상해없음,보행자,여,59세,경상
2021090200100338,2021년 9월 2일 17시,목요일,서울특별시 동작구 상도1동,경상사고,0,0,2,0,차대사람 - 기타,안전운전불이행,포장 - 건조,맑음,단일로 - 기타,승용,남,65세,상해없음,보행자,여,38세,경상
2021090200100387,2021년 9월 2일 18시,목요일,서울특별시 강남구 논현동,경상사고,0,0,1,0,차대사람 - 기타,안전운전불이행,포장 - 건조,맑음,단일로 - 기타,승용,남,40세,상해없음,보행자,남,38세,경상
2021090200100439,2021년 9월 2일 19시,목요일,서울특별시 중랑구 망우동,경상사고,0,0,1,0,차대사람 - 횡단중,안전운전불이행,포장 - 건조,흐림,교차로 - 교차로부근,승용,남,36세,상해없음,보행자,여,14세,경상
2021090200100440,2021년 9월 2일 19시,목요일,서울특별시 강서구 화곡동,중상사고,0,1,0,1,차대사람 - 보도통행중,보행자보호의무위반,포장 - 건조,맑음,교차로 - 교차로횡단보도내,승용,남,39세,상해없음,보행자,남,74세,중상
2021090200100472,2021년 9월 2일 20시,목요일,서울특별시 동대문구 답십리동,중상사고,0,1,0,0,차대사람 - 횡단중,보행자보호의무위반,포장 - 건조,맑음,교차로 - 교차로횡단보도내,승합,여,68세,상해없음,보행자,남,65세,중상
2021090200100476,2021년 9월 2일 20시,목요일,서울특별시 강서구 공항동,경상사고,0,0,1,0,차대사람 - 보도통행중,기타,포장 - 건조,맑음,단일로 - 기타,기타불명,기타불명,미분류,기타불명,보행자,여,24세,경상
2021090200100504,2021년 9월 2일 21시,목요일,서울특별시 동대문구 제기동,경상사고,0,0,1,0,차대사람 - 기타,안전운전불이행,포장 - 건조,맑음,단일로 - 기타,승용,남,62세,상해없음,보행자,남,57세,경상
2021090200100507,2021년 9월 2일 21시,목요일,서울특별시 영등포구 신길동,경상사고,0,0,1,0,차대사람 - 기타,기타,포장 - 건조,맑음,단일로 - 기타,승합,남,52세,기타불명,보행자,여,63세,경상
2021090200100532,2021년 9월 2일 22시,목요일,서울특별시 금천구 독산동,경상사고,0,0,1,0,차대사람 - 보도통행중,기타,포장 - 건조,맑음,단일로 - 기타,자전거,여,36세,상해없음,보행자,여,23세,경상
2021090200100533,2021년 9월 2일 22시,목요일,서울특별시 관악구 신림동,경상사고,0,0,1,0,차대사람 - 기타,안전운전불이행,포장 - 건조,맑음,교차로 - 교차로부근,승용,여,19세,상해없음,보행자,남,61세,경상
2021090300100004,2021년 9월 3일 00시,금요일,서울특별시 서초구 서초동,중상사고,0,1,0,0,차대사람 - 횡단중,안전운전불이행,포장 - 건조,흐림,단일로 - 기타,이륜,남,31세,상해없음,보행자,남,33세,중상
2021090300100020,2021년 9월 3일 04시,금요일,서울특별시 강북구 번동,경상사고,0,0,1,0,차대사람 - 기타,안전운전불이행,포장 - 건조,맑음,교차로 - 교차로안,이륜,남,47세,상해없음,보행자,여,54세,경상
2021090300100024,2021년 9월 3일 05시,금요일,서울특별시 구로구 가리봉동,중상사고,0,1,0,0,차대사람 - 횡단중,신호위반,포장 - 건조,맑음,교차로 - 교차로안,승합,남,35세,상해없음,보행자,남,58세,중상
2021090300100026,2021년 9월 3일 05시,금요일,서울특별시 노원구 중계동,경상사고,0,0,1,0,차대사람 - 기타,안전운전불이행,포장 - 건조,맑음,교차로 - 교차로부근,승용,남,68세,상해없음,보행자,남,30세,경상
2021090300100065,2021년 9월 3일 08시,금요일,서울특별시 영등포구 도림동,경상사고,0,0,1,0,차대사람 - 기타,안전운전불이행,포장 - 건조,맑음,교차로 - 교차로안,승용,여,63세,상해없음,보행자,여,21세,경상
2021090300100066,2021년 9월 3일 08시,금요일,서울특별시 강서구 화곡동,중상사고,0,1,0,1,차대사람 - 기타,기타,포장 - 건조,맑음,단일로 - 기타,자전거,남,74세,상해없음,보행자,여,57세,중상
2021090300100068,2021년 9월 3일 08시,금요일,서울특별시 도봉구 쌍문동,경상사고,0,0,1,0,차대사람 - 기타,안전운전불이행,포장 - 건조,맑음,단일로 - 기타,승용,여,54세,상해없음,보행자,여,29세,경상
2021090300100134,2021년 9월 3일 10시,금요일,서울특별시 서초구 양재동,경상사고,0,0,1,0,차대사람 - 차도통행중,안전운전불이행,포장 - 건조,맑음,기타 - 기타,승용,여,44세,상해없음,보행자,여,31세,경상
2021090300100174,2021년 9월 3일 12시,금요일,서울특별시 강남구 논현동,경상사고,0,0,1,0,차대사람 - 보도통행중,기타,포장 - 건조,맑음,기타 - 기타,승용,여,35세,상해없음,보행자,남,36세,경상
2021090300100176,2021년 9월 3일 12시,금요일,서울특별시 양천구 목동,경상사고,0,0,1,0,차대사람 - 횡단중,보행자보호의무위반,포장 - 건조,맑음,단일로 - 기타,이륜,남,22세,상해없음,보행자,여,6세,경상
2021090300100238,2021년 9월 3일 14시,금요일,서울특별시 송파구 송파동,경상사고,0,0,1,0,차대사람 - 횡단중,보행자보호의무위반,포장 - 건조,흐림,교차로 - 교차로횡단보도내,승용,남,52세,상해없음,보행자,남,8세,경상
2021090300100268,2021년 9월 3일 15시,금요일,서울특별시 강북구 미아동,중상사고,0,1,0,0,차대사람 - 횡단중,신호위반,포장 - 건조,맑음,교차로 - 교차로횡단보도내,이륜,남,24세,기타불명,보행자,남,10세,중상
2021090300100269,2021년 9월 3일 15시,금요일,서울특별시 광진구 중곡동,경상사고,0,0,1,0,차대사람 - 기타,안전운전불이행,포장 - 건조,맑음,교차로 - 교차로안,승용,남,59세,상해없음,보행자,여,65세,경상
2021090300100294,2021년 9월 3일 16시,금요일,서울특별시 동작구 흑석동,경상사고,0,0,1,0,차대사람 - 기타,안전운전불이행,포장 - 건조,맑음,단일로 - 기타,이륜,남,19세,상해없음,보행자,남,53세,경상
2021090300100296,2021년 9월 3일 16시,금요일,서울특별시 중랑구 면목동,경상사고,0,0,1,0,차대사람 - 기타,안전운전불이행,포장 - 건조,맑음,단일로 - 기타,승합,남,47세,상해없음,보행자,남,46세,경상
2021090300100340,2021년 9월 3일 17시,금요일,서울특별시 은평구 신사동,경상사고,0,0,1,0,차대사람 - 기타,기타,포장 - 건조,맑음,기타 - 기타,이륜,여,28세,상해없음,보행자,여,15세,경상
2021090300100343,2021년 9월 3일 17시,금요일,서울특별시 송파구 송파동,부상신고사고,0,0,0,1,차대사람 - 기타,안전운전불이행,포장 - 건조,맑음,단일로 - 기타,개인형이동수단(PM),남,51세,상해없음,보행자,여,69세,부상신고
2021090300100499,2021년 9월 3일 20시,금요일,서울특별시 광진구 화양동,경상사고,0,0,1,0,차대사람 - 기타,안전운전불이행,포장 - 젖음/습기,맑음,단일로 - 기타,화물,남,28세,상해없음,보행자,여,58세,경상
2021090300100538,2021년 9월 3일 21시,금요일,서울특별시 영등포구 양평동3가,중상사고,0,1,0,0,차대사람 - 횡단중,안전운전불이행,포장 - 건조,맑음,단일로 - 기타,승용,남,60세,상해없음,보행자,남,25세,중상
2021090300100576,2021년 9월 3일 22시,금요일,서울특별시 영등포구 영등포동3가,부상신고사고,0,0,0,1,차대사람 - 기타,안전운전불이행,포장 - 기타,기타,단일로 - 기타,승용,남,44세,상해없음,보행자,남,18세,부상신고
2021090300100603,2021년 9월 3일 23시,금요일,서울특별시 용산구 한강로1가,경상사고,0,0,1,0,차대사람 - 횡단중,보행자보호의무위반,포장 - 건조,맑음,단일로 - 기타,승용,남,56세,상해없음,보행자,여,37세,경상
2021090400100002,2021년 9월 4일 00시,토요일,서울특별시 관악구 신림동,중상사고,0,1,0,0,차대사람 - 횡단중,보행자보호의무위반,포장 - 건조,맑음,교차로 - 교차로안,승용,남,66세,상해없음,보행자,남,29세,중상
2021090400100032,2021년 9월 4일 04시,토요일,서울특별시 노원구 중계동,중상사고,0,1,0,0,차대사람 - 기타,안전운전불이행,포장 - 건조,맑음,주차장 - 주차장,화물,남,44세,상해없음,보행자,남,27세,중상
2021090400100048,2021년 9월 4일 07시,토요일,서울특별시 서대문구 북가좌동,중상사고,0,1,0,0,차대사람 - 차도통행중,안전운전불이행,포장 - 건조,맑음,단일로 - 기타,승용,남,59세,상해없음,보행자,남,75세,중상
2021090400100073,2021년 9월 4일 09시,토요일,서울특별시 동작구 사당동,중상사고,0,1,0,0,차대사람 - 차도통행중,안전운전불이행,포장 - 건조,맑음,교차로 - 교차로안,승용,여,41세,상해없음,보행자,여,82세,중상
2021090400100077,2021년 9월 4일 09시,토요일,서울특별시 서초구 양재동,중상사고,0,1,0,0,차대사람 - 기타,보행자보호의무위반,포장 - 건조,맑음,단일로 - 기타,승용,여,51세,상해없음,보행자,남,42세,중상
2021090400100100,2021년 9월 4일 10시,토요일,서울특별시 서초구 잠원동,경상사고,0,0,1,0,차대사람 - 기타,안전운전불이행,포장 - 건조,맑음,기타 - 기타,승용,남,74세,상해없음,보행자,남,51세,경상
2021090400100173,2021년 9월 4일 12시,토요일,서울특별시 양천구 신정동,경상사고,0,0,1,0,차대사람 - 횡단중,보행자보호의무위반,포장 - 건조,맑음,단일로 - 기타,승용,여,47세,상해없음,보행자,남,7세,경상
2021090400100214,2021년 9월 4일 13시,토요일,서울특별시 강서구 등촌동,경상사고,0,0,1,0,차대사람 - 횡단중,안전운전불이행,포장 - 건조,맑음,단일로 - 기타,승용,여,30세,상해없음,보행자,남,41세,경상
2021090400100215,2021년 9월 4일 13시,토요일,서울특별시 성북구 석관동,중상사고,0,1,0,0,차대사람 - 기타,기타,포장 - 건조,맑음,기타 - 기타,승용,남,84세,상해없음,보행자,남,61세,중상
2021090400100366,2021년 9월 4일 18시,토요일,서울특별시 동작구 동작동,경상사고,0,0,1,0,차대사람 - 기타,안전운전불이행,포장 - 건조,맑음,단일로 - 기타,자전거,남,48세,상해없음,보행자,남,70세,경상
2021090400100402,2021년 9월 4일 19시,토요일,서울특별시 관악구 봉천동,경상사고,0,0,1,0,차대사람 - 횡단중,안전운전불이행,포장 - 건조,맑음,교차로 - 교차로안,이륜,남,16세,상해없음,보행자,남,65세,경상
2021090400100404,2021년 9월 4일 19시,토요일,서울특별시 구로구 고척동,경상사고,0,0,1,0,차대사람 - 횡단중,보행자보호의무위반,포장 - 건조,맑음,단일로 - 기타,승용,남,46세,상해없음,보행자,남,23세,경상
2021090400100484,2021년 9월 4일 22시,토요일,서울특별시 서초구 반포동,경상사고,0,0,1,0,차대사람 - 기타,안전운전불이행,포장 - 건조,맑음,교차로 - 교차로부근,승용,남,68세,상해없음,보행자,여,25세,경상
2021090500100149,2021년 9월 5일 14시,일요일,서울특별시 성북구 동선동1가,중상사고,0,1,0,0,차대사람 - 기타,안전운전불이행,포장 - 건조,맑음,단일로 - 기타,승합,남,56세,상해없음,보행자,여,71세,중상
2021090500100189,2021년 9월 5일 15시,일요일,서울특별시 양천구 목동,중상사고,0,1,0,0,차대사람 - 기타,기타,포장 - 건조,맑음,단일로 - 기타,승합,남,61세,상해없음,보행자,여,81세,중상
2021090500100224,2021년 9월 5일 16시,일요일,서울특별시 강북구 수유동,중상사고,0,1,0,0,차대사람 - 기타,안전운전불이행,포장 - 건조,맑음,교차로 - 교차로안,승용,남,36세,상해없음,보행자,여,57세,중상
2021090500100227,2021년 9월 5일 16시,일요일,서울특별시 송파구 석촌동,중상사고,0,1,0,0,차대사람 - 차도통행중,안전운전불이행,포장 - 건조,맑음,단일로 - 기타,화물,남,54세,상해없음,보행자,여,33세,중상
2021090500100228,2021년 9월 5일 16시,일요일,서울특별시 은평구 진관동,경상사고,0,0,1,0,차대사람 - 기타,안전운전불이행,포장 - 건조,맑음,단일로 - 기타,승용,여,56세,상해없음,보행자,여,68세,경상
2021090500100276,2021년 9월 5일 18시,일요일,서울특별시 서대문구 충정로3가,경상사고,0,0,1,0,차대사람 - 횡단중,신호위반,포장 - 건조,맑음,교차로 - 교차로횡단보도내,이륜,남,40세,상해없음,보행자,여,27세,경상
2021090500100277,2021년 9월 5일 18시,일요일,서울특별시 마포구 서교동,경상사고,0,0,1,0,차대사람 - 길가장자리구역통행중,안전운전불이행,포장 - 건조,맑음,단일로 - 기타,기타불명,기타불명,미분류,기타불명,보행자,남,25세,경상
2021090500100279,2021년 9월 5일 18시,일요일,서울특별시 중랑구 묵동,중상사고,0,1,0,0,차대사람 - 횡단중,신호위반,포장 - 건조,맑음,교차로 - 교차로횡단보도내,이륜,남,31세,상해없음,보행자,여,49세,중상
2021090500100344,2021년 9월 5일 20시,일요일,서울특별시 강서구 화곡동,경상사고,0,0,1,0,차대사람 - 기타,안전운전불이행,포장 - 건조,맑음,교차로 - 교차로안,승용,여,45세,상해없음,보행자,여,35세,경상
2021090500100345,2021년 9월 5일 20시,일요일,서울특별시 강남구 대치동,부상신고사고,0,0,0,1,차대사람 - 기타,안전운전불이행,포장 - 건조,맑음,교차로 - 교차로부근,특수,남,44세,상해없음,보행자,여,30세,부상신고
2021090500100382,2021년 9월 5일 21시,일요일,서울특별시 서초구 반포동,경상사고,0,0,1,0,차대사람 - 횡단중,보행자보호의무위반,포장 - 건조,흐림,단일로 - 기타,승용,남,56세,상해없음,보행자,남,39세,경상
2021090500100400,2021년 9월 5일 22시,일요일,서울특별시 성동구 사근동,중상사고,0,1,0,0,차대사람 - 기타,안전운전불이행,포장 - 건조,기타,단일로 - 기타,자전거,남,15세,상해없음,보행자,여,46세,중상
2021090600100033,2021년 9월 6일 06시,월요일,서울특별시 송파구 가락동,중상사고,0,1,0,0,차대사람 - 횡단중,안전운전불이행,포장 - 건조,맑음,단일로 - 기타,화물,남,53세,상해없음,보행자,남,80세,중상
2021090600100046,2021년 9월 6일 07시,월요일,서울특별시 강북구 수유동,경상사고,0,0,1,0,차대사람 - 기타,안전운전불이행,포장 - 건조,맑음,단일로 - 기타,승용,남,63세,상해없음,보행자,남,69세,경상
2021090600100047,2021년 9월 6일 07시,월요일,서울특별시 마포구 상암동,경상사고,0,0,1,0,차대사람 - 기타,안전운전불이행,포장 - 건조,맑음,단일로 - 기타,승용,남,50세,상해없음,보행자,남,40세,경상
2021090600100076,2021년 9월 6일 08시,월요일,서울특별시 노원구 공릉동,경상사고,0,0,1,0,차대사람 - 기타,안전운전불이행,포장 - 젖음/습기,비,단일로 - 기타,승용,남,49세,상해없음,보행자,여,42세,경상
2021090600100123,2021년 9월 6일 09시,월요일,서울특별시 용산구 청파동2가,경상사고,0,0,1,0,차대사람 - 기타,안전운전불이행,포장 - 건조,맑음,교차로 - 교차로안,승용,남,76세,상해없음,보행자,여,37세,경상
2021090600100161,2021년 9월 6일 10시,월요일,서울특별시 중랑구 망우동,경상사고,0,0,1,0,차대사람 - 기타,안전운전불이행,포장 - 건조,맑음,교차로 - 교차로안,승용,남,54세,상해없음,보행자,여,30세,경상
2021090600100162,2021년 9월 6일 10시,월요일,서울특별시 관악구 봉천동,중상사고,0,2,0,0,차대사람 - 기타,안전운전불이행,포장 - 건조,맑음,교차로 - 교차로부근,승용,여,62세,상해없음,보행자,여,62세,중상
2021090600100163,2021년 9월 6일 10시,월요일,서울특별시 관악구 신림동,경상사고,0,0,1,0,차대사람 - 기타,안전운전불이행,포장 - 건조,맑음,단일로 - 기타,승용,남,73세,상해없음,보행자,여,65세,경상
2021090600100200,2021년 9월 6일 11시,월요일,서울특별시 강남구 논현동,중상사고,0,1,0,0,차대사람 - 기타,교차로운행방법위반,포장 - 건조,흐림,교차로 - 교차로부근,승용,남,41세,상해없음,보행자,남,76세,중상
2021090600100233,2021년 9월 6일 12시,월요일,서울특별시 서대문구 홍제동,경상사고,0,0,1,0,차대사람 - 기타,안전운전불이행,포장 - 건조,흐림,단일로 - 기타,승용,남,54세,상해없음,보행자,남,57세,경상
2021090600100295,2021년 9월 6일 14시,월요일,서울특별시 용산구 남영동,경상사고,0,0,1,0,차대사람 - 기타,안전운전불이행,포장 - 건조,맑음,단일로 - 기타,승용,남,73세,상해없음,보행자,여,22세,경상
2021090600100296,2021년 9월 6일 14시,월요일,서울특별시 동대문구 제기동,경상사고,0,0,1,0,차대사람 - 기타,안전운전불이행,포장 - 기타,맑음,단일로 - 기타,승용,남,56세,상해없음,보행자,여,66세,경상
2021090600100330,2021년 9월 6일 15시,월요일,서울특별시 강서구 화곡동,중상사고,0,1,0,0,차대사람 - 차도통행중,안전운전불이행,포장 - 건조,맑음,교차로 - 교차로안,자전거,남,15세,상해없음,보행자,남,69세,중상
2021090600100364,2021년 9월 6일 16시,월요일,서울특별시 금천구 독산동,경상사고,0,0,1,0,차대사람 - 기타,안전운전불이행,포장 - 건조,흐림,단일로 - 기타,승용,남,31세,상해없음,보행자,남,61세,경상
2021090600100366,2021년 9월 6일 16시,월요일,서울특별시 강서구 내발산동,중상사고,0,1,0,0,차대사람 - 횡단중,보행자보호의무위반,포장 - 건조,흐림,교차로 - 교차로횡단보도내,승합,남,61세,상해없음,보행자,여,60세,중상
2021090600100405,2021년 9월 6일 17시,월요일,서울특별시 금천구 가산동,중상사고,0,1,0,0,차대사람 - 기타,안전운전불이행,포장 - 건조,맑음,단일로 - 기타,승용,여,32세,상해없음,보행자,남,38세,중상
2021090600100406,2021년 9월 6일 17시,월요일,서울특별시 성동구 성수동2가,경상사고,0,0,2,0,차대사람 - 기타,안전운전불이행,포장 - 젖음/습기,맑음,교차로 - 교차로안,화물,남,64세,상해없음,보행자,여,22세,경상
2021090600100445,2021년 9월 6일 18시,월요일,서울특별시 중구 중림동,중상사고,0,1,0,0,차대사람 - 기타,기타,포장 - 건조,맑음,단일로 - 기타,기타불명,기타불명,미분류,기타불명,보행자,남,65세,중상
2021090600100448,2021년 9월 6일 18시,월요일,서울특별시 강동구 천호동,중상사고,0,1,1,0,차대사람 - 기타,안전운전불이행,포장 - 젖음/습기,비,단일로 - 기타,이륜,여,31세,상해없음,보행자,남,51세,중상
2021090600100486,2021년 9월 6일 19시,월요일,서울특별시 은평구 역촌동,중상사고,0,1,0,0,차대사람 - 횡단중,안전운전불이행,포장 - 젖음/습기,비,단일로 - 기타,승용,남,75세,상해없음,보행자,남,67세,중상
2021090600100487,2021년 9월 6일 19시,월요일,서울특별시 용산구 도원동,경상사고,0,0,1,0,차대사람 - 횡단중,안전운전불이행,포장 - 젖음/습기,비,단일로 - 기타,이륜,남,37세,기타불명,보행자,남,21세,경상
2021090600100489,2021년 9월 6일 19시,월요일,서울특별시 관악구 봉천동,경상사고,0,0,1,0,차대사람 - 횡단중,안전운전불이행,포장 - 젖음/습기,비,교차로 - 교차로부근,승용,남,31세,상해없음,보행자,남,50세,경상
2021090600100493,2021년 9월 6일 19시,월요일,서울특별시 양천구 신정동,경상사고,0,0,1,0,차대사람 - 횡단중,보행자보호의무위반,포장 - 젖음/습기,비,교차로 - 교차로안,승용,남,63세,상해없음,보행자,여,23세,경상
2021090600100560,2021년 9월 6일 20시,월요일,서울특별시 강북구 수유동,경상사고,0,0,1,0,차대사람 - 기타,교차로운행방법위반,포장 - 젖음/습기,비,교차로 - 교차로안,승용,남,53세,상해없음,보행자,여,22세,경상
2021090600100563,2021년 9월 6일 20시,월요일,서울특별시 동작구 노량진동,경상사고,0,0,1,0,차대사람 - 횡단중,보행자보호의무위반,포장 - 젖음/습기,비,교차로 - 교차로안,승용,남,57세,상해없음,보행자,남,27세,경상
2021090600100564,2021년 9월 6일 20시,월요일,서울특별시 도봉구 방학동,중상사고,0,1,0,0,차대사람 - 횡단중,신호위반,포장 - 젖음/습기,비,단일로 - 기타,이륜,남,24세,상해없음,보행자,여,63세,중상
2021090600100595,2021년 9월 6일 21시,월요일,서울특별시 종로구 관철동,중상사고,0,1,0,0,차대사람 - 기타,안전운전불이행,포장 - 젖음/습기,비,단일로 - 기타,기타불명,기타불명,미분류,기타불명,보행자,여,45세,중상
2021090600100597,2021년 9월 6일 21시,월요일,서울특별시 동대문구 용두동,경상사고,0,0,1,0,차대사람 - 기타,보행자보호의무위반,포장 - 젖음/습기,비,교차로 - 교차로횡단보도내,승합,남,54세,상해없음,보행자,남,29세,경상
2021090600100599,2021년 9월 6일 21시,월요일,서울특별시 성동구 성수동1가,중상사고,0,1,0,0,차대사람 - 길가장자리구역통행중,안전운전불이행,포장 - 건조,맑음,교차로 - 교차로부근,승용,남,31세,상해없음,보행자,남,31세,중상
2021090600100601,2021년 9월 6일 21시,월요일,서울특별시 강서구 개화동,중상사고,0,1,0,0,차대사람 - 횡단중,신호위반,포장 - 젖음/습기,흐림,교차로 - 교차로횡단보도내,이륜,남,26세,상해없음,보행자,여,56세,중상
2021090600100635,2021년 9월 6일 22시,월요일,서울특별시 관악구 봉천동,경상사고,0,0,1,0,차대사람 - 횡단중,안전운전불이행,포장 - 젖음/습기,비,교차로 - 교차로횡단보도내,이륜,남,32세,상해없음,보행자,남,54세,경상
2021090700100002,2021년 9월 7일 00시,화요일,서울특별시 강남구 청담동,사망사고,1,0,0,0,차대사람 - 횡단중,과속,포장 - 젖음/습기,비,단일로 - 기타,승용,남,38세,기타불명,보행자,여,89세,사망
2021090700100021,2021년 9월 7일 04시,화요일,서울특별시 용산구 청파동1가,중상사고,0,1,0,0,차대사람 - 횡단중,안전운전불이행,포장 - 젖음/습기,비,단일로 - 기타,승용,남,30세,상해없음,보행자,남,57세,중상
2021090700100038,2021년 9월 7일 06시,화요일,서울특별시 서대문구 신촌동,중상사고,0,1,0,0,차대사람 - 차도통행중,안전운전불이행,포장 - 건조,맑음,교차로 - 교차로안,화물,남,27세,상해없음,보행자,남,48세,중상
2021090700100039,2021년 9월 7일 06시,화요일,서울특별시 성동구 마장동,경상사고,0,0,1,0,차대사람 - 기타,안전운전불이행,포장 - 젖음/습기,비,단일로 - 기타,원동기,남,29세,상해없음,보행자,여,84세,경상
2021090700100073,2021년 9월 7일 08시,화요일,서울특별시 강서구 공항동,경상사고,0,0,1,0,차대사람 - 횡단중,안전운전불이행,포장 - 젖음/습기,비,단일로 - 기타,화물,남,59세,상해없음,보행자,남,9세,경상
2021090700100074,2021년 9월 7일 08시,화요일,서울특별시 송파구 방이동,경상사고,0,0,1,0,차대사람 - 횡단중,보행자보호의무위반,포장 - 젖음/습기,비,교차로 - 교차로안,승용,여,63세,상해없음,보행자,여,38세,경상
2021090700100116,2021년 9월 7일 09시,화요일,서울특별시 노원구 상계동,경상사고,0,0,1,0,차대사람 - 횡단중,안전운전불이행,포장 - 젖음/습기,비,기타 - 기타,이륜,남,84세,상해없음,보행자,남,60세,경상
2021090700100148,2021년 9월 7일 10시,화요일,서울특별시 용산구 원효로1가,경상사고,0,0,1,0,차대사람 - 기타,안전운전불이행,포장 - 젖음/습기,비,단일로 - 기타,화물,남,32세,상해없음,보행자,남,64세,경상
2021090700100151,2021년 9월 7일 10시,화요일,서울특별시 구로구 구로동,경상사고,0,0,1,0,차대사람 - 횡단중,신호위반,포장 - 젖음/습기,비,단일로 - 기타,이륜,남,39세,상해없음,보행자,여,64세,경상
2021090700100188,2021년 9월 7일 11시,화요일,서울특별시 강남구 역삼동,중상사고,0,1,0,0,차대사람 - 기타,안전운전불이행,포장 - 건조,맑음,단일로 - 기타,화물,남,72세,상해없음,보행자,여,59세,중상