사고번호,사고일시,요일,시군구,사고내용,사망자수,중상자수,경상자수,부상신고자수,사고유형,법규위반,노면상태,기상상태,도로형태,가해운전자 차종,가해운전자 성별,가해운전자 연령,가해운전자 상해정도,피해운전자 차종,피해운전자 성별,피해운전자 연령,피해운전자 상해정도
2021100100100643,2021년 10월 1일 22시,금요일,서울특별시 관악구 신림동,중상사고,0,1,0,0,차대사람 - 횡단중,보행자보호의무위반,포장 - 젖음/습기,비,교차로 - 교차로부근,승용,여,48세,상해없음,보행자,남,74세,중상
2021100100100655,2021년 10월 1일 22시,금요일,서울특별시 서초구 방배동,중상사고,0,1,0,0,차대사람 - 차도통행중,안전운전불이행,포장 - 젖음/습기,비,기타 - 기타,승용,남,50세,상해없음,보행자,여,50세,중상
2021100100100656,2021년 10월 1일 22시,금요일,서울특별시 강남구 도곡동,중상사고,0,1,0,0,차대사람 - 기타,안전운전불이행,포장 - 젖음/습기,비,기타 - 기타,승용,남,43세,상해없음,보행자,여,60세,중상
2021100100100696,2021년 10월 1일 23시,금요일,서울특별시 중랑구 망우동,중상사고,0,1,0,0,차대사람 - 횡단중,안전운전불이행,포장 - 젖음/습기,비,단일로 - 기타,승용,남,65세,상해없음,보행자,남,32세,중상
2021100200100017,2021년 10월 2일 02시,토요일,서울특별시 용산구 보광동,경상사고,0,0,1,0,차대사람 - 기타,안전운전불이행,포장 - 건조,맑음,단일로 - 기타,승용,남,58세,상해없음,보행자,남,33세,경상
2021100200100049,2021년 10월 2일 07시,토요일,서울특별시 동대문구 제기동,중상사고,0,1,0,0,차대사람 - 기타,신호위반,포장 - 건조,맑음,단일로 - 기타,승용,남,75세,상해없음,보행자,여,72세,중상
2021100200100112,2021년 10월 2일 10시,토요일,서울특별시 송파구 송파동,경상사고,0,0,1,0,차대사람 - 기타,안전운전불이행,포장 - 건조,맑음,기타 - 기타,승합,여,52세,상해없음,보행자,남,39세,경상
2021100200100149,2021년 10월 2일 11시,토요일,서울특별시 서대문구 홍제동,경상사고,0,0,1,0,차대사람 - 차도통행중,안전운전불이행,포장 - 건조,맑음,단일로 - 기타,승용,여,52세,상해없음,보행자,여,65세,경상
2021100200100151,2021년 10월 2일 11시,토요일,서울특별시 동대문구 용두동,중상사고,0,1,0,0,차대사람 - 기타,안전운전불이행,포장 - 건조,맑음,단일로 - 기타,승합,남,54세,상해없음,보행자,여,73세,중상
2021100200100154,2021년 10월 2일 11시,토요일,서울특별시 노원구 중계동,중상사고,0,1,0,0,차대사람 - 횡단중,보행자보호의무위반,포장 - 건조,맑음,교차로 - 교차로횡단보도내,승합,남,65세,상해없음,보행자,여,56세,중상
2021100200100155,2021년 10월 2일 11시,토요일,서울특별시 노원구 월계동,중상사고,0,1,0,0,차대사람 - 기타,안전운전불이행,포장 - 건조,기타,교차로 - 교차로안,승합,남,55세,상해없음,보행자,여,74세,중상
2021100200100243,2021년 10월 2일 13시,토요일,서울특별시 용산구 이태원동,중상사고,0,1,0,0,차대사람 - 횡단중,보행자보호의무위반,포장 - 건조,맑음,교차로 - 교차로횡단보도내,승합,남,66세,상해없음,보행자,여,55세,중상
2021100200100244,2021년 10월 2일 13시,토요일,서울특별시 마포구 성산동,중상사고,0,1,0,0,차대사람 - 기타,안전운전불이행,포장 - 건조,맑음,단일로 - 기타,자전거,여,49세,상해없음,보행자,여,50세,중상
2021100200100283,2021년 10월 2일 14시,토요일,서울특별시 서대문구 현저동,경상사고,0,0,1,0,차대사람 - 기타,안전운전불이행,포장 - 건조,맑음,교차로 - 교차로안,승용,남,62세,상해없음,보행자,남,42세,경상
2021100200100311,2021년 10월 2일 15시,토요일,서울특별시 동대문구 용두동,중상사고,0,1,0,0,차대사람 - 기타,안전운전불이행,포장 - 건조,맑음,교차로 - 교차로횡단보도내,이륜,남,21세,상해없음,보행자,남,76세,중상
2021100200100316,2021년 10월 2일 15시,토요일,서울특별시 양천구 목동,중상사고,0,1,0,0,차대사람 - 보도통행중,안전운전불이행,포장 - 건조,맑음,단일로 - 기타,승용,남,30세,상해없음,보행자,여,84세,중상
2021100200100317,2021년 10월 2일 15시,토요일,서울특별시 노원구 상계동,중상사고,0,1,0,0,차대사람 - 기타,안전운전불이행,포장 - 건조,맑음,교차로 - 교차로횡단보도내,승용,남,65세,상해없음,보행자,여,82세,중상
2021100200100363,2021년 10월 2일 16시,토요일,서울특별시 동대문구 제기동,경상사고,0,0,1,0,차대사람 - 기타,안전운전불이행,포장 - 건조,맑음,교차로 - 교차로안,승용,여,48세,상해없음,보행자,남,73세,경상
2021100200100369,2021년 10월 2일 16시,토요일,서울특별시 노원구 월계동,경상사고,0,0,1,0,차대사람 - 차도통행중,안전운전불이행,포장 - 건조,맑음,단일로 - 기타,승합,남,34세,상해없음,보행자,남,26세,경상
2021100200100495,2021년 10월 2일 19시,토요일,서울특별시 용산구 이태원동,경상사고,0,0,2,0,차대사람 - 길가장자리구역통행중,안전운전불이행,포장 - 건조,맑음,단일로 - 기타,승용,여,27세,상해없음,보행자,여,29세,경상
2021100200100498,2021년 10월 2일 19시,토요일,서울특별시 강동구 길동,경상사고,0,0,1,0,차대사람 - 횡단중,안전운전불이행,포장 - 건조,맑음,교차로 - 교차로부근,승용,여,48세,상해없음,보행자,남,38세,경상
2021100200100585,2021년 10월 2일 22시,토요일,서울특별시 동대문구 용두동,경상사고,0,0,1,0,차대사람 - 기타,기타,포장 - 기타,맑음,단일로 - 기타,승용,남,28세,상해없음,보행자,남,22세,경상
2021100200100588,2021년 10월 2일 22시,토요일,서울특별시 노원구 상계동,중상사고,0,1,0,0,차대사람 - 횡단중,안전운전불이행,포장 - 건조,맑음,단일로 - 기타,승합,남,47세,상해없음,보행자,남,35세,중상
2021100200100615,2021년 10월 2일 23시,토요일,서울특별시 은평구 녹번동,중상사고,0,1,0,0,차대사람 - 차도통행중,안전운전불이행,포장 - 건조,맑음,교차로 - 교차로안,승용,남,30세,상해없음,보행자,여,33세,중상
2021100200100617,2021년 10월 2일 23시,토요일,서울특별시 마포구 성산동,부상신고사고,0,0,0,1,차대사람 - 기타,기타,포장 - 젖음/습기,비,단일로 - 기타,기타불명,기타불명,미분류,기타불명,보행자,여,16세,부상신고
2021100200100618,2021년 10월 2일 23시,토요일,서울특별시 강남구 압구정동,사망사고,1,0,1,1,차대사람 - 기타,안전운전불이행,포장 - 건조,흐림,단일로 - 기타,승용,남,47세,경상,보행자,남,36세,부상신고
2021100200100622,2021년 10월 2일 23시,토요일,서울특별시 노원구 공릉동,중상사고,0,1,0,1,차대사람 - 횡단중,신호위반,포장 - 건조,맑음,교차로 - 교차로안,이륜,남,24세,부상신고,보행자,남,25세,중상
2021100300100147,2021년 10월 3일 12시,일요일,서울특별시 노원구 하계동,경상사고,0,0,1,0,차대사람 - 보도통행중,신호위반,포장 - 건조,맑음,교차로 - 교차로횡단보도내,승용,남,55세,상해없음,보행자,남,28세,경상
2021100300100255,2021년 10월 3일 15시,일요일,서울특별시 중랑구 상봉동,경상사고,0,0,1,0,차대사람 - 기타,안전운전불이행,포장 - 건조,맑음,단일로 - 기타,승용,남,20세,상해없음,보행자,여,57세,경상
2021100300100281,2021년 10월 3일 16시,일요일,서울특별시 금천구 시흥동,중상사고,0,1,0,0,차대사람 - 횡단중,안전운전불이행,포장 - 건조,맑음,단일로 - 기타,이륜,남,22세,상해없음,보행자,여,63세,중상
2021100300100282,2021년 10월 3일 16시,일요일,서울특별시 양천구 신정동,경상사고,0,0,1,0,차대사람 - 횡단중,보행자보호의무위반,포장 - 건조,맑음,단일로 - 기타,승용,여,46세,상해없음,보행자,남,42세,경상
2021100300100313,2021년 10월 3일 17시,일요일,서울특별시 관악구 봉천동,경상사고,0,0,1,0,차대사람 - 기타,안전운전불이행,포장 - 건조,맑음,교차로 - 교차로안,승용,남,37세,상해없음,보행자,여,40세,경상
2021100300100345,2021년 10월 3일 18시,일요일,서울특별시 강북구 수유동,중상사고,0,1,0,0,차대사람 - 횡단중,보행자보호의무위반,포장 - 건조,맑음,단일로 - 기타,승용,남,61세,기타불명,보행자,남,25세,중상
2021100300100389,2021년 10월 3일 19시,일요일,서울특별시 영등포구 양화동,경상사고,0,0,1,0,차대사람 - 횡단중,보행자보호의무위반,포장 - 건조,맑음,단일로 - 기타,자전거,남,21세,상해없음,보행자,여,25세,경상
2021100300100462,2021년 10월 3일 21시,일요일,서울특별시 성북구 안암동5가,경상사고,0,0,1,0,차대사람 - 기타,안전운전불이행,포장 - 건조,맑음,기타 - 기타,승용,남,29세,상해없음,보행자,남,24세,경상
2021100400100001,2021년 10월 4일 00시,월요일,서울특별시 관악구 신림동,중상사고,0,1,0,0,차대사람 - 기타,안전운전불이행,포장 - 건조,맑음,단일로 - 기타,승용,남,23세,상해없음,보행자,남,23세,중상
2021100400100034,2021년 10월 4일 06시,월요일,서울특별시 서초구 우면동,중상사고,0,1,0,0,차대사람 - 기타,안전운전불이행,포장 - 건조,흐림,단일로 - 기타,승용,남,62세,상해없음,보행자,여,53세,중상
2021100400100042,2021년 10월 4일 07시,월요일,서울특별시 송파구 가락동,경상사고,0,0,1,0,차대사람 - 기타,안전운전불이행,포장 - 건조,맑음,단일로 - 기타,이륜,남,33세,상해없음,보행자,남,38세,경상
2021100400100110,2021년 10월 4일 11시,월요일,서울특별시 노원구 상계동,중상사고,0,1,0,0,차대사람 - 기타,안전운전불이행,포장 - 건조,맑음,단일로 - 기타,승용,남,67세,상해없음,보행자,여,58세,중상
2021100400100162,2021년 10월 4일 13시,월요일,서울특별시 종로구 인사동,경상사고,0,0,1,0,차대사람 - 횡단중,신호위반,포장 - 건조,흐림,단일로 - 기타,승용,남,84세,상해없음,보행자,여,23세,경상
2021100400100199,2021년 10월 4일 14시,월요일,서울특별시 서초구 서초동,경상사고,0,0,1,0,차대사람 - 보도통행중,기타,포장 - 건조,맑음,단일로 - 기타,개인형이동수단(PM),남,15세,상해없음,보행자,여,53세,경상
2021100400100300,2021년 10월 4일 17시,월요일,서울특별시 성북구 정릉동,경상사고,0,0,1,0,차대사람 - 보도통행중,기타,포장 - 젖음/습기,비,기타 - 기타,이륜,남,16세,상해없음,보행자,남,62세,경상
2021100400100305,2021년 10월 4일 17시,월요일,서울특별시 강동구 천호동,중상사고,0,1,0,0,차대사람 - 차도통행중,안전운전불이행,포장 - 건조,맑음,단일로 - 기타,화물,남,47세,상해없음,보행자,남,55세,중상
2021100400100336,2021년 10월 4일 18시,월요일,서울특별시 강남구 역삼동,경상사고,0,0,1,0,차대사람 - 기타,안전운전불이행,포장 - 젖음/습기,비,단일로 - 기타,승용,남,71세,상해없음,보행자,여,33세,경상
2021100400100376,2021년 10월 4일 19시,월요일,서울특별시 중랑구 상봉동,경상사고,0,0,1,0,차대사람 - 보도통행중,기타,포장 - 젖음/습기,비,기타 - 기타,자전거,남,47세,상해없음,보행자,여,21세,경상
2021100400100445,2021년 10월 4일 21시,월요일,서울특별시 서대문구 창천동,경상사고,0,0,1,0,차대사람 - 기타,안전운전불이행,포장 - 건조,맑음,교차로 - 교차로부근,승용,남,23세,상해없음,보행자,여,47세,경상
2021100400100472,2021년 10월 4일 22시,월요일,서울특별시 송파구 잠실동,경상사고,0,0,1,0,차대사람 - 보도통행중,안전운전불이행,포장 - 건조,맑음,단일로 - 기타,승용,여,47세,상해없음,보행자,여,27세,경상
2021100500100058,2021년 10월 5일 08시,화요일,서울특별시 성북구 정릉동,경상사고,0,0,1,0,차대사람 - 기타,안전운전불이행,포장 - 건조,맑음,교차로 - 교차로부근,승합,남,44세,상해없음,보행자,남,64세,경상
2021100500100060,2021년 10월 5일 08시,화요일,서울특별시 중랑구 면목동,중상사고,0,1,0,0,차대사람 - 횡단중,기타,포장 - 건조,맑음,단일로 - 기타,승용,여,39세,상해없음,보행자,여,35세,중상
2021100500100106,2021년 10월 5일 09시,화요일,서울특별시 영등포구 도림동,경상사고,0,0,2,0,차대사람 - 횡단중,과속,포장 - 건조,맑음,단일로 - 기타,이륜,남,25세,경상,보행자,여,27세,경상
2021100500100107,2021년 10월 5일 09시,화요일,서울특별시 성동구 성수동2가,부상신고사고,0,0,0,1,차대사람 - 길가장자리구역통행중,안전운전불이행,포장 - 건조,맑음,단일로 - 기타,승용,남,39세,상해없음,보행자,여,24세,부상신고
2021100500100220,2021년 10월 5일 12시,화요일,서울특별시 강남구 개포동,경상사고,0,0,1,0,차대사람 - 차도통행중,안전운전불이행,포장 - 건조,맑음,교차로 - 교차로부근,승용,여,38세,상해없음,보행자,남,38세,경상
2021100500100250,2021년 10월 5일 13시,화요일,서울특별시 중랑구 면목동,경상사고,0,0,1,0,차대사람 - 기타,안전운전불이행,포장 - 건조,맑음,단일로 - 기타,화물,남,61세,상해없음,보행자,여,34세,경상
2021100500100258,2021년 10월 5일 13시,화요일,서울특별시 서초구 반포동,부상신고사고,0,0,0,1,차대사람 - 기타,안전운전불이행,포장 - 건조,맑음,단일로 - 고가도로위,승용,남,60세,상해없음,보행자,남,30세,부상신고
2021100500100419,2021년 10월 5일 17시,화요일,서울특별시 송파구 신천동,경상사고,0,0,1,0,차대사람 - 횡단중,보행자보호의무위반,포장 - 건조,맑음,교차로 - 교차로횡단보도내,자전거,여,46세,상해없음,보행자,여,65세,경상
2021100500100465,2021년 10월 5일 18시,화요일,서울특별시 서대문구 북가좌동,중상사고,0,1,0,0,차대사람 - 횡단중,신호위반,포장 - 젖음/습기,흐림,교차로 - 교차로안,이륜,남,32세,상해없음,보행자,여,35세,중상
2021100500100467,2021년 10월 5일 18시,화요일,서울특별시 동대문구 장안동,경상사고,0,0,1,0,차대사람 - 기타,안전운전불이행,포장 - 건조,맑음,교차로 - 교차로부근,승용,남,65세,상해없음,보행자,남,54세,경상
2021100500100472,2021년 10월 5일 18시,화요일,서울특별시 서초구 방배동,부상신고사고,0,0,0,1,차대사람 - 기타,안전운전불이행,포장 - 건조,맑음,교차로 - 교차로부근,승용,남,36세,상해없음,보행자,남,35세,부상신고
2021100500100529,2021년 10월 5일 19시,화요일,서울특별시 성동구 사근동,경상사고,0,0,1,0,차대사람 - 횡단중,보행자보호의무위반,포장 - 젖음/습기,비,교차로 - 교차로부근,승용,남,68세,상해없음,보행자,여,22세,경상
2021100500100534,2021년 10월 5일 19시,화요일,서울특별시 강동구 명일동,사망사고,1,0,0,0,차대사람 - 횡단중,신호위반,포장 - 건조,맑음,교차로 - 교차로안,승용,남,58세,상해없음,보행자,여,36세,사망
2021100500100568,2021년 10월 5일 20시,화요일,서울특별시 강북구 미아동,부상신고사고,0,0,0,1,차대사람 - 길가장자리구역통행중,안전운전불이행,포장 - 건조,맑음,교차로 - 교차로부근,승용,남,37세,상해없음,보행자,남,43세,부상신고
2021100500100570,2021년 10월 5일 20시,화요일,서울특별시 강동구 천호동,중상사고,0,1,0,0,차대사람 - 횡단중,신호위반,포장 - 젖음/습기,비,교차로 - 교차로안,승용,남,34세,상해없음,보행자,남,37세,중상
2021100500100601,2021년 10월 5일 21시,화요일,서울특별시 노원구 공릉동,중상사고,0,1,1,0,차대사람 - 횡단중,안전운전불이행,포장 - 건조,맑음,교차로 - 교차로안,승용,남,49세,중상,보행자,남,43세,경상
2021100500100617,2021년 10월 5일 22시,화요일,서울특별시 서대문구 홍제동,경상사고,0,0,1,0,차대사람 - 횡단중,보행자보호의무위반,포장 - 건조,흐림,교차로 - 교차로부근,승용,여,65세,상해없음,보행자,남,29세,경상
2021100500100618,2021년 10월 5일 22시,화요일,서울특별시 동대문구 이문동,경상사고,0,0,1,0,차대사람 - 횡단중,신호위반,포장 - 건조,맑음,교차로 - 교차로횡단보도내,이륜,남,27세,상해없음,보행자,남,26세,경상
2021100500100619,2021년 10월 5일 22시,화요일,서울특별시 강서구 방화동,경상사고,0,0,1,0,차대사람 - 횡단중,신호위반,포장 - 건조,맑음,교차로 - 교차로횡단보도내,화물,남,65세,기타불명,보행자,남,41세,경상
2021100600100024,2021년 10월 6일 06시,수요일,서울특별시 동대문구 휘경동,경상사고,0,0,1,0,차대사람 - 보도통행중,기타,포장 - 건조,맑음,단일로 - 기타,자전거,남,23세,상해없음,보행자,남,27세,경상
2021100600100027,2021년 10월 6일 06시,수요일,서울특별시 관악구 신림동,중상사고,0,1,0,0,차대사람 - 횡단중,신호위반,포장 - 젖음/습기,비,교차로 - 교차로횡단보도내,이륜,남,23세,상해없음,보행자,여,60세,중상
2021100600100029,2021년 10월 6일 06시,수요일,서울특별시 서초구 잠원동,경상사고,0,0,1,0,차대사람 - 보도통행중,신호위반,포장 - 젖음/습기,비,단일로 - 기타,이륜,남,54세,상해없음,보행자,여,25세,경상
2021100600100031,2021년 10월 6일 06시,수요일,서울특별시 강남구 개포동,중상사고,0,1,0,0,차대사람 - 횡단중,보행자보호의무위반,포장 - 젖음/습기,비,단일로 - 기타,승용,남,68세,상해없음,보행자,남,69세,중상
2021100600100052,2021년 10월 6일 07시,수요일,서울특별시 금천구 가산동,경상사고,0,0,1,0,차대사람 - 횡단중,보행자보호의무위반,포장 - 젖음/습기,비,단일로 - 기타,승용,남,57세,상해없음,보행자,여,32세,경상
2021100600100079,2021년 10월 6일 08시,수요일,서울특별시 금천구 시흥동,경상사고,0,0,1,0,차대사람 - 횡단중,안전운전불이행,포장 - 젖음/습기,비,교차로 - 교차로안,기타불명,기타불명,미분류,기타불명,보행자,남,18세,경상
2021100600100081,2021년 10월 6일 08시,수요일,서울특별시 강남구 도곡동,경상사고,0,0,1,0,차대사람 - 기타,안전운전불이행,포장 - 젖음/습기,비,단일로 - 기타,승합,남,52세,상해없음,보행자,여,34세,경상
2021100600100122,2021년 10월 6일 09시,수요일,서울특별시 관악구 신림동,경상사고,0,0,1,0,차대사람 - 기타,안전운전불이행,포장 - 젖음/습기,비,교차로 - 교차로부근,승합,남,58세,상해없음,보행자,여,27세,경상
2021100600100123,2021년 10월 6일 09시,수요일,서울특별시 양천구 목동,중상사고,0,1,0,0,차대사람 - 횡단중,보행자보호의무위반,포장 - 기타,기타,단일로 - 기타,화물,남,40세,상해없음,보행자,여,62세,중상
2021100600100144,2021년 10월 6일 10시,수요일,서울특별시 서대문구 창천동,경상사고,0,0,1,0,차대사람 - 차도통행중,안전운전불이행,포장 - 건조,맑음,교차로 - 교차로안,승용,남,71세,상해없음,보행자,여,49세,경상
2021100600100148,2021년 10월 6일 10시,수요일,서울특별시 양천구 목동,경상사고,0,0,1,0,차대사람 - 기타,안전운전불이행,포장 - 건조,맑음,단일로 - 기타,승용,여,48세,상해없음,보행자,여,30세,경상
2021100600100179,2021년 10월 6일 11시,수요일,서울특별시 강동구 상일동,부상신고사고,0,0,0,1,차대사람 - 기타,안전운전불이행,포장 - 건조,맑음,교차로 - 교차로부근,승합,남,41세,상해없음,보행자,여,80세,부상신고
2021100600100278,2021년 10월 6일 14시,수요일,서울특별시 강동구 천호동,경상사고,0,0,1,0,차대사람 - 횡단중,안전운전불이행,포장 - 건조,맑음,단일로 - 기타,승용,남,26세,상해없음,보행자,여,73세,경상
2021100600100353,2021년 10월 6일 16시,수요일,서울특별시 강동구 길동,중상사고,0,1,0,0,차대사람 - 보도통행중,기타,포장 - 건조,맑음,단일로 - 기타,자전거,남,15세,상해없음,보행자,여,50세,중상
2021100600100354,2021년 10월 6일 16시,수요일,서울특별시 강동구 성내동,경상사고,0,0,1,0,차대사람 - 기타,안전운전불이행,포장 - 건조,맑음,단일로 - 기타,승용,남,39세,상해없음,보행자,남,6세,경상
2021100600100429,2021년 10월 6일 18시,수요일,서울특별시 동작구 노량진동,경상사고,0,0,1,0,차대사람 - 보도통행중,기타,포장 - 건조,맑음,단일로 - 기타,이륜,남,57세,상해없음,보행자,남,33세,경상
2021100600100430,2021년 10월 6일 18시,수요일,서울특별시 관악구 봉천동,경상사고,0,0,1,0,차대사람 - 횡단중,보행자보호의무위반,포장 - 건조,맑음,기타 - 기타,승용,남,22세,상해없음,보행자,남,29세,경상
2021100600100478,2021년 10월 6일 19시,수요일,서울특별시 중구 봉래동2가,중상사고,0,1,0,0,차대사람 - 횡단중,안전운전불이행,포장 - 건조,맑음,교차로 - 교차로횡단보도내,승용,남,33세,상해없음,보행자,여,51세,중상
2021100600100481,2021년 10월 6일 19시,수요일,서울특별시 관악구 봉천동,경상사고,0,0,1,0,차대사람 - 기타,안전운전불이행,포장 - 건조,맑음,단일로 - 기타,화물,남,39세,상해없음,보행자,남,49세,경상
2021100600100533,2021년 10월 6일 20시,수요일,서울특별시 강동구 명일동,중상사고,0,1,0,0,차대사람 - 기타,안전운전불이행,포장 - 건조,맑음,교차로 - 교차로부근,화물,남,27세,상해없음,보행자,남,17세,중상
2021100600100569,2021년 10월 6일 22시,수요일,서울특별시 광진구 구의동,경상사고,0,0,1,0,차대사람 - 기타,안전운전불이행,포장 - 건조,맑음,단일로 - 기타,승용,남,29세,상해없음,보행자,여,27세,경상
2021100600100571,2021년 10월 6일 22시,수요일,서울특별시 송파구 문정동,경상사고,0,0,1,0,차대사람 - 기타,기타,포장 - 건조,맑음,단일로 - 기타,승용,남,63세,상해없음,보행자,남,40세,경상
2021100600100596,2021년 10월 6일 23시,수요일,서울특별시 중구 흥인동,경상사고,0,0,1,0,차대사람 - 길가장자리구역통행중,안전운전불이행,포장 - 건조,흐림,교차로 - 교차로안,승용,남,61세,상해없음,보행자,남,56세,경상
2021100600100597,2021년 10월 6일 23시,수요일,서울특별시 종로구 창신동,경상사고,0,0,1,0,차대사람 - 횡단중,안전운전불이행,포장 - 건조,맑음,단일로 - 기타,승합,남,44세,상해없음,보행자,여,47세,경상
2021100700100031,2021년 10월 7일 06시,목요일,서울특별시 동작구 사당동,경상사고,0,0,1,0,차대사람 - 길가장자리구역통행중,안전운전불이행,포장 - 젖음/습기,비,교차로 - 교차로부근,화물,남,46세,상해없음,보행자,남,48세,경상
2021100700100074,2021년 10월 7일 08시,목요일,서울특별시 서대문구 홍제동,경상사고,0,0,2,0,차대사람 - 횡단중,보행자보호의무위반,포장 - 건조,맑음,단일로 - 기타,화물,남,48세,상해없음,보행자,여,37세,경상
2021100700100075,2021년 10월 7일 08시,목요일,서울특별시 동대문구 장안동,경상사고,0,0,1,0,차대사람 - 차도통행중,안전운전불이행,포장 - 건조,맑음,단일로 - 기타,승용,남,41세,상해없음,보행자,여,56세,경상
2021100700100077,2021년 10월 7일 08시,목요일,서울특별시 영등포구 당산동2가,경상사고,0,0,1,0,차대사람 - 기타,보행자보호의무위반,포장 - 건조,맑음,교차로 - 교차로횡단보도내,승용,남,31세,상해없음,보행자,남,21세,경상
2021100700100079,2021년 10월 7일 08시,목요일,서울특별시 강서구 마곡동,경상사고,0,0,1,0,차대사람 - 보도통행중,기타,포장 - 젖음/습기,비,기타 - 기타,자전거,남,73세,상해없음,보행자,여,28세,경상
2021100700100120,2021년 10월 7일 09시,목요일,서울특별시 종로구 숭인동,경상사고,0,0,1,0,차대사람 - 횡단중,보행자보호의무위반,포장 - 건조,흐림,교차로 - 교차로횡단보도내,승용,남,39세,상해없음,보행자,남,60세,경상
2021100700100121,2021년 10월 7일 09시,목요일,서울특별시 성북구 하월곡동,경상사고,0,0,1,0,차대사람 - 차도통행중,안전운전불이행,포장 - 젖음/습기,흐림,단일로 - 기타,승용,여,46세,상해없음,보행자,남,68세,경상
2021100700100139,2021년 10월 7일 10시,목요일,서울특별시 서대문구 연희동,경상사고,0,0,1,0,차대사람 - 기타,안전운전불이행,포장 - 건조,맑음,단일로 - 기타,화물,남,36세,상해없음,보행자,여,61세,경상
2021100700100140,2021년 10월 7일 10시,목요일,서울특별시 영등포구 영등포동,경상사고,0,0,1,0,차대사람 - 횡단중,보행자보호의무위반,포장 - 건조,맑음,교차로 - 교차로횡단보도내,화물,남,48세,상해없음,보행자,남,70세,경상
2021100700100142,2021년 10월 7일 10시,목요일,서울특별시 성북구 종암동,중상사고,0,1,0,0,차대사람 - 횡단중,보행자보호의무위반,포장 - 건조,맑음,단일로 - 기타,이륜,남,52세,상해없음,보행자,여,59세,중상
2021100700100172,2021년 10월 7일 11시,목요일,서울특별시 종로구 평창동,경상사고,0,0,1,0,차대사람 - 차도통행중,안전운전불이행,포장 - 젖음/습기,흐림,단일로 - 기타,승용,여,73세,상해없음,보행자,여,66세,경상
2021100700100174,2021년 10월 7일 11시,목요일,서울특별시 동대문구 신설동,중상사고,0,1,0,0,차대사람 - 기타,안전운전불이행,포장 - 건조,맑음,단일로 - 기타,개인형이동수단(PM),여,24세,중상,보행자,남,52세,상해없음
2021100700100179,2021년 10월 7일 11시,목요일,서울특별시 관악구 신림동,경상사고,0,0,1,0,차대사람 - 기타,안전운전불이행,포장 - 건조,맑음,단일로 - 기타,기타불명,기타불명,미분류,기타불명,보행자,남,33세,경상
2021100700100215,2021년 10월 7일 12시,목요일,서울특별시 서초구 서초동,경상사고,0,0,1,0,차대사람 - 길가장자리구역통행중,안전운전불이행,포장 - 건조,맑음,교차로 - 교차로부근,승용,여,52세,상해없음,보행자,여,26세,경상
2021100700100242,2021년 10월 7일 13시,목요일,서울특별시 관악구 봉천동,경상사고,0,0,1,0,차대사람 - 기타,안전운전불이행,포장 - 건조,맑음,교차로 - 교차로부근,승용,남,38세,상해없음,보행자,여,27세,경상
2021100700100243,2021년 10월 7일 13시,목요일,서울특별시 송파구 방이동,중상사고,0,1,0,0,차대사람 - 보도통행중,기타,포장 - 건조,흐림,단일로 - 기타,자전거,여,52세,상해없음,보행자,여,74세,중상
2021100700100244,2021년 10월 7일 13시,목요일,서울특별시 양천구 목동,경상사고,0,0,1,0,차대사람 - 보도통행중,안전운전불이행,포장 - 건조,맑음,단일로 - 기타,기타불명,기타불명,미분류,기타불명,보행자,남,8세,경상
2021100700100245,2021년 10월 7일 13시,목요일,서울특별시 강남구 역삼동,경상사고,0,0,1,0,차대사람 - 기타,안전운전불이행,포장 - 건조,맑음,단일로 - 기타,승용,남,70세,상해없음,보행자,여,53세,경상
2021100700100312,2021년 10월 7일 15시,목요일,서울특별시 서대문구 홍은동,경상사고,0,0,1,0,차대사람 - 횡단중,안전운전불이행,포장 - 건조,맑음,단일로 - 기타,이륜,남,25세,상해없음,보행자,여,9세,경상
2021100700100350,2021년 10월 7일 16시,목요일,서울특별시 송파구 방이동,경상사고,0,0,1,0,차대사람 - 보도통행중,보행자보호의무위반,포장 - 건조,맑음,교차로 - 교차로부근,화물,남,50세,상해없음,보행자,남,42세,경상
2021100700100415,2021년 10월 7일 18시,목요일,서울특별시 중구 정동,경상사고,0,0,1,0,차대사람 - 기타,기타,포장 - 건조,맑음,기타 - 기타,승용,남,64세,상해없음,보행자,남,40세,경상
2021100700100476,2021년 10월 7일 19시,목요일,서울특별시 서대문구 북아현동,중상사고,0,1,0,0,차대사람 - 횡단중,안전운전불이행,포장 - 건조,맑음,교차로 - 교차로부근,승용,남,30세,상해없음,보행자,남,48세,중상
2021100700100526,2021년 10월 7일 20시,목요일,서울특별시 송파구 오금동,중상사고,0,1,0,0,차대사람 - 기타,신호위반,포장 - 건조,맑음,기타 - 기타,이륜,남,27세,상해없음,보행자,여,64세,중상
2021100700100565,2021년 10월 7일 22시,목요일,서울특별시 성북구 동선동5가,경상사고,0,0,1,0,차대사람 - 기타,기타,포장 - 건조,맑음,단일로 - 기타,화물,남,63세,상해없음,보행자,여,78세,경상
2021100800100002,2021년 10월 8일 00시,금요일,서울특별시 서초구 양재동,부상신고사고,0,0,0,1,차대사람 - 기타,안전운전불이행,포장 - 건조,맑음,단일로 - 기타,승용,남,52세,상해없음,보행자,남,22세,부상신고
2021100800100070,2021년 10월 8일 08시,금요일,서울특별시 강남구 세곡동,중상사고,0,1,0,0,차대사람 - 기타,보행자보호의무위반,포장 - 건조,맑음,교차로 - 교차로부근,승용,여,69세,상해없음,보행자,여,60세,중상