사고번호,사고일시,요일,시군구,사고내용,사망자수,중상자수,경상자수,부상신고자수,사고유형,법규위반,노면상태,기상상태,도로형태,가해운전자 차종,가해운전자 성별,가해운전자 연령,가해운전자 상해정도,피해운전자 차종,피해운전자 성별,피해운전자 연령,피해운전자 상해정도
2021103000100530,2021년 10월 30일 22시,토요일,서울특별시 서초구 서초동,경상사고,0,0,1,0,차대사람 - 기타,안전운전불이행,포장 - 건조,맑음,단일로 - 기타,승용,남,29세,상해없음,보행자,남,25세,경상
2021103100100054,2021년 10월 31일 08시,일요일,서울특별시 구로구 오류동,경상사고,0,0,1,0,차대사람 - 횡단중,안전운전불이행,포장 - 건조,맑음,교차로 - 교차로횡단보도내,승용,남,71세,상해없음,보행자,여,73세,경상
2021103100100200,2021년 10월 31일 14시,일요일,서울특별시 송파구 송파동,경상사고,0,0,1,0,차대사람 - 보도통행중,안전운전불이행,포장 - 건조,맑음,교차로 - 교차로안,승용,남,27세,상해없음,보행자,여,29세,경상
2021103100100201,2021년 10월 31일 14시,일요일,서울특별시 성북구 하월곡동,경상사고,0,0,1,0,차대사람 - 횡단중,보행자보호의무위반,포장 - 건조,맑음,단일로 - 기타,승용,남,47세,상해없음,보행자,남,57세,경상
2021103100100338,2021년 10월 31일 18시,일요일,서울특별시 서초구 반포동,경상사고,0,0,1,0,차대사람 - 횡단중,보행자보호의무위반,포장 - 건조,맑음,교차로 - 교차로안,승용,여,61세,상해없음,보행자,남,43세,상해없음
2021103100100419,2021년 10월 31일 20시,일요일,서울특별시 노원구 하계동,경상사고,0,0,1,0,차대사람 - 횡단중,신호위반,포장 - 건조,맑음,교차로 - 교차로횡단보도내,이륜,남,42세,상해없음,보행자,여,32세,경상
2021103100100442,2021년 10월 31일 21시,일요일,서울특별시 영등포구 대림동,중상사고,0,1,0,0,차대사람 - 횡단중,신호위반,포장 - 젖음/습기,흐림,교차로 - 교차로부근,승용,남,57세,상해없음,보행자,여,38세,중상
2021103100100445,2021년 10월 31일 21시,일요일,서울특별시 송파구 풍납동,경상사고,0,0,1,0,차대사람 - 기타,신호위반,포장 - 젖음/습기,비,교차로 - 교차로안,이륜,남,24세,상해없음,보행자,남,63세,경상
2021103100100446,2021년 10월 31일 21시,일요일,서울특별시 송파구 방이동,경상사고,0,0,1,0,차대사람 - 기타,안전운전불이행,포장 - 건조,맑음,단일로 - 기타,승용,남,30세,상해없음,보행자,남,22세,경상
2021103100100447,2021년 10월 31일 21시,일요일,서울특별시 구로구 개봉동,경상사고,0,0,1,0,차대사람 - 길가장자리구역통행중,안전운전불이행,포장 - 건조,맑음,단일로 - 기타,화물,남,54세,상해없음,보행자,남,54세,경상
2021103100100464,2021년 10월 31일 22시,일요일,서울특별시 동대문구 청량리동,경상사고,0,0,1,0,차대사람 - 횡단중,안전운전불이행,포장 - 건조,맑음,단일로 - 기타,승용,남,64세,상해없음,보행자,여,60세,경상
2021110100100001,2021년 11월 1일 00시,월요일,서울특별시 광진구 화양동,경상사고,0,0,1,0,차대사람 - 기타,안전운전불이행,포장 - 건조,맑음,단일로 - 기타,개인형이동수단(PM),남,27세,상해없음,보행자,남,26세,경상
2021110100100027,2021년 11월 1일 04시,월요일,서울특별시 광진구 중곡동,중상사고,0,1,0,0,차대사람 - 차도통행중,안전운전불이행,포장 - 건조,맑음,기타 - 기타,화물,남,52세,상해없음,보행자,남,77세,중상
2021110100100078,2021년 11월 1일 08시,월요일,서울특별시 금천구 가산동,경상사고,0,0,1,0,차대사람 - 횡단중,보행자보호의무위반,포장 - 건조,맑음,교차로 - 교차로안,화물,남,49세,상해없음,보행자,남,30세,경상
2021110100100119,2021년 11월 1일 09시,월요일,서울특별시 강동구 길동,경상사고,0,0,1,0,차대사람 - 기타,안전운전불이행,포장 - 건조,맑음,단일로 - 기타,화물,남,69세,상해없음,보행자,여,72세,경상
2021110100100120,2021년 11월 1일 09시,월요일,서울특별시 구로구 구로동,중상사고,0,1,0,0,차대사람 - 횡단중,보행자보호의무위반,포장 - 건조,맑음,교차로 - 교차로횡단보도내,화물,남,55세,상해없음,보행자,여,61세,중상
2021110100100147,2021년 11월 1일 10시,월요일,서울특별시 서초구 반포동,경상사고,0,0,1,0,차대사람 - 보도통행중,기타,포장 - 건조,맑음,단일로 - 기타,이륜,남,33세,상해없음,보행자,여,85세,경상
2021110100100211,2021년 11월 1일 12시,월요일,서울특별시 성북구 동소문동5가,중상사고,0,1,0,0,차대사람 - 횡단중,신호위반,포장 - 건조,맑음,교차로 - 교차로횡단보도내,승용,남,52세,상해없음,보행자,여,75세,중상
2021110100100214,2021년 11월 1일 12시,월요일,서울특별시 강남구 논현동,경상사고,0,0,1,0,차대사람 - 길가장자리구역통행중,안전운전불이행,포장 - 건조,맑음,단일로 - 기타,승용,남,35세,상해없음,보행자,남,26세,경상
2021110100100215,2021년 11월 1일 12시,월요일,서울특별시 강남구 역삼동,경상사고,0,0,1,0,차대사람 - 길가장자리구역통행중,안전운전불이행,포장 - 건조,맑음,단일로 - 기타,승용,여,60세,상해없음,보행자,여,26세,경상
2021110100100219,2021년 11월 1일 12시,월요일,서울특별시 도봉구 창동,경상사고,0,0,1,0,차대사람 - 차도통행중,안전운전불이행,포장 - 건조,맑음,기타 - 기타,이륜,남,40세,상해없음,보행자,여,53세,경상
2021110100100246,2021년 11월 1일 13시,월요일,서울특별시 용산구 이태원동,경상사고,0,0,1,0,차대사람 - 기타,기타,포장 - 건조,맑음,단일로 - 기타,승용,남,67세,상해없음,보행자,남,35세,경상
2021110100100247,2021년 11월 1일 13시,월요일,서울특별시 마포구 상수동,경상사고,0,0,1,0,차대사람 - 보도통행중,기타,포장 - 건조,맑음,교차로 - 교차로부근,승용,남,63세,상해없음,보행자,남,37세,경상
2021110100100250,2021년 11월 1일 13시,월요일,서울특별시 서초구 방배동,경상사고,0,0,1,0,차대사람 - 기타,안전운전불이행,포장 - 건조,맑음,단일로 - 기타,승합,남,58세,상해없음,보행자,여,62세,경상
2021110100100276,2021년 11월 1일 14시,월요일,서울특별시 동대문구 장안동,경상사고,0,0,1,0,차대사람 - 기타,안전운전불이행,포장 - 건조,맑음,단일로 - 기타,승용,남,65세,상해없음,보행자,남,62세,경상
2021110100100278,2021년 11월 1일 14시,월요일,서울특별시 마포구 아현동,중상사고,0,1,0,0,차대사람 - 횡단중,보행자보호의무위반,포장 - 건조,맑음,교차로 - 교차로안,승용,남,37세,상해없음,보행자,여,76세,중상
2021110100100317,2021년 11월 1일 15시,월요일,서울특별시 중랑구 묵동,경상사고,0,0,1,0,차대사람 - 기타,보행자보호의무위반,포장 - 건조,맑음,단일로 - 기타,승용,여,52세,상해없음,보행자,남,11세,경상
2021110100100318,2021년 11월 1일 15시,월요일,서울특별시 중랑구 면목동,경상사고,0,0,1,0,차대사람 - 보도통행중,기타,포장 - 건조,맑음,기타 - 기타,기타불명,기타불명,미분류,기타불명,보행자,여,70세,경상
2021110100100320,2021년 11월 1일 15시,월요일,서울특별시 강서구 가양동,중상사고,0,1,0,0,차대사람 - 기타,안전운전불이행,포장 - 건조,맑음,단일로 - 기타,승용,남,57세,상해없음,보행자,남,66세,중상
2021110100100323,2021년 11월 1일 15시,월요일,서울특별시 양천구 신월동,경상사고,0,0,1,0,차대사람 - 기타,안전운전불이행,포장 - 건조,맑음,단일로 - 기타,승용,남,75세,상해없음,보행자,남,9세,경상
2021110100100357,2021년 11월 1일 16시,월요일,서울특별시 강북구 수유동,경상사고,0,0,1,0,차대사람 - 길가장자리구역통행중,안전운전불이행,포장 - 건조,맑음,교차로 - 교차로부근,승용,남,74세,상해없음,보행자,남,77세,경상
2021110100100403,2021년 11월 1일 17시,월요일,서울특별시 성동구 성수동2가,경상사고,0,0,1,0,차대사람 - 기타,안전운전불이행,포장 - 건조,맑음,단일로 - 기타,승용,남,18세,상해없음,보행자,여,53세,경상
2021110100100404,2021년 11월 1일 17시,월요일,서울특별시 중랑구 면목동,중상사고,0,1,0,0,차대사람 - 기타,안전운전불이행,포장 - 건조,맑음,단일로 - 기타,승용,남,49세,상해없음,보행자,여,58세,중상
2021110100100511,2021년 11월 1일 19시,월요일,서울특별시 노원구 상계동,경상사고,0,0,1,0,차대사람 - 횡단중,안전운전불이행,포장 - 건조,맑음,교차로 - 교차로부근,승합,남,74세,상해없음,보행자,남,69세,경상
2021110100100555,2021년 11월 1일 21시,월요일,서울특별시 강북구 미아동,경상사고,0,0,1,0,차대사람 - 기타,안전운전불이행,포장 - 건조,맑음,단일로 - 기타,승용,남,25세,상해없음,보행자,남,30세,경상
2021110100100561,2021년 11월 1일 21시,월요일,서울특별시 노원구 상계동,경상사고,0,0,1,0,차대사람 - 횡단중,교차로운행방법위반,포장 - 건조,맑음,교차로 - 교차로안,화물,남,52세,상해없음,보행자,여,28세,경상
2021110100100585,2021년 11월 1일 22시,월요일,서울특별시 강남구 논현동,경상사고,0,0,1,0,차대사람 - 보도통행중,보행자보호의무위반,포장 - 건조,맑음,교차로 - 교차로안,승용,남,69세,상해없음,보행자,여,24세,경상
2021110200100053,2021년 11월 2일 06시,화요일,서울특별시 강남구 역삼동,중상사고,0,1,0,0,차대사람 - 횡단중,보행자보호의무위반,포장 - 건조,맑음,교차로 - 교차로횡단보도내,화물,남,52세,상해없음,보행자,남,62세,중상
2021110200100068,2021년 11월 2일 07시,화요일,서울특별시 중구 신당동,경상사고,0,0,1,0,차대사람 - 횡단중,안전운전불이행,포장 - 건조,맑음,단일로 - 기타,승용,남,40세,상해없음,보행자,여,47세,경상
2021110200100133,2021년 11월 2일 09시,화요일,서울특별시 강남구 역삼동,중상사고,0,1,0,0,차대사람 - 기타,보행자보호의무위반,포장 - 건조,맑음,단일로 - 기타,승용,여,54세,상해없음,보행자,여,23세,중상
2021110200100259,2021년 11월 2일 13시,화요일,서울특별시 강남구 도곡동,경상사고,0,0,1,0,차대사람 - 기타,안전운전불이행,포장 - 건조,맑음,기타 - 기타,승용,여,56세,상해없음,보행자,남,57세,경상
2021110200100323,2021년 11월 2일 15시,화요일,서울특별시 성북구 삼선동1가,중상사고,0,1,0,0,차대사람 - 기타,안전운전불이행,포장 - 건조,맑음,단일로 - 기타,승합,남,52세,기타불명,보행자,남,85세,중상
2021110200100351,2021년 11월 2일 16시,화요일,서울특별시 광진구 군자동,중상사고,0,1,0,0,차대사람 - 기타,안전운전불이행,포장 - 건조,맑음,교차로 - 교차로부근,승합,남,66세,상해없음,보행자,여,61세,중상
2021110200100436,2021년 11월 2일 18시,화요일,서울특별시 영등포구 영등포동7가,중상사고,0,1,0,0,차대사람 - 횡단중,보행자보호의무위반,포장 - 기타,기타,단일로 - 기타,승용,남,26세,상해없음,보행자,여,75세,중상
2021110200100438,2021년 11월 2일 18시,화요일,서울특별시 강서구 화곡동,중상사고,0,1,0,0,차대사람 - 길가장자리구역통행중,안전운전불이행,포장 - 건조,맑음,교차로 - 교차로안,승용,남,20세,상해없음,보행자,남,16세,중상
2021110200100440,2021년 11월 2일 18시,화요일,서울특별시 송파구 방이동,경상사고,0,0,1,0,차대사람 - 횡단중,안전운전불이행,포장 - 건조,맑음,단일로 - 기타,승용,남,51세,상해없음,보행자,여,41세,경상
2021110200100441,2021년 11월 2일 18시,화요일,서울특별시 은평구 구산동,중상사고,0,1,0,0,차대사람 - 기타,안전운전불이행,포장 - 건조,맑음,단일로 - 기타,승용,남,70세,상해없음,보행자,여,80세,중상
2021110200100533,2021년 11월 2일 20시,화요일,서울특별시 강남구 도곡동,중상사고,0,1,0,0,차대사람 - 횡단중,보행자보호의무위반,포장 - 건조,맑음,단일로 - 기타,승용,남,66세,상해없음,보행자,여,67세,중상
2021110200100598,2021년 11월 2일 23시,화요일,서울특별시 강남구 역삼동,경상사고,0,0,1,0,차대사람 - 횡단중,보행자보호의무위반,포장 - 건조,맑음,교차로 - 교차로횡단보도내,기타불명,기타불명,미분류,기타불명,보행자,남,24세,경상
2021110200100599,2021년 11월 2일 23시,화요일,서울특별시 강남구 역삼동,경상사고,0,0,1,0,차대사람 - 기타,안전운전불이행,포장 - 건조,맑음,단일로 - 기타,승용,여,52세,상해없음,보행자,여,65세,경상
2021110300100015,2021년 11월 3일 02시,수요일,서울특별시 용산구 이태원동,경상사고,0,0,1,0,차대사람 - 기타,안전운전불이행,포장 - 건조,맑음,단일로 - 기타,승용,남,29세,상해없음,보행자,남,39세,경상
2021110300100018,2021년 11월 3일 02시,수요일,서울특별시 송파구 석촌동,경상사고,0,0,1,0,차대사람 - 차도통행중,안전운전불이행,포장 - 건조,맑음,단일로 - 기타,승용,남,38세,상해없음,보행자,여,25세,경상
2021110300100028,2021년 11월 3일 05시,수요일,서울특별시 동대문구 용두동,경상사고,0,0,2,0,차대사람 - 횡단중,안전운전불이행,포장 - 건조,맑음,교차로 - 교차로횡단보도내,이륜,남,46세,경상,보행자,여,27세,경상
2021110300100057,2021년 11월 3일 07시,수요일,서울특별시 강동구 암사동,경상사고,0,0,1,0,차대사람 - 횡단중,신호위반,포장 - 건조,맑음,교차로 - 교차로횡단보도내,승용,여,42세,기타불명,보행자,남,26세,경상
2021110300100082,2021년 11월 3일 08시,수요일,서울특별시 용산구 이촌동,경상사고,0,0,1,0,차대사람 - 기타,보행자보호의무위반,포장 - 건조,맑음,교차로 - 교차로횡단보도내,승용,남,62세,기타불명,보행자,남,44세,경상
2021110300100089,2021년 11월 3일 08시,수요일,서울특별시 양천구 신정동,경상사고,0,0,1,0,차대사람 - 횡단중,안전운전불이행,포장 - 건조,맑음,단일로 - 기타,승용,여,46세,상해없음,보행자,여,53세,경상
2021110300100130,2021년 11월 3일 09시,수요일,서울특별시 중구 봉래동2가,중상사고,0,1,0,0,차대사람 - 기타,안전운전불이행,포장 - 건조,맑음,단일로 - 기타,승용,남,61세,상해없음,보행자,남,72세,중상
2021110300100131,2021년 11월 3일 09시,수요일,서울특별시 용산구 후암동,부상신고사고,0,0,0,1,차대사람 - 기타,안전운전불이행,포장 - 건조,맑음,교차로 - 교차로안,승용,여,41세,기타불명,보행자,남,62세,부상신고
2021110300100133,2021년 11월 3일 09시,수요일,서울특별시 동작구 사당동,경상사고,0,0,1,0,차대사람 - 기타,안전운전불이행,포장 - 건조,맑음,교차로 - 교차로부근,승용,여,35세,상해없음,보행자,여,73세,경상
2021110300100134,2021년 11월 3일 09시,수요일,서울특별시 강남구 청담동,경상사고,0,0,1,0,차대사람 - 기타,안전운전불이행,포장 - 건조,맑음,기타 - 기타,승용,남,24세,상해없음,보행자,남,62세,경상
2021110300100135,2021년 11월 3일 09시,수요일,서울특별시 서초구 양재동,경상사고,0,0,1,0,차대사람 - 기타,안전운전불이행,포장 - 건조,맑음,교차로 - 교차로안,승용,남,33세,상해없음,보행자,남,25세,경상
2021110300100197,2021년 11월 3일 11시,수요일,서울특별시 중랑구 면목동,경상사고,0,0,1,0,차대사람 - 기타,안전운전불이행,포장 - 건조,맑음,교차로 - 교차로횡단보도내,승용,남,29세,상해없음,보행자,남,32세,경상
2021110300100198,2021년 11월 3일 11시,수요일,서울특별시 강남구 역삼동,경상사고,0,0,1,0,차대사람 - 기타,안전운전불이행,포장 - 기타,맑음,주차장 - 주차장,승용,남,54세,상해없음,보행자,남,37세,경상
2021110300100238,2021년 11월 3일 12시,수요일,서울특별시 중구 주교동,경상사고,0,0,1,0,차대사람 - 횡단중,안전운전불이행,포장 - 건조,맑음,교차로 - 교차로횡단보도내,화물,남,64세,상해없음,보행자,남,78세,경상
2021110300100240,2021년 11월 3일 12시,수요일,서울특별시 강남구 역삼동,중상사고,0,1,0,0,차대사람 - 기타,보행자보호의무위반,포장 - 건조,맑음,단일로 - 기타,승합,남,69세,상해없음,보행자,남,63세,중상
2021110300100242,2021년 11월 3일 12시,수요일,서울특별시 송파구 잠실동,중상사고,0,1,0,0,차대사람 - 기타,안전운전불이행,포장 - 건조,맑음,단일로 - 기타,승용,남,40세,상해없음,보행자,여,30세,중상
2021110300100243,2021년 11월 3일 12시,수요일,서울특별시 양천구 신정동,중상사고,0,1,1,0,차대사람 - 횡단중,신호위반,포장 - 건조,맑음,교차로 - 교차로횡단보도내,승용,남,64세,상해없음,보행자,여,73세,경상
2021110300100269,2021년 11월 3일 13시,수요일,서울특별시 은평구 응암동,부상신고사고,0,0,0,1,차대사람 - 기타,안전운전불이행,포장 - 건조,맑음,주차장 - 주차장,승용,여,60세,상해없음,보행자,남,1세,부상신고
2021110300100301,2021년 11월 3일 14시,수요일,서울특별시 마포구 신공덕동,중상사고,0,1,0,0,차대사람 - 기타,안전운전불이행,포장 - 건조,맑음,단일로 - 기타,승용,여,66세,상해없음,보행자,여,83세,중상
2021110300100303,2021년 11월 3일 14시,수요일,서울특별시 강남구 대치동,경상사고,0,0,1,0,차대사람 - 기타,안전운전불이행,포장 - 건조,맑음,단일로 - 기타,승용,남,38세,상해없음,보행자,여,31세,경상
2021110300100365,2021년 11월 3일 16시,수요일,서울특별시 동대문구 신설동,중상사고,0,1,0,0,차대사람 - 기타,안전운전불이행,포장 - 건조,맑음,단일로 - 기타,승용,여,54세,상해없음,보행자,남,63세,중상
2021110300100367,2021년 11월 3일 16시,수요일,서울특별시 영등포구 당산동4가,중상사고,0,1,1,0,차대사람 - 기타,보행자보호의무위반,포장 - 건조,맑음,단일로 - 기타,승용,남,66세,상해없음,보행자,여,64세,중상
2021110300100369,2021년 11월 3일 16시,수요일,서울특별시 성북구 하월곡동,경상사고,0,0,1,0,차대사람 - 기타,안전운전불이행,포장 - 건조,맑음,교차로 - 교차로안,승용,여,36세,상해없음,보행자,여,66세,경상
2021110300100442,2021년 11월 3일 18시,수요일,서울특별시 은평구 응암동,경상사고,0,0,1,0,차대사람 - 보도통행중,기타,포장 - 건조,맑음,기타 - 기타,개인형이동수단(PM),남,69세,상해없음,보행자,남,8세,경상
2021110300100445,2021년 11월 3일 18시,수요일,서울특별시 동대문구 제기동,경상사고,0,0,1,0,차대사람 - 기타,안전운전불이행,포장 - 건조,흐림,교차로 - 교차로안,승용,남,61세,상해없음,보행자,남,28세,경상
2021110300100447,2021년 11월 3일 18시,수요일,서울특별시 성동구 성수동2가,경상사고,0,0,1,0,차대사람 - 횡단중,보행자보호의무위반,포장 - 건조,맑음,교차로 - 교차로횡단보도내,승용,여,38세,상해없음,보행자,여,62세,경상
2021110300100451,2021년 11월 3일 18시,수요일,서울특별시 송파구 문정동,경상사고,0,0,1,0,차대사람 - 기타,보행자보호의무위반,포장 - 건조,맑음,교차로 - 교차로횡단보도내,승용,남,73세,상해없음,보행자,남,8세,경상
2021110300100452,2021년 11월 3일 18시,수요일,서울특별시 송파구 송파동,경상사고,0,0,2,0,차대사람 - 횡단중,보행자보호의무위반,포장 - 건조,맑음,교차로 - 교차로횡단보도내,이륜,남,32세,경상,보행자,여,43세,경상
2021110300100513,2021년 11월 3일 19시,수요일,서울특별시 서초구 반포동,부상신고사고,0,0,0,1,차대사람 - 기타,안전운전불이행,포장 - 건조,맑음,교차로 - 교차로부근,승용,여,44세,상해없음,보행자,여,25세,부상신고
2021110300100550,2021년 11월 3일 20시,수요일,서울특별시 서대문구 남가좌동,중상사고,0,1,0,0,차대사람 - 기타,기타,포장 - 건조,맑음,단일로 - 기타,개인형이동수단(PM),남,28세,상해없음,보행자,여,40세,중상
2021110300100575,2021년 11월 3일 21시,수요일,서울특별시 동대문구 장안동,중상사고,0,1,0,0,차대사람 - 기타,안전운전불이행,포장 - 건조,맑음,교차로 - 교차로안,화물,남,36세,상해없음,보행자,여,25세,중상
2021110300100623,2021년 11월 3일 23시,수요일,서울특별시 강동구 천호동,경상사고,0,0,1,0,차대사람 - 횡단중,안전운전불이행,포장 - 건조,맑음,교차로 - 교차로안,승용,남,62세,상해없음,보행자,남,29세,경상
2021110400100055,2021년 11월 4일 06시,목요일,서울특별시 종로구 숭인동,경상사고,0,0,1,0,차대사람 - 횡단중,신호위반,포장 - 건조,맑음,교차로 - 교차로횡단보도내,이륜,남,19세,상해없음,보행자,남,82세,경상
2021110400100060,2021년 11월 4일 06시,목요일,서울특별시 중랑구 면목동,부상신고사고,0,0,0,1,차대사람 - 횡단중,안전운전불이행,포장 - 건조,흐림,교차로 - 교차로횡단보도내,기타불명,기타불명,미분류,기타불명,보행자,여,26세,부상신고
2021110400100070,2021년 11월 4일 07시,목요일,서울특별시 강동구 암사동,경상사고,0,0,1,0,차대사람 - 기타,보행자보호의무위반,포장 - 건조,맑음,교차로 - 교차로횡단보도내,승용,여,45세,상해없음,보행자,여,53세,경상
2021110400100162,2021년 11월 4일 10시,목요일,서울특별시 중구 황학동,경상사고,0,0,1,0,차대사람 - 횡단중,안전운전불이행,포장 - 건조,맑음,단일로 - 기타,승용,남,62세,상해없음,보행자,여,67세,경상
2021110400100163,2021년 11월 4일 10시,목요일,서울특별시 동작구 사당동,중상사고,0,1,0,0,차대사람 - 횡단중,안전운전불이행,포장 - 건조,맑음,단일로 - 기타,승용,여,32세,상해없음,보행자,여,81세,중상
2021110400100165,2021년 11월 4일 10시,목요일,서울특별시 도봉구 방학동,중상사고,0,1,0,0,차대사람 - 보도통행중,기타,포장 - 건조,맑음,단일로 - 기타,승용,남,29세,상해없음,보행자,여,80세,중상
2021110400100188,2021년 11월 4일 11시,목요일,서울특별시 용산구 한강로3가,중상사고,0,1,0,0,차대사람 - 기타,안전운전불이행,포장 - 건조,맑음,단일로 - 기타,기타불명,기타불명,미분류,기타불명,보행자,남,51세,중상
2021110400100221,2021년 11월 4일 12시,목요일,서울특별시 강남구 청담동,경상사고,0,0,1,0,차대사람 - 길가장자리구역통행중,안전운전불이행,포장 - 건조,맑음,단일로 - 기타,승용,남,42세,상해없음,보행자,여,40세,경상
2021110400100255,2021년 11월 4일 13시,목요일,서울특별시 강남구 논현동,경상사고,0,0,1,0,차대사람 - 길가장자리구역통행중,안전운전불이행,포장 - 건조,맑음,단일로 - 기타,승용,여,67세,상해없음,보행자,남,25세,경상
2021110400100257,2021년 11월 4일 13시,목요일,서울특별시 강남구 대치동,중상사고,0,1,0,0,차대사람 - 횡단중,보행자보호의무위반,포장 - 건조,맑음,교차로 - 교차로안,승용,남,43세,상해없음,보행자,여,30세,중상
2021110400100348,2021년 11월 4일 16시,목요일,서울특별시 관악구 신림동,중상사고,0,1,0,0,차대사람 - 기타,안전운전불이행,포장 - 건조,흐림,단일로 - 기타,승용,여,68세,상해없음,보행자,남,34세,중상
2021110400100350,2021년 11월 4일 16시,목요일,서울특별시 구로구 신도림동,경상사고,0,0,1,0,차대사람 - 차도통행중,안전운전불이행,포장 - 건조,맑음,단일로 - 기타,자전거,남,12세,상해없음,보행자,여,41세,경상
2021110400100351,2021년 11월 4일 16시,목요일,서울특별시 서초구 서초동,경상사고,0,0,1,0,차대사람 - 기타,안전운전불이행,포장 - 건조,맑음,단일로 - 기타,승용,여,44세,상해없음,보행자,여,38세,경상
2021110400100393,2021년 11월 4일 17시,목요일,서울특별시 중랑구 면목동,중상사고,0,1,0,0,차대사람 - 횡단중,안전운전불이행,포장 - 건조,맑음,단일로 - 기타,승용,남,38세,상해없음,보행자,남,64세,중상
2021110400100449,2021년 11월 4일 18시,목요일,서울특별시 성동구 금호동4가,경상사고,0,0,1,0,차대사람 - 기타,안전운전불이행,포장 - 건조,맑음,교차로 - 교차로안,화물,남,37세,상해없음,보행자,남,59세,경상
2021110400100450,2021년 11월 4일 18시,목요일,서울특별시 강서구 화곡동,경상사고,0,0,1,0,차대사람 - 기타,안전운전불이행,포장 - 건조,맑음,교차로 - 교차로안,승용,남,56세,상해없음,보행자,남,55세,경상
2021110400100516,2021년 11월 4일 19시,목요일,서울특별시 동대문구 전농동,경상사고,0,0,1,0,차대사람 - 기타,안전운전불이행,포장 - 건조,기타,교차로 - 교차로부근,승용,남,26세,상해없음,보행자,남,75세,경상
2021110400100518,2021년 11월 4일 19시,목요일,서울특별시 관악구 신림동,경상사고,0,0,1,0,차대사람 - 기타,안전운전불이행,포장 - 건조,맑음,단일로 - 기타,승용,남,69세,상해없음,보행자,남,49세,경상
2021110400100521,2021년 11월 4일 19시,목요일,서울특별시 송파구 신천동,중상사고,0,1,1,0,차대사람 - 기타,안전운전불이행,포장 - 건조,맑음,단일로 - 기타,자전거,남,45세,중상,보행자,남,26세,경상
2021110400100555,2021년 11월 4일 20시,목요일,서울특별시 구로구 고척동,경상사고,0,0,1,0,차대사람 - 기타,안전운전불이행,포장 - 건조,맑음,단일로 - 기타,승합,남,49세,상해없음,보행자,남,66세,경상
2021110400100597,2021년 11월 4일 22시,목요일,서울특별시 송파구 방이동,경상사고,0,0,1,0,차대사람 - 기타,안전운전불이행,포장 - 건조,맑음,단일로 - 기타,승용,남,26세,상해없음,보행자,남,26세,경상
2021110400100615,2021년 11월 4일 23시,목요일,서울특별시 양천구 목동,경상사고,0,0,1,0,차대사람 - 기타,안전운전불이행,포장 - 건조,맑음,단일로 - 기타,화물,남,34세,상해없음,보행자,남,55세,경상
2021110500100016,2021년 11월 5일 01시,금요일,서울특별시 마포구 서교동,경상사고,0,0,1,0,차대사람 - 기타,안전운전불이행,포장 - 건조,맑음,단일로 - 기타,기타불명,기타불명,미분류,기타불명,보행자,남,23세,경상
2021110500100018,2021년 11월 5일 01시,금요일,서울특별시 중랑구 면목동,중상사고,0,1,0,0,차대사람 - 횡단중,안전운전불이행,포장 - 건조,맑음,교차로 - 교차로부근,승용,여,57세,상해없음,보행자,남,23세,중상
2021110500100030,2021년 11월 5일 02시,금요일,서울특별시 성동구 마장동,경상사고,0,0,1,0,차대사람 - 횡단중,안전운전불이행,포장 - 건조,맑음,교차로 - 교차로횡단보도내,이륜,남,42세,상해없음,보행자,여,46세,경상
2021110500100043,2021년 11월 5일 05시,금요일,서울특별시 서대문구 연희동,부상신고사고,0,0,0,1,차대사람 - 차도통행중,안전운전불이행,포장 - 건조,맑음,교차로 - 교차로안,화물,남,51세,상해없음,보행자,남,74세,부상신고
2021110500100055,2021년 11월 5일 06시,금요일,서울특별시 도봉구 창동,중상사고,0,1,0,0,차대사람 - 차도통행중,안전운전불이행,포장 - 건조,맑음,단일로 - 기타,승용,남,57세,상해없음,보행자,남,80세,중상
2021110500100071,2021년 11월 5일 07시,금요일,서울특별시 중랑구 상봉동,중상사고,0,1,0,0,차대사람 - 횡단중,안전운전불이행,포장 - 건조,맑음,단일로 - 기타,화물,남,58세,상해없음,보행자,여,16세,중상
2021110500100095,2021년 11월 5일 08시,금요일,서울특별시 동작구 대방동,부상신고사고,0,0,0,1,차대사람 - 보도통행중,안전운전불이행,포장 - 건조,맑음,기타 - 기타,기타불명,기타불명,미분류,기타불명,보행자,여,28세,부상신고
2021110500100139,2021년 11월 5일 09시,금요일,서울특별시 동작구 상도동,중상사고,0,1,0,0,차대사람 - 횡단중,안전운전불이행,포장 - 건조,맑음,교차로 - 교차로안,승용,남,67세,상해없음,보행자,여,85세,중상
2021110500100199,2021년 11월 5일 11시,금요일,서울특별시 서초구 방배동,경상사고,0,0,1,0,차대사람 - 횡단중,보행자보호의무위반,포장 - 건조,맑음,교차로 - 교차로횡단보도내,승용,남,50세,상해없음,보행자,여,26세,경상
2021110500100223,2021년 11월 5일 12시,금요일,서울특별시 영등포구 당산동2가,중상사고,0,1,0,0,차대사람 - 횡단중,안전운전불이행,포장 - 건조,맑음,단일로 - 기타,이륜,남,42세,기타불명,보행자,여,74세,중상
2021110500100225,2021년 11월 5일 12시,금요일,서울특별시 서초구 반포동,경상사고,0,0,1,0,차대사람 - 기타,안전운전불이행,포장 - 건조,맑음,단일로 - 기타,승용,여,65세,상해없음,보행자,여,27세,경상