사고번호,사고일시,요일,시군구,사고내용,사망자수,중상자수,경상자수,부상신고자수,사고유형,법규위반,노면상태,기상상태,도로형태,가해운전자 차종,가해운전자 성별,가해운전자 연령,가해운전자 상해정도,피해운전자 차종,피해운전자 성별,피해운전자 연령,피해운전자 상해정도
2021110500100227,2021년 11월 5일 12시,금요일,서울특별시 양천구 신월동,중상사고,0,1,0,0,차대사람 - 횡단중,불법유턴,포장 - 건조,맑음,교차로 - 교차로안,승용,남,42세,상해없음,보행자,남,28세,중상
2021110500100263,2021년 11월 5일 13시,금요일,서울특별시 동대문구 장안동,중상사고,0,1,0,0,차대사람 - 기타,안전운전불이행,포장 - 건조,맑음,교차로 - 교차로부근,승용,남,61세,상해없음,보행자,남,53세,중상
2021110500100265,2021년 11월 5일 13시,금요일,서울특별시 영등포구 영등포동2가,중상사고,0,1,0,0,차대사람 - 기타,안전운전불이행,포장 - 건조,맑음,단일로 - 기타,승용,여,25세,상해없음,보행자,남,66세,중상
2021110500100267,2021년 11월 5일 13시,금요일,서울특별시 구로구 구로동,경상사고,0,0,1,0,차대사람 - 보도통행중,기타,포장 - 건조,맑음,기타 - 기타,자전거,여,59세,기타불명,보행자,여,54세,경상
2021110500100298,2021년 11월 5일 14시,금요일,서울특별시 강북구 수유동,중상사고,0,2,0,0,차대사람 - 횡단중,신호위반,포장 - 건조,맑음,단일로 - 기타,개인형이동수단(PM),남,41세,상해없음,보행자,여,60세,중상
2021110500100339,2021년 11월 5일 15시,금요일,서울특별시 강동구 길동,중상사고,0,1,0,0,차대사람 - 기타,안전운전불이행,포장 - 건조,맑음,기타 - 기타,화물,남,69세,상해없음,보행자,남,7세,중상
2021110500100341,2021년 11월 5일 15시,금요일,서울특별시 은평구 구산동,경상사고,0,0,1,0,차대사람 - 기타,안전운전불이행,포장 - 건조,맑음,교차로 - 교차로안,승합,남,66세,상해없음,보행자,여,17세,경상
2021110500100365,2021년 11월 5일 16시,금요일,서울특별시 은평구 응암동,경상사고,0,0,1,0,차대사람 - 기타,안전운전불이행,포장 - 건조,맑음,단일로 - 기타,승용,남,72세,상해없음,보행자,여,64세,경상
2021110500100411,2021년 11월 5일 17시,금요일,서울특별시 동대문구 전농동,중상사고,0,1,0,0,차대사람 - 기타,안전운전불이행,포장 - 건조,맑음,단일로 - 기타,화물,남,58세,상해없음,보행자,여,74세,중상
2021110500100414,2021년 11월 5일 17시,금요일,서울특별시 송파구 석촌동,중상사고,0,1,0,0,차대사람 - 보도통행중,중앙선침범,포장 - 건조,맑음,단일로 - 기타,자전거,여,29세,상해없음,보행자,여,27세,중상
2021110500100415,2021년 11월 5일 17시,금요일,서울특별시 송파구 방이동,경상사고,0,0,1,0,차대사람 - 기타,기타,포장 - 건조,맑음,단일로 - 기타,승용,여,56세,상해없음,보행자,남,73세,경상
2021110500100466,2021년 11월 5일 18시,금요일,서울특별시 종로구 숭인동,경상사고,0,0,1,0,차대사람 - 길가장자리구역통행중,안전운전불이행,포장 - 건조,맑음,단일로 - 기타,승용,여,33세,상해없음,보행자,남,23세,경상
2021110500100469,2021년 11월 5일 18시,금요일,서울특별시 중랑구 중화동,경상사고,0,0,1,0,차대사람 - 기타,안전운전불이행,포장 - 건조,맑음,단일로 - 기타,승용,남,35세,상해없음,보행자,남,21세,경상
2021110500100585,2021년 11월 5일 20시,금요일,서울특별시 마포구 망원동,경상사고,0,0,1,0,차대사람 - 길가장자리구역통행중,기타,포장 - 건조,흐림,단일로 - 기타,승용,남,56세,상해없음,보행자,남,44세,경상
2021110500100589,2021년 11월 5일 20시,금요일,서울특별시 송파구 가락동,경상사고,0,0,1,0,차대사람 - 보도통행중,안전운전불이행,포장 - 건조,맑음,교차로 - 교차로안,승용,남,48세,상해없음,보행자,남,60세,경상
2021110500100627,2021년 11월 5일 21시,금요일,서울특별시 노원구 공릉동,중상사고,0,1,0,0,차대사람 - 보도통행중,기타,포장 - 건조,맑음,기타 - 기타,자전거,남,63세,상해없음,보행자,여,53세,중상
2021110500100655,2021년 11월 5일 22시,금요일,서울특별시 종로구 효제동,중상사고,0,1,0,0,차대사람 - 기타,안전운전불이행,포장 - 건조,맑음,교차로 - 교차로안,승용,남,52세,상해없음,보행자,남,58세,중상
2021110500100657,2021년 11월 5일 22시,금요일,서울특별시 영등포구 당산동1가,부상신고사고,0,0,0,1,차대사람 - 횡단중,안전운전불이행,포장 - 건조,맑음,단일로 - 기타,건설기계,남,57세,상해없음,보행자,남,28세,부상신고
2021110600100003,2021년 11월 6일 00시,토요일,서울특별시 동작구 신대방동,경상사고,0,0,1,0,차대사람 - 차도통행중,안전운전불이행,포장 - 건조,맑음,단일로 - 기타,승용,남,84세,상해없음,보행자,여,32세,경상
2021110600100026,2021년 11월 6일 01시,토요일,서울특별시 송파구 방이동,경상사고,0,0,1,0,차대사람 - 보도통행중,안전운전불이행,포장 - 건조,맑음,단일로 - 기타,승용,남,54세,상해없음,보행자,남,30세,경상
2021110600100053,2021년 11월 6일 04시,토요일,서울특별시 송파구 석촌동,중상사고,0,1,0,0,차대사람 - 차도통행중,안전운전불이행,포장 - 건조,맑음,단일로 - 기타,자전거,남,31세,상해없음,보행자,여,64세,중상
2021110600100125,2021년 11월 6일 10시,토요일,서울특별시 도봉구 창동,경상사고,0,0,1,0,차대사람 - 횡단중,신호위반,포장 - 건조,맑음,교차로 - 교차로횡단보도내,이륜,남,25세,상해없음,보행자,여,28세,경상
2021110600100156,2021년 11월 6일 11시,토요일,서울특별시 관악구 신림동,경상사고,0,0,1,0,차대사람 - 기타,안전운전불이행,포장 - 건조,맑음,단일로 - 기타,승용,남,51세,상해없음,보행자,남,42세,경상
2021110600100313,2021년 11월 6일 15시,토요일,서울특별시 동작구 상도동,부상신고사고,0,0,0,1,차대사람 - 횡단중,안전운전불이행,포장 - 건조,맑음,교차로 - 교차로안,승용,남,63세,상해없음,보행자,여,45세,부상신고
2021110600100438,2021년 11월 6일 18시,토요일,서울특별시 동작구 사당동,경상사고,0,0,1,0,차대사람 - 기타,안전운전불이행,포장 - 건조,맑음,교차로 - 교차로부근,승용,남,65세,상해없음,보행자,남,41세,경상
2021110600100485,2021년 11월 6일 19시,토요일,서울특별시 광진구 광장동,경상사고,0,0,1,0,차대사람 - 횡단중,신호위반,포장 - 건조,맑음,단일로 - 기타,승용,남,39세,상해없음,보행자,여,64세,경상
2021110600100487,2021년 11월 6일 19시,토요일,서울특별시 강남구 신사동,경상사고,0,0,1,0,차대사람 - 기타,안전운전불이행,포장 - 건조,맑음,단일로 - 기타,기타불명,기타불명,미분류,기타불명,보행자,여,25세,경상
2021110600100564,2021년 11월 6일 21시,토요일,서울특별시 노원구 공릉동,경상사고,0,0,1,0,차대사람 - 횡단중,신호위반,포장 - 건조,맑음,교차로 - 교차로안,이륜,남,17세,상해없음,보행자,남,40세,경상
2021110600100565,2021년 11월 6일 21시,토요일,서울특별시 강남구 대치동,경상사고,0,0,1,0,차대사람 - 기타,안전운전불이행,포장 - 건조,맑음,단일로 - 기타,승용,여,29세,상해없음,보행자,여,23세,경상
2021110600100595,2021년 11월 6일 22시,토요일,서울특별시 성동구 성수동2가,경상사고,0,0,1,0,차대사람 - 보도통행중,기타,포장 - 건조,맑음,기타 - 기타,승용,남,61세,상해없음,보행자,여,20세,경상
2021110600100596,2021년 11월 6일 22시,토요일,서울특별시 관악구 신림동,중상사고,0,1,0,0,차대사람 - 차도통행중,안전운전불이행,포장 - 건조,맑음,교차로 - 교차로부근,승용,여,58세,상해없음,보행자,여,24세,중상
2021110600100599,2021년 11월 6일 22시,토요일,서울특별시 강동구 성내동,경상사고,0,0,1,0,차대사람 - 기타,기타,포장 - 건조,맑음,기타 - 기타,이륜,남,42세,상해없음,보행자,남,64세,경상
2021110600100617,2021년 11월 6일 23시,토요일,서울특별시 성동구 성수동2가,경상사고,0,0,1,0,차대사람 - 기타,안전운전불이행,포장 - 건조,맑음,단일로 - 기타,이륜,남,45세,상해없음,보행자,남,25세,경상
2021110700100001,2021년 11월 7일 00시,일요일,서울특별시 강남구 역삼동,부상신고사고,0,0,0,1,차대사람 - 기타,기타,포장 - 건조,맑음,단일로 - 기타,화물,남,42세,상해없음,보행자,여,22세,부상신고
2021110700100020,2021년 11월 7일 01시,일요일,서울특별시 성북구 삼선동2가,부상신고사고,0,0,0,1,차대사람 - 횡단중,안전운전불이행,포장 - 기타,기타,교차로 - 교차로안,기타불명,기타불명,미분류,기타불명,보행자,남,57세,부상신고
2021110700100041,2021년 11월 7일 03시,일요일,서울특별시 동작구 흑석동,경상사고,0,0,1,0,차대사람 - 기타,안전운전불이행,포장 - 건조,흐림,기타 - 기타,승용,남,59세,상해없음,보행자,남,38세,경상
2021110700100047,2021년 11월 7일 05시,일요일,서울특별시 동대문구 장안동,사망사고,1,0,0,0,차대사람 - 차도통행중,안전운전불이행,포장 - 건조,흐림,교차로 - 교차로횡단보도내,승용,남,63세,상해없음,보행자,여,86세,사망
2021110700100086,2021년 11월 7일 10시,일요일,서울특별시 도봉구 쌍문동,중상사고,0,1,0,0,차대사람 - 횡단중,보행자보호의무위반,포장 - 건조,맑음,교차로 - 교차로횡단보도내,승용,여,48세,상해없음,보행자,여,70세,중상
2021110700100143,2021년 11월 7일 12시,일요일,서울특별시 관악구 봉천동,경상사고,0,0,1,0,차대사람 - 기타,안전운전불이행,포장 - 건조,맑음,단일로 - 기타,승용,남,55세,경상,보행자,남,25세,상해없음
2021110700100171,2021년 11월 7일 13시,일요일,서울특별시 동대문구 신설동,중상사고,0,1,0,0,차대사람 - 길가장자리구역통행중,안전운전불이행,포장 - 건조,맑음,기타 - 기타,승용,남,66세,상해없음,보행자,남,80세,중상
2021110700100207,2021년 11월 7일 14시,일요일,서울특별시 중랑구 망우동,경상사고,0,0,1,0,차대사람 - 기타,안전운전불이행,포장 - 건조,맑음,교차로 - 교차로안,승용,남,35세,상해없음,보행자,여,85세,경상
2021110700100208,2021년 11월 7일 14시,일요일,서울특별시 중랑구 상봉동,중상사고,0,1,0,0,차대사람 - 길가장자리구역통행중,안전운전불이행,포장 - 건조,맑음,단일로 - 기타,승용,여,24세,상해없음,보행자,남,36세,중상
2021110700100241,2021년 11월 7일 15시,일요일,서울특별시 중구 황학동,부상신고사고,0,0,0,1,차대사람 - 보도통행중,안전운전불이행,포장 - 건조,맑음,미분류 - 미분류,기타불명,기타불명,미분류,기타불명,보행자,여,52세,부상신고
2021110700100244,2021년 11월 7일 15시,일요일,서울특별시 동작구 본동,경상사고,0,0,1,0,차대사람 - 기타,안전운전불이행,포장 - 건조,맑음,단일로 - 기타,자전거,남,68세,기타불명,보행자,남,21세,경상
2021110700100290,2021년 11월 7일 16시,일요일,서울특별시 서대문구 영천동,부상신고사고,0,0,0,1,차대사람 - 기타,안전운전불이행,포장 - 건조,맑음,단일로 - 기타,승합,남,55세,상해없음,보행자,여,63세,부상신고
2021110700100349,2021년 11월 7일 18시,일요일,서울특별시 중랑구 면목동,경상사고,0,0,2,0,차대사람 - 기타,안전운전불이행,포장 - 건조,맑음,단일로 - 기타,승용,남,25세,상해없음,보행자,남,41세,경상
2021110700100350,2021년 11월 7일 18시,일요일,서울특별시 관악구 봉천동,경상사고,0,0,2,0,차대사람 - 기타,안전운전불이행,포장 - 건조,맑음,기타 - 기타,이륜,남,52세,상해없음,보행자,남,74세,경상
2021110700100415,2021년 11월 7일 20시,일요일,서울특별시 영등포구 영등포동5가,중상사고,0,1,0,0,차대사람 - 횡단중,과속,포장 - 건조,맑음,단일로 - 기타,승용,남,28세,상해없음,보행자,남,77세,중상
2021110700100438,2021년 11월 7일 21시,일요일,서울특별시 관악구 신림동,경상사고,0,0,1,0,차대사람 - 기타,안전운전불이행,포장 - 건조,기타,기타 - 기타,자전거,여,38세,상해없음,보행자,남,27세,경상
2021110700100462,2021년 11월 7일 22시,일요일,서울특별시 서초구 방배동,경상사고,0,0,1,0,차대사람 - 기타,안전운전불이행,포장 - 건조,맑음,교차로 - 교차로안,승용,여,40세,상해없음,보행자,남,56세,경상
2021110800100042,2021년 11월 8일 06시,월요일,서울특별시 중구 신당동,중상사고,0,1,0,0,차대사람 - 기타,안전운전불이행,포장 - 젖음/습기,비,단일로 - 기타,승합,남,49세,상해없음,보행자,남,56세,중상
2021110800100043,2021년 11월 8일 06시,월요일,서울특별시 은평구 역촌동,중상사고,0,1,0,0,차대사람 - 횡단중,기타,포장 - 젖음/습기,비,단일로 - 기타,승용,남,62세,상해없음,보행자,여,79세,중상
2021110800100044,2021년 11월 8일 06시,월요일,서울특별시 마포구 아현동,중상사고,0,1,0,0,차대사람 - 기타,중앙선침범,포장 - 기타,맑음,단일로 - 기타,승용,여,56세,상해없음,보행자,남,39세,중상
2021110800100045,2021년 11월 8일 06시,월요일,서울특별시 영등포구 당산동1가,경상사고,0,0,1,0,차대사람 - 횡단중,안전운전불이행,포장 - 건조,맑음,교차로 - 교차로안,승용,남,33세,상해없음,보행자,남,64세,경상
2021110800100061,2021년 11월 8일 07시,월요일,서울특별시 종로구 창신동,중상사고,0,1,0,1,차대사람 - 보도통행중,기타,포장 - 젖음/습기,맑음,단일로 - 기타,개인형이동수단(PM),여,52세,부상신고,보행자,여,60세,중상
2021110800100062,2021년 11월 8일 07시,월요일,서울특별시 영등포구 영등포동7가,중상사고,0,1,0,0,차대사람 - 횡단중,신호위반,포장 - 젖음/습기,비,교차로 - 교차로횡단보도내,승용,남,65세,상해없음,보행자,여,20세,중상
2021110800100064,2021년 11월 8일 07시,월요일,서울특별시 강동구 천호동,사망사고,1,0,0,0,차대사람 - 차도통행중,안전운전불이행,포장 - 젖음/습기,비,교차로 - 교차로횡단보도내,승용,남,64세,상해없음,보행자,여,72세,사망
2021110800100095,2021년 11월 8일 08시,월요일,서울특별시 영등포구 여의도동,경상사고,0,0,1,0,차대사람 - 기타,안전운전불이행,포장 - 젖음/습기,비,단일로 - 기타,승용,남,55세,상해없음,보행자,남,46세,경상
2021110800100142,2021년 11월 8일 09시,월요일,서울특별시 중랑구 망우동,경상사고,0,0,1,0,차대사람 - 기타,안전운전불이행,포장 - 젖음/습기,비,단일로 - 기타,화물,남,35세,상해없음,보행자,여,79세,경상
2021110800100144,2021년 11월 8일 09시,월요일,서울특별시 강남구 신사동,경상사고,0,0,1,0,차대사람 - 보도통행중,보행자보호의무위반,포장 - 젖음/습기,비,단일로 - 기타,승용,남,32세,상해없음,보행자,여,27세,경상
2021110800100179,2021년 11월 8일 10시,월요일,서울특별시 성동구 마장동,경상사고,0,0,1,0,차대사람 - 횡단중,보행자보호의무위반,포장 - 젖음/습기,비,교차로 - 교차로안,화물,남,70세,상해없음,보행자,여,27세,경상
2021110800100250,2021년 11월 8일 12시,월요일,서울특별시 영등포구 영등포동2가,중상사고,0,1,0,0,차대사람 - 기타,안전운전불이행,포장 - 젖음/습기,흐림,단일로 - 기타,승용,남,78세,상해없음,보행자,남,58세,중상
2021110800100251,2021년 11월 8일 12시,월요일,서울특별시 관악구 신림동,경상사고,0,0,1,0,차대사람 - 기타,안전운전불이행,포장 - 젖음/습기,비,교차로 - 교차로안,승용,남,63세,상해없음,보행자,여,7세,경상
2021110800100253,2021년 11월 8일 12시,월요일,서울특별시 강동구 성내동,경상사고,0,0,1,0,차대사람 - 횡단중,안전운전불이행,포장 - 젖음/습기,비,교차로 - 교차로안,화물,남,64세,상해없음,보행자,여,67세,경상
2021110800100285,2021년 11월 8일 13시,월요일,서울특별시 동대문구 전농동,경상사고,0,0,1,0,차대사람 - 횡단중,보행자보호의무위반,포장 - 건조,맑음,단일로 - 기타,화물,남,59세,상해없음,보행자,여,61세,경상
2021110800100317,2021년 11월 8일 14시,월요일,서울특별시 동작구 흑석동,중상사고,0,1,0,0,차대사람 - 횡단중,보행자보호의무위반,포장 - 젖음/습기,비,교차로 - 교차로횡단보도내,승용,여,66세,상해없음,보행자,여,61세,중상
2021110800100351,2021년 11월 8일 15시,월요일,서울특별시 관악구 봉천동,중상사고,0,1,0,0,차대사람 - 차도통행중,교차로운행방법위반,포장 - 건조,맑음,교차로 - 교차로안,화물,남,50세,상해없음,보행자,여,63세,중상
2021110800100426,2021년 11월 8일 17시,월요일,서울특별시 중구 신당동,경상사고,0,0,1,0,차대사람 - 차도통행중,안전운전불이행,포장 - 젖음/습기,비,단일로 - 기타,승용,여,30세,상해없음,보행자,여,53세,경상
2021110800100431,2021년 11월 8일 17시,월요일,서울특별시 강남구 신사동,경상사고,0,0,1,0,차대사람 - 기타,안전운전불이행,포장 - 젖음/습기,비,교차로 - 교차로부근,승용,남,57세,상해없음,보행자,남,33세,경상
2021110800100436,2021년 11월 8일 17시,월요일,서울특별시 서초구 방배동,경상사고,0,0,1,0,차대사람 - 기타,안전운전불이행,포장 - 건조,맑음,단일로 - 기타,승합,남,62세,상해없음,보행자,여,64세,경상
2021110800100482,2021년 11월 8일 18시,월요일,서울특별시 강서구 화곡동,중상사고,0,1,0,0,차대사람 - 보도통행중,안전운전불이행,포장 - 건조,맑음,단일로 - 기타,승용,남,55세,상해없음,보행자,여,72세,중상
2021110800100484,2021년 11월 8일 18시,월요일,서울특별시 서초구 잠원동,경상사고,0,0,1,0,차대사람 - 기타,안전운전불이행,포장 - 건조,맑음,단일로 - 기타,승용,여,38세,상해없음,보행자,여,24세,경상
2021110800100549,2021년 11월 8일 19시,월요일,서울특별시 금천구 가산동,경상사고,0,0,1,0,차대사람 - 기타,안전운전불이행,포장 - 젖음/습기,비,단일로 - 기타,승합,남,55세,상해없음,보행자,남,26세,경상
2021110800100551,2021년 11월 8일 19시,월요일,서울특별시 동작구 상도동,경상사고,0,0,1,0,차대사람 - 기타,안전운전불이행,포장 - 젖음/습기,비,단일로 - 기타,이륜,남,26세,상해없음,보행자,남,59세,경상
2021110800100626,2021년 11월 8일 21시,월요일,서울특별시 관악구 봉천동,경상사고,0,0,1,0,차대사람 - 기타,안전운전불이행,포장 - 건조,맑음,단일로 - 기타,이륜,남,38세,상해없음,보행자,여,28세,경상
2021110800100627,2021년 11월 8일 21시,월요일,서울특별시 송파구 석촌동,중상사고,0,2,0,0,차대사람 - 기타,신호위반,포장 - 건조,맑음,교차로 - 교차로횡단보도내,이륜,남,20세,상해없음,보행자,남,35세,중상
2021110800100678,2021년 11월 8일 23시,월요일,서울특별시 동작구 신대방동,중상사고,0,1,0,0,차대사람 - 차도통행중,안전운전불이행,포장 - 젖음/습기,비,교차로 - 교차로부근,화물,남,56세,상해없음,보행자,남,56세,중상
2021110800100679,2021년 11월 8일 23시,월요일,서울특별시 강동구 성내동,중상사고,0,1,0,0,차대사람 - 횡단중,과속,포장 - 젖음/습기,비,단일로 - 기타,승용,남,36세,상해없음,보행자,남,31세,중상
2021110900100001,2021년 11월 9일 00시,화요일,서울특별시 종로구 창신동,경상사고,0,0,1,0,차대사람 - 기타,안전운전불이행,포장 - 건조,맑음,단일로 - 기타,이륜,남,60세,상해없음,보행자,여,62세,경상
2021110900100003,2021년 11월 9일 00시,화요일,서울특별시 강남구 역삼동,경상사고,0,0,1,0,차대사람 - 기타,안전운전불이행,포장 - 젖음/습기,비,교차로 - 교차로부근,기타불명,기타불명,미분류,기타불명,보행자,남,28세,경상
2021110900100043,2021년 11월 9일 06시,화요일,서울특별시 성북구 하월곡동,중상사고,0,1,0,0,차대사람 - 기타,안전운전불이행,포장 - 건조,맑음,단일로 - 기타,승용,남,57세,상해없음,보행자,남,39세,중상
2021110900100080,2021년 11월 9일 08시,화요일,서울특별시 성북구 장위동,중상사고,0,1,0,0,차대사람 - 횡단중,과속,포장 - 젖음/습기,비,단일로 - 기타,이륜,남,36세,상해없음,보행자,여,69세,중상
2021110900100120,2021년 11월 9일 09시,화요일,서울특별시 금천구 시흥동,경상사고,0,0,1,0,차대사람 - 기타,안전운전불이행,포장 - 젖음/습기,비,단일로 - 기타,원동기,남,66세,상해없음,보행자,여,58세,경상
2021110900100151,2021년 11월 9일 10시,화요일,서울특별시 동대문구 용두동,중상사고,0,1,0,0,차대사람 - 차도통행중,안전운전불이행,포장 - 젖음/습기,흐림,교차로 - 교차로안,자전거,남,71세,상해없음,보행자,여,80세,중상
2021110900100152,2021년 11월 9일 10시,화요일,서울특별시 영등포구 양평동4가,경상사고,0,0,1,0,차대사람 - 기타,안전운전불이행,포장 - 건조,맑음,단일로 - 기타,승용,남,37세,상해없음,보행자,남,47세,경상
2021110900100154,2021년 11월 9일 10시,화요일,서울특별시 송파구 풍납동,경상사고,0,0,1,0,차대사람 - 기타,안전운전불이행,포장 - 건조,맑음,교차로 - 교차로부근,승용,남,80세,상해없음,보행자,남,65세,경상
2021110900100189,2021년 11월 9일 11시,화요일,서울특별시 구로구 온수동,중상사고,0,2,0,0,차대사람 - 기타,안전운전불이행,포장 - 젖음/습기,비,기타 - 기타,화물,남,46세,상해없음,보행자,여,75세,중상
2021110900100263,2021년 11월 9일 13시,화요일,서울특별시 동작구 상도동,경상사고,0,0,1,0,차대사람 - 차도통행중,안전운전불이행,포장 - 젖음/습기,비,단일로 - 기타,승용,여,39세,상해없음,보행자,여,45세,경상
2021110900100296,2021년 11월 9일 14시,화요일,서울특별시 성동구 송정동,중상사고,0,1,0,0,차대사람 - 횡단중,신호위반,포장 - 젖음/습기,비,교차로 - 교차로횡단보도내,화물,남,23세,상해없음,보행자,여,22세,중상
2021110900100329,2021년 11월 9일 15시,화요일,서울특별시 송파구 잠실동,중상사고,0,1,0,0,차대사람 - 기타,안전운전불이행,포장 - 젖음/습기,비,단일로 - 기타,승용,여,40세,상해없음,보행자,남,44세,중상
2021110900100355,2021년 11월 9일 16시,화요일,서울특별시 영등포구 양평동2가,경상사고,0,0,1,0,차대사람 - 기타,안전운전불이행,포장 - 젖음/습기,흐림,단일로 - 기타,승용,남,49세,상해없음,보행자,여,90세,경상
2021110900100357,2021년 11월 9일 16시,화요일,서울특별시 구로구 개봉동,중상사고,0,1,0,0,차대사람 - 길가장자리구역통행중,안전운전불이행,포장 - 젖음/습기,흐림,교차로 - 교차로안,화물,남,34세,상해없음,보행자,여,83세,중상
2021110900100360,2021년 11월 9일 16시,화요일,서울특별시 은평구 불광동,중상사고,0,1,0,0,차대사람 - 횡단중,보행자보호의무위반,포장 - 건조,맑음,교차로 - 교차로횡단보도내,화물,남,75세,상해없음,보행자,여,71세,중상
2021110900100535,2021년 11월 9일 19시,화요일,서울특별시 마포구 신수동,경상사고,0,0,1,0,차대사람 - 횡단중,안전운전불이행,포장 - 건조,맑음,단일로 - 기타,이륜,남,30세,상해없음,보행자,남,56세,경상
2021110900100536,2021년 11월 9일 19시,화요일,서울특별시 성북구 하월곡동,경상사고,0,0,1,0,차대사람 - 횡단중,안전운전불이행,포장 - 건조,맑음,단일로 - 기타,승용,여,48세,상해없음,보행자,여,60세,경상
2021110900100538,2021년 11월 9일 19시,화요일,서울특별시 은평구 갈현동,경상사고,0,0,1,0,차대사람 - 길가장자리구역통행중,안전운전불이행,포장 - 건조,맑음,단일로 - 기타,승용,남,72세,상해없음,보행자,남,56세,경상
2021110900100640,2021년 11월 9일 22시,화요일,서울특별시 관악구 봉천동,중상사고,0,2,0,0,차대사람 - 기타,안전운전불이행,포장 - 건조,흐림,단일로 - 기타,승용,남,24세,상해없음,보행자,남,34세,중상
2021111000100055,2021년 11월 10일 06시,수요일,서울특별시 강서구 화곡동,경상사고,0,0,1,0,차대사람 - 횡단중,보행자보호의무위반,포장 - 건조,맑음,교차로 - 교차로횡단보도내,기타불명,기타불명,미분류,기타불명,보행자,남,49세,경상
2021111000100107,2021년 11월 10일 08시,수요일,서울특별시 동대문구 청량리동,중상사고,0,1,0,0,차대사람 - 보도통행중,신호위반,포장 - 건조,맑음,기타 - 기타,승합,남,60세,상해없음,보행자,여,59세,중상
2021111000100109,2021년 11월 10일 08시,수요일,서울특별시 노원구 월계동,부상신고사고,0,0,0,1,차대사람 - 횡단중,신호위반,포장 - 건조,맑음,단일로 - 기타,승용,남,79세,상해없음,보행자,여,10세,부상신고
2021111000100153,2021년 11월 10일 09시,수요일,서울특별시 서대문구 냉천동,경상사고,0,0,1,0,차대사람 - 기타,안전운전불이행,포장 - 건조,맑음,단일로 - 기타,승합,남,51세,상해없음,보행자,여,66세,경상
2021111000100154,2021년 11월 10일 09시,수요일,서울특별시 광진구 군자동,중상사고,0,1,0,0,차대사람 - 횡단중,보행자보호의무위반,포장 - 건조,맑음,기타 - 기타,승용,남,41세,상해없음,보행자,여,42세,중상
2021111000100158,2021년 11월 10일 09시,수요일,서울특별시 강동구 암사동,경상사고,0,0,1,0,차대사람 - 기타,안전운전불이행,포장 - 건조,맑음,기타 - 기타,기타불명,기타불명,미분류,기타불명,보행자,여,86세,경상
2021111000100159,2021년 11월 10일 09시,수요일,서울특별시 양천구 신정동,경상사고,0,0,1,0,차대사람 - 횡단중,안전운전불이행,포장 - 건조,맑음,교차로 - 교차로부근,승용,남,38세,상해없음,보행자,여,65세,경상
2021111000100223,2021년 11월 10일 12시,수요일,서울특별시 동대문구 이문동,경상사고,0,0,1,0,차대사람 - 기타,안전운전불이행,포장 - 젖음/습기,흐림,기타 - 기타,건설기계,남,68세,상해없음,보행자,남,67세,경상
2021111000100352,2021년 11월 10일 16시,수요일,서울특별시 중구 신당동,부상신고사고,0,0,0,1,차대사람 - 차도통행중,안전운전불이행,포장 - 건조,맑음,단일로 - 기타,승용,여,29세,상해없음,보행자,여,77세,부상신고
2021111000100390,2021년 11월 10일 17시,수요일,서울특별시 영등포구 대림동,경상사고,0,0,1,0,차대사람 - 기타,안전운전불이행,포장 - 건조,맑음,단일로 - 기타,승용,남,70세,상해없음,보행자,남,48세,경상
2021111000100393,2021년 11월 10일 17시,수요일,서울특별시 송파구 방이동,경상사고,0,0,1,0,차대사람 - 기타,안전운전불이행,포장 - 건조,맑음,단일로 - 기타,기타불명,기타불명,미분류,기타불명,보행자,여,21세,경상
2021111000100431,2021년 11월 10일 18시,수요일,서울특별시 서초구 잠원동,경상사고,0,0,1,0,차대사람 - 기타,안전운전불이행,포장 - 건조,맑음,교차로 - 교차로안,화물,남,55세,상해없음,보행자,남,41세,경상
2021111000100499,2021년 11월 10일 19시,수요일,서울특별시 강남구 논현동,중상사고,0,1,0,0,차대사람 - 보도통행중,보행자보호의무위반,포장 - 건조,맑음,교차로 - 교차로횡단보도내,승용,여,48세,상해없음,보행자,여,26세,중상
2021111000100529,2021년 11월 10일 20시,수요일,서울특별시 성동구 성수동1가,중상사고,0,1,0,0,차대사람 - 차도통행중,안전운전불이행,포장 - 건조,맑음,단일로 - 터널,승용,남,49세,상해없음,보행자,여,83세,중상
2021111000100576,2021년 11월 10일 21시,수요일,서울특별시 관악구 신림동,경상사고,0,0,1,0,차대사람 - 기타,기타,포장 - 건조,맑음,단일로 - 기타,승합,남,46세,상해없음,보행자,여,31세,경상
2021111000100593,2021년 11월 10일 22시,수요일,서울특별시 광진구 화양동,경상사고,0,0,1,0,차대사람 - 차도통행중,안전운전불이행,포장 - 건조,맑음,단일로 - 기타,승용,남,55세,상해없음,보행자,여,21세,경상
2021111000100623,2021년 11월 10일 23시,수요일,서울특별시 강서구 화곡동,중상사고,0,1,0,0,차대사람 - 횡단중,보행자보호의무위반,포장 - 건조,맑음,단일로 - 기타,승용,남,59세,상해없음,보행자,남,38세,중상
2021111100100069,2021년 11월 11일 07시,목요일,서울특별시 양천구 신월동,중상사고,0,1,0,0,차대사람 - 보도통행중,안전운전불이행,포장 - 건조,맑음,기타 - 기타,자전거,남,37세,상해없음,보행자,여,68세,중상
2021111100100182,2021년 11월 11일 10시,목요일,서울특별시 성북구 길음동,중상사고,0,1,0,0,차대사람 - 기타,보행자보호의무위반,포장 - 건조,맑음,단일로 - 기타,승용,여,35세,상해없음,보행자,남,51세,중상