사고번호,사고일시,요일,시군구,사고내용,사망자수,중상자수,경상자수,부상신고자수,사고유형,법규위반,노면상태,기상상태,도로형태,가해운전자 차종,가해운전자 성별,가해운전자 연령,가해운전자 상해정도,피해운전자 차종,피해운전자 성별,피해운전자 연령,피해운전자 상해정도
2021111600100032,2021년 11월 16일 03시,화요일,서울특별시 서초구 서초동,경상사고,0,0,1,0,차대사람 - 기타,안전운전불이행,포장 - 건조,맑음,단일로 - 기타,승용,남,55세,상해없음,보행자,남,27세,경상
2021111600100051,2021년 11월 16일 06시,화요일,서울특별시 광진구 자양동,사망사고,1,0,0,0,차대사람 - 기타,안전운전불이행,포장 - 건조,맑음,단일로 - 기타,승용,남,28세,상해없음,보행자,여,28세,사망
2021111600100072,2021년 11월 16일 07시,화요일,서울특별시 금천구 시흥동,중상사고,0,1,0,0,차대사람 - 기타,안전운전불이행,포장 - 건조,맑음,교차로 - 교차로안,화물,남,56세,상해없음,보행자,남,67세,중상
2021111600100075,2021년 11월 16일 07시,화요일,서울특별시 관악구 봉천동,경상사고,0,0,1,0,차대사람 - 기타,기타,포장 - 건조,맑음,단일로 - 기타,승합,남,49세,상해없음,보행자,여,71세,경상
2021111600100076,2021년 11월 16일 07시,화요일,서울특별시 양천구 신정동,경상사고,0,0,1,0,차대사람 - 횡단중,안전운전불이행,포장 - 건조,맑음,단일로 - 기타,승용,남,36세,상해없음,보행자,여,64세,경상
2021111600100098,2021년 11월 16일 08시,화요일,서울특별시 중구 의주로1가,중상사고,0,1,0,0,차대사람 - 보도통행중,보행자보호의무위반,포장 - 건조,맑음,단일로 - 기타,승용,여,84세,상해없음,보행자,여,44세,중상
2021111600100101,2021년 11월 16일 08시,화요일,서울특별시 성동구 성수동2가,경상사고,0,0,1,0,차대사람 - 차도통행중,안전운전불이행,포장 - 건조,맑음,단일로 - 기타,개인형이동수단(PM),여,19세,상해없음,보행자,여,30세,경상
2021111600100149,2021년 11월 16일 09시,화요일,서울특별시 서초구 잠원동,경상사고,0,0,1,0,차대사람 - 횡단중,보행자보호의무위반,포장 - 건조,맑음,단일로 - 기타,승용,남,64세,상해없음,보행자,여,26세,경상
2021111600100184,2021년 11월 16일 10시,화요일,서울특별시 강동구 천호동,경상사고,0,0,1,0,차대사람 - 횡단중,보행자보호의무위반,포장 - 건조,맑음,단일로 - 기타,건설기계,남,46세,상해없음,보행자,여,77세,경상
2021111600100220,2021년 11월 16일 11시,화요일,서울특별시 강서구 방화동,경상사고,0,0,1,0,차대사람 - 횡단중,신호위반,포장 - 건조,맑음,교차로 - 교차로횡단보도내,승용,남,80세,상해없음,보행자,여,78세,경상
2021111600100251,2021년 11월 16일 12시,화요일,서울특별시 양천구 목동,경상사고,0,0,1,0,차대사람 - 횡단중,신호위반,포장 - 건조,맑음,단일로 - 기타,이륜,남,41세,상해없음,보행자,남,7세,경상
2021111600100292,2021년 11월 16일 13시,화요일,서울특별시 영등포구 대림동,중상사고,0,1,0,0,차대사람 - 기타,안전운전불이행,포장 - 건조,맑음,기타 - 기타,승용,여,57세,상해없음,보행자,여,75세,중상
2021111600100358,2021년 11월 16일 15시,화요일,서울특별시 성북구 장위동,경상사고,0,0,1,0,차대사람 - 기타,안전운전불이행,포장 - 건조,맑음,단일로 - 기타,승합,남,37세,상해없음,보행자,여,66세,경상
2021111600100389,2021년 11월 16일 16시,화요일,서울특별시 은평구 진관동,중상사고,0,1,0,0,차대사람 - 횡단중,안전운전불이행,포장 - 건조,맑음,교차로 - 교차로부근,화물,남,59세,상해없음,보행자,여,64세,중상
2021111600100390,2021년 11월 16일 16시,화요일,서울특별시 은평구 갈현동,경상사고,0,0,1,0,차대사람 - 길가장자리구역통행중,안전운전불이행,포장 - 건조,맑음,교차로 - 교차로부근,승용,남,92세,상해없음,보행자,남,12세,경상
2021111600100431,2021년 11월 16일 17시,화요일,서울특별시 동대문구 청량리동,중상사고,0,1,0,0,차대사람 - 횡단중,보행자보호의무위반,포장 - 건조,맑음,단일로 - 기타,승용,여,37세,상해없음,보행자,남,60세,중상
2021111600100432,2021년 11월 16일 17시,화요일,서울특별시 영등포구 양평동1가,부상신고사고,0,0,0,1,차대사람 - 기타,안전운전불이행,포장 - 건조,맑음,단일로 - 기타,승용,여,40세,상해없음,보행자,남,13세,부상신고
2021111600100531,2021년 11월 16일 19시,화요일,서울특별시 성동구 행당동,중상사고,0,1,0,0,차대사람 - 기타,안전운전불이행,포장 - 건조,맑음,교차로 - 교차로안,승용,남,58세,상해없음,보행자,남,69세,중상
2021111600100532,2021년 11월 16일 19시,화요일,서울특별시 금천구 독산동,사망사고,1,0,0,0,차대사람 - 차도통행중,과속,포장 - 건조,맑음,단일로 - 기타,승용,남,44세,상해없음,보행자,남,80세,사망
2021111600100533,2021년 11월 16일 19시,화요일,서울특별시 강서구 내발산동,경상사고,0,0,1,0,차대사람 - 기타,안전운전불이행,포장 - 건조,맑음,교차로 - 교차로안,승용,남,43세,상해없음,보행자,남,44세,경상
2021111600100568,2021년 11월 16일 20시,화요일,서울특별시 강남구 청담동,경상사고,0,0,1,0,차대사람 - 기타,안전운전불이행,포장 - 건조,맑음,주차장 - 주차장,승용,남,49세,상해없음,보행자,남,21세,경상
2021111700100018,2021년 11월 17일 02시,수요일,서울특별시 서초구 방배동,경상사고,0,0,1,0,차대사람 - 기타,안전운전불이행,포장 - 건조,맑음,기타 - 기타,승용,남,28세,상해없음,보행자,남,52세,경상
2021111700100039,2021년 11월 17일 06시,수요일,서울특별시 서대문구 남가좌동,경상사고,0,0,1,0,차대사람 - 횡단중,보행자보호의무위반,포장 - 건조,맑음,교차로 - 교차로안,승용,여,28세,상해없음,보행자,남,66세,경상
2021111700100061,2021년 11월 17일 07시,수요일,서울특별시 강서구 화곡동,경상사고,0,0,1,0,차대사람 - 횡단중,안전운전불이행,포장 - 건조,맑음,기타 - 기타,승용,남,68세,상해없음,보행자,남,30세,경상
2021111700100077,2021년 11월 17일 08시,수요일,서울특별시 강서구 방화동,중상사고,0,1,0,0,차대사람 - 길가장자리구역통행중,보행자보호의무위반,포장 - 건조,맑음,교차로 - 교차로횡단보도내,화물,남,29세,상해없음,보행자,여,74세,중상
2021111700100078,2021년 11월 17일 08시,수요일,서울특별시 송파구 방이동,중상사고,0,1,0,0,차대사람 - 횡단중,보행자보호의무위반,포장 - 건조,기타,단일로 - 기타,승용,여,43세,상해없음,보행자,남,83세,중상
2021111700100128,2021년 11월 17일 09시,수요일,서울특별시 서초구 서초동,중상사고,0,1,0,0,차대사람 - 차도통행중,안전운전불이행,포장 - 건조,맑음,단일로 - 기타,승용,여,25세,상해없음,보행자,남,55세,중상
2021111700100160,2021년 11월 17일 10시,수요일,서울특별시 중랑구 신내동,중상사고,0,1,1,0,차대사람 - 기타,안전운전불이행,포장 - 건조,맑음,주차장 - 주차장,승용,남,81세,상해없음,보행자,여,51세,중상
2021111700100242,2021년 11월 17일 12시,수요일,서울특별시 성동구 성수동1가,경상사고,0,0,1,0,차대사람 - 기타,안전운전불이행,포장 - 건조,맑음,단일로 - 기타,이륜,남,32세,상해없음,보행자,남,21세,경상
2021111700100243,2021년 11월 17일 12시,수요일,서울특별시 동작구 흑석동,중상사고,0,1,0,0,차대사람 - 기타,안전운전불이행,포장 - 건조,맑음,단일로 - 기타,승용,남,34세,상해없음,보행자,여,72세,중상
2021111700100271,2021년 11월 17일 13시,수요일,서울특별시 중구 다동,경상사고,0,0,1,0,차대사람 - 횡단중,안전운전불이행,포장 - 건조,맑음,단일로 - 기타,이륜,남,43세,상해없음,보행자,남,31세,경상
2021111700100276,2021년 11월 17일 13시,수요일,서울특별시 중랑구 면목동,중상사고,0,1,0,0,차대사람 - 길가장자리구역통행중,안전운전불이행,포장 - 건조,맑음,단일로 - 기타,승용,여,41세,상해없음,보행자,여,62세,중상
2021111700100281,2021년 11월 17일 13시,수요일,서울특별시 강남구 역삼동,경상사고,0,0,1,0,차대사람 - 기타,보행자보호의무위반,포장 - 건조,맑음,교차로 - 교차로안,승용,남,67세,상해없음,보행자,남,40세,경상
2021111700100393,2021년 11월 17일 16시,수요일,서울특별시 용산구 청파동3가,중상사고,0,1,1,0,차대사람 - 기타,신호위반,포장 - 건조,맑음,교차로 - 교차로부근,승용,남,51세,경상,보행자,여,65세,중상
2021111700100396,2021년 11월 17일 16시,수요일,서울특별시 노원구 상계동,경상사고,0,0,1,0,차대사람 - 기타,안전운전불이행,포장 - 건조,맑음,단일로 - 기타,승용,남,60세,상해없음,보행자,남,48세,경상
2021111700100496,2021년 11월 17일 18시,수요일,서울특별시 동대문구 답십리동,경상사고,0,0,1,0,차대사람 - 횡단중,보행자보호의무위반,포장 - 건조,맑음,교차로 - 교차로횡단보도내,이륜,남,53세,상해없음,보행자,여,53세,경상
2021111700100637,2021년 11월 17일 21시,수요일,서울특별시 동대문구 휘경동,경상사고,0,0,1,0,차대사람 - 보도통행중,보행자보호의무위반,포장 - 건조,맑음,교차로 - 교차로횡단보도내,승용,남,18세,상해없음,보행자,여,69세,경상
2021111700100672,2021년 11월 17일 23시,수요일,서울특별시 노원구 상계동,경상사고,0,0,1,0,차대사람 - 차도통행중,안전운전불이행,포장 - 건조,맑음,단일로 - 교량,기타불명,기타불명,미분류,기타불명,보행자,남,54세,경상
2021111700100673,2021년 11월 17일 23시,수요일,서울특별시 서초구 방배동,경상사고,0,0,1,0,차대사람 - 기타,안전운전불이행,포장 - 건조,맑음,단일로 - 기타,승용,남,69세,상해없음,보행자,여,33세,경상
2021111800100021,2021년 11월 18일 02시,목요일,서울특별시 서초구 서초동,경상사고,0,0,1,0,차대사람 - 기타,안전운전불이행,포장 - 건조,맑음,단일로 - 기타,승용,남,18세,상해없음,보행자,남,29세,경상
2021111800100035,2021년 11월 18일 04시,목요일,서울특별시 강북구 번동,경상사고,0,0,1,0,차대사람 - 횡단중,안전운전불이행,포장 - 건조,맑음,단일로 - 기타,이륜,남,26세,상해없음,보행자,여,31세,경상
2021111800100060,2021년 11월 18일 07시,목요일,서울특별시 성북구 정릉동,경상사고,0,0,1,0,차대사람 - 횡단중,신호위반,포장 - 건조,맑음,교차로 - 교차로안,승용,남,53세,상해없음,보행자,여,33세,경상
2021111800100086,2021년 11월 18일 08시,목요일,서울특별시 도봉구 도봉동,중상사고,0,1,0,0,차대사람 - 횡단중,안전운전불이행,포장 - 건조,맑음,단일로 - 기타,승용,남,59세,상해없음,보행자,여,73세,중상
2021111800100188,2021년 11월 18일 11시,목요일,서울특별시 성동구 하왕십리동,경상사고,0,0,1,0,차대사람 - 길가장자리구역통행중,안전운전불이행,포장 - 건조,맑음,단일로 - 기타,승용,여,24세,상해없음,보행자,여,22세,경상
2021111800100228,2021년 11월 18일 12시,목요일,서울특별시 구로구 구로동,경상사고,0,0,1,0,차대사람 - 보도통행중,안전운전불이행,포장 - 건조,맑음,단일로 - 기타,이륜,남,32세,상해없음,보행자,여,53세,경상
2021111800100256,2021년 11월 18일 13시,목요일,서울특별시 양천구 신정동,중상사고,0,1,0,0,차대사람 - 기타,안전운전불이행,포장 - 건조,맑음,교차로 - 교차로안,승용,여,35세,상해없음,보행자,남,59세,중상
2021111800100257,2021년 11월 18일 13시,목요일,서울특별시 양천구 신월동,경상사고,0,0,1,0,차대사람 - 기타,안전운전불이행,포장 - 건조,맑음,단일로 - 기타,승용,여,60세,상해없음,보행자,남,58세,경상
2021111800100311,2021년 11월 18일 15시,목요일,서울특별시 용산구 갈월동,경상사고,0,0,1,0,차대사람 - 기타,기타,포장 - 건조,맑음,단일로 - 기타,승합,남,62세,상해없음,보행자,여,54세,경상
2021111800100347,2021년 11월 18일 16시,목요일,서울특별시 성북구 석관동,부상신고사고,0,0,0,1,차대사람 - 횡단중,기타,포장 - 기타,맑음,단일로 - 기타,자전거,남,59세,상해없음,보행자,여,79세,부상신고
2021111800100349,2021년 11월 18일 16시,목요일,서울특별시 도봉구 창동,중상사고,0,1,2,0,차대사람 - 횡단중,안전운전불이행,포장 - 건조,흐림,교차로 - 교차로안,승합,남,57세,상해없음,보행자,여,7세,경상
2021111800100441,2021년 11월 18일 18시,목요일,서울특별시 서초구 양재동,중상사고,0,1,0,0,차대사람 - 기타,보행자보호의무위반,포장 - 건조,맑음,교차로 - 교차로부근,승용,여,42세,상해없음,보행자,남,38세,중상
2021111800100497,2021년 11월 18일 19시,목요일,서울특별시 중랑구 망우동,중상사고,0,1,0,0,차대사람 - 횡단중,보행자보호의무위반,포장 - 건조,맑음,교차로 - 교차로부근,승용,남,46세,상해없음,보행자,남,55세,중상
2021111800100554,2021년 11월 18일 21시,목요일,서울특별시 성북구 보문동7가,중상사고,0,1,0,0,차대사람 - 횡단중,안전운전불이행,포장 - 건조,맑음,교차로 - 교차로횡단보도내,승용,남,35세,상해없음,보행자,남,66세,중상
2021111800100557,2021년 11월 18일 21시,목요일,서울특별시 강남구 수서동,중상사고,0,1,0,0,차대사람 - 기타,기타,포장 - 건조,맑음,단일로 - 기타,승합,남,56세,상해없음,보행자,남,47세,중상
2021111800100580,2021년 11월 18일 22시,목요일,서울특별시 영등포구 영등포동3가,부상신고사고,0,0,0,1,차대사람 - 기타,보행자보호의무위반,포장 - 건조,맑음,단일로 - 기타,승용,남,67세,상해없음,보행자,남,41세,부상신고
2021111800100583,2021년 11월 18일 22시,목요일,서울특별시 강서구 방화동,경상사고,0,0,2,0,차대사람 - 보도통행중,안전운전불이행,포장 - 건조,흐림,단일로 - 기타,승용,남,46세,기타불명,보행자,남,58세,경상
2021111800100604,2021년 11월 18일 23시,목요일,서울특별시 중구 신당동,경상사고,0,0,1,0,차대사람 - 횡단중,안전운전불이행,포장 - 건조,맑음,교차로 - 교차로안,승용,남,71세,상해없음,보행자,여,29세,경상
2021111900100043,2021년 11월 19일 03시,금요일,서울특별시 강남구 논현동,경상사고,0,0,1,0,차대사람 - 기타,안전운전불이행,포장 - 건조,맑음,단일로 - 기타,승용,남,35세,상해없음,보행자,남,22세,경상
2021111900100044,2021년 11월 19일 03시,금요일,서울특별시 강남구 신사동,경상사고,0,0,1,0,차대사람 - 기타,안전운전불이행,포장 - 건조,기타,교차로 - 교차로부근,승용,남,33세,상해없음,보행자,남,26세,경상
2021111900100052,2021년 11월 19일 05시,금요일,서울특별시 중랑구 면목동,중상사고,0,1,0,0,차대사람 - 횡단중,안전운전불이행,포장 - 건조,흐림,교차로 - 교차로횡단보도내,화물,남,63세,상해없음,보행자,남,78세,중상
2021111900100053,2021년 11월 19일 05시,금요일,서울특별시 관악구 봉천동,경상사고,0,0,1,0,차대사람 - 차도통행중,안전운전불이행,포장 - 건조,맑음,단일로 - 기타,이륜,여,42세,상해없음,보행자,남,27세,경상
2021111900100058,2021년 11월 19일 06시,금요일,서울특별시 금천구 가산동,중상사고,0,1,0,0,차대사람 - 기타,안전운전불이행,포장 - 건조,맑음,교차로 - 교차로안,화물,남,63세,상해없음,보행자,여,76세,중상
2021111900100061,2021년 11월 19일 06시,금요일,서울특별시 강서구 가양동,중상사고,0,1,0,0,차대사람 - 횡단중,보행자보호의무위반,포장 - 건조,맑음,교차로 - 교차로횡단보도내,승용,남,66세,상해없음,보행자,여,73세,중상
2021111900100079,2021년 11월 19일 07시,금요일,서울특별시 관악구 봉천동,경상사고,0,0,1,0,차대사람 - 횡단중,보행자보호의무위반,포장 - 건조,기타,교차로 - 교차로횡단보도내,승용,여,71세,상해없음,보행자,남,47세,경상
2021111900100096,2021년 11월 19일 08시,금요일,서울특별시 관악구 봉천동,경상사고,0,0,1,0,차대사람 - 기타,보행자보호의무위반,포장 - 건조,맑음,단일로 - 기타,자전거,남,73세,상해없음,보행자,여,48세,경상
2021111900100131,2021년 11월 19일 09시,금요일,서울특별시 성북구 삼선동4가,경상사고,0,0,1,0,차대사람 - 기타,안전운전불이행,포장 - 건조,맑음,교차로 - 교차로부근,승용,남,44세,상해없음,보행자,남,52세,경상
2021111900100156,2021년 11월 19일 10시,금요일,서울특별시 송파구 문정동,경상사고,0,0,1,0,차대사람 - 기타,안전운전불이행,포장 - 건조,맑음,교차로 - 교차로안,승용,남,33세,상해없음,보행자,남,60세,경상
2021111900100186,2021년 11월 19일 11시,금요일,서울특별시 중구 명동2가,경상사고,0,0,1,0,차대사람 - 길가장자리구역통행중,안전운전불이행,포장 - 건조,맑음,단일로 - 기타,승합,남,58세,상해없음,보행자,여,56세,경상
2021111900100222,2021년 11월 19일 12시,금요일,서울특별시 동대문구 이문동,중상사고,0,1,0,0,차대사람 - 횡단중,안전운전불이행,포장 - 건조,맑음,교차로 - 교차로부근,건설기계,남,37세,상해없음,보행자,남,58세,중상
2021111900100223,2021년 11월 19일 12시,금요일,서울특별시 동작구 상도동,경상사고,0,0,1,0,차대사람 - 횡단중,안전운전불이행,포장 - 건조,맑음,교차로 - 교차로안,승용,남,57세,상해없음,보행자,여,22세,경상
2021111900100287,2021년 11월 19일 14시,금요일,서울특별시 중구 충무로5가,경상사고,0,0,2,0,차대사람 - 보도통행중,안전운전불이행,포장 - 건조,맑음,기타 - 기타,이륜,남,58세,경상,보행자,여,63세,경상
2021111900100288,2021년 11월 19일 14시,금요일,서울특별시 서대문구 남가좌동,중상사고,0,1,0,0,차대사람 - 기타,안전운전불이행,포장 - 건조,맑음,단일로 - 기타,승용,남,69세,상해없음,보행자,남,28세,중상
2021111900100318,2021년 11월 19일 15시,금요일,서울특별시 동대문구 답십리동,경상사고,0,0,1,0,차대사람 - 기타,안전운전불이행,포장 - 건조,맑음,단일로 - 기타,승용,남,55세,상해없음,보행자,남,30세,경상
2021111900100321,2021년 11월 19일 15시,금요일,서울특별시 광진구 구의동,중상사고,0,1,0,0,차대사람 - 기타,안전운전불이행,포장 - 건조,맑음,단일로 - 기타,자전거,남,67세,상해없음,보행자,여,59세,중상
2021111900100322,2021년 11월 19일 15시,금요일,서울특별시 송파구 거여동,중상사고,0,1,0,0,차대사람 - 기타,안전운전불이행,포장 - 건조,맑음,단일로 - 기타,승용,남,59세,상해없음,보행자,남,81세,중상
2021111900100323,2021년 11월 19일 15시,금요일,서울특별시 구로구 고척동,중상사고,0,1,0,0,차대사람 - 차도통행중,안전운전불이행,포장 - 건조,맑음,단일로 - 기타,자전거,여,60세,상해없음,보행자,여,68세,중상
2021111900100326,2021년 11월 19일 15시,금요일,서울특별시 노원구 상계동,경상사고,0,0,1,0,차대사람 - 횡단중,안전운전불이행,포장 - 건조,맑음,교차로 - 교차로안,승용,여,55세,상해없음,보행자,여,53세,경상
2021111900100357,2021년 11월 19일 16시,금요일,서울특별시 중구 명동2가,경상사고,0,0,1,0,차대사람 - 기타,안전운전불이행,포장 - 건조,맑음,기타 - 기타,화물,남,57세,상해없음,보행자,여,41세,경상
2021111900100358,2021년 11월 19일 16시,금요일,서울특별시 강북구 수유동,경상사고,0,0,1,0,차대사람 - 차도통행중,안전운전불이행,포장 - 건조,맑음,단일로 - 기타,승합,남,45세,상해없음,보행자,여,26세,경상
2021111900100364,2021년 11월 19일 16시,금요일,서울특별시 강남구 역삼동,경상사고,0,0,1,0,차대사람 - 기타,안전운전불이행,포장 - 건조,맑음,단일로 - 기타,승용,여,34세,상해없음,보행자,남,40세,경상
2021111900100470,2021년 11월 19일 18시,금요일,서울특별시 서대문구 창천동,경상사고,0,0,1,0,차대사람 - 기타,안전운전불이행,포장 - 건조,맑음,단일로 - 기타,화물,남,61세,상해없음,보행자,여,54세,경상
2021111900100475,2021년 11월 19일 18시,금요일,서울특별시 영등포구 문래동6가,경상사고,0,0,1,0,차대사람 - 횡단중,안전운전불이행,포장 - 건조,맑음,단일로 - 기타,승용,남,68세,기타불명,보행자,남,29세,경상
2021111900100476,2021년 11월 19일 18시,금요일,서울특별시 영등포구 신길동,경상사고,0,0,1,0,차대사람 - 기타,안전운전불이행,포장 - 건조,맑음,단일로 - 기타,승용,남,61세,상해없음,보행자,남,20세,경상
2021111900100479,2021년 11월 19일 18시,금요일,서울특별시 송파구 가락동,경상사고,0,0,1,0,차대사람 - 보도통행중,안전운전불이행,포장 - 건조,맑음,단일로 - 기타,승용,남,64세,기타불명,보행자,남,32세,경상
2021111900100616,2021년 11월 19일 21시,금요일,서울특별시 서초구 방배동,경상사고,0,0,1,0,차대사람 - 보도통행중,기타,포장 - 건조,맑음,기타 - 기타,승용,남,70세,상해없음,보행자,남,20세,경상
2021111900100669,2021년 11월 19일 23시,금요일,서울특별시 성동구 성수동2가,경상사고,0,0,1,0,차대사람 - 기타,신호위반,포장 - 건조,맑음,단일로 - 기타,개인형이동수단(PM),기타불명,미분류,기타불명,보행자,남,27세,경상
2021111900100672,2021년 11월 19일 23시,금요일,서울특별시 강남구 역삼동,중상사고,0,1,0,0,차대사람 - 기타,안전운전불이행,포장 - 건조,맑음,단일로 - 기타,승용,남,32세,상해없음,보행자,여,25세,중상
2021112000100024,2021년 11월 20일 01시,토요일,서울특별시 강남구 신사동,경상사고,0,0,1,0,차대사람 - 기타,안전운전불이행,포장 - 건조,맑음,단일로 - 기타,승용,남,56세,상해없음,보행자,남,30세,경상
2021112000100041,2021년 11월 20일 02시,토요일,서울특별시 성북구 안암동5가,경상사고,0,0,1,0,차대사람 - 기타,안전운전불이행,포장 - 건조,맑음,단일로 - 기타,승용,남,69세,상해없음,보행자,남,31세,경상
2021112000100043,2021년 11월 20일 02시,토요일,서울특별시 노원구 상계동,경상사고,0,0,1,0,차대사람 - 기타,안전운전불이행,포장 - 건조,맑음,단일로 - 기타,승용,여,36세,상해없음,보행자,남,19세,경상
2021112000100132,2021년 11월 20일 10시,토요일,서울특별시 관악구 신림동,경상사고,0,0,1,0,차대사람 - 기타,안전운전불이행,포장 - 건조,맑음,단일로 - 기타,승용,남,61세,상해없음,보행자,남,50세,경상
2021112000100199,2021년 11월 20일 12시,토요일,서울특별시 동대문구 전농동,경상사고,0,0,1,0,차대사람 - 보도통행중,기타,포장 - 건조,맑음,단일로 - 기타,이륜,남,58세,상해없음,보행자,남,40세,경상
2021112000100200,2021년 11월 20일 12시,토요일,서울특별시 마포구 서교동,중상사고,0,1,0,0,차대사람 - 기타,중앙선침범,포장 - 건조,맑음,단일로 - 기타,자전거,남,56세,상해없음,보행자,남,50세,중상
2021112000100232,2021년 11월 20일 13시,토요일,서울특별시 동작구 상도동,중상사고,0,1,0,0,차대사람 - 기타,안전운전불이행,포장 - 건조,맑음,단일로 - 기타,승용,남,32세,상해없음,보행자,여,56세,중상
2021112000100317,2021년 11월 20일 15시,토요일,서울특별시 송파구 방이동,경상사고,0,0,1,0,차대사람 - 차도통행중,안전운전불이행,포장 - 건조,맑음,단일로 - 기타,승용,여,31세,상해없음,보행자,남,66세,경상
2021112000100349,2021년 11월 20일 16시,토요일,서울특별시 서대문구 남가좌동,경상사고,0,0,1,0,차대사람 - 횡단중,안전운전불이행,포장 - 건조,맑음,단일로 - 기타,화물,남,65세,상해없음,보행자,여,74세,경상
2021112000100380,2021년 11월 20일 17시,토요일,서울특별시 관악구 신림동,경상사고,0,0,1,0,차대사람 - 기타,교차로운행방법위반,포장 - 건조,맑음,교차로 - 교차로안,승용,남,61세,상해없음,보행자,남,62세,경상
2021112000100381,2021년 11월 20일 17시,토요일,서울특별시 강남구 논현동,중상사고,0,1,0,0,차대사람 - 횡단중,안전운전불이행,포장 - 건조,맑음,단일로 - 기타,승용,여,56세,상해없음,보행자,남,79세,중상
2021112000100425,2021년 11월 20일 18시,토요일,서울특별시 동작구 노량진동,부상신고사고,0,0,0,1,차대사람 - 차도통행중,안전운전불이행,포장 - 건조,맑음,교차로 - 교차로안,이륜,남,30세,부상신고,보행자,여,45세,상해없음
2021112000100475,2021년 11월 20일 19시,토요일,서울특별시 관악구 신림동,경상사고,0,0,1,0,차대사람 - 기타,기타,포장 - 건조,맑음,단일로 - 기타,승합,남,56세,상해없음,보행자,여,63세,경상
2021112000100505,2021년 11월 20일 20시,토요일,서울특별시 중랑구 신내동,중상사고,0,1,0,0,차대사람 - 기타,안전운전불이행,포장 - 건조,맑음,단일로 - 기타,기타불명,기타불명,미분류,기타불명,보행자,남,64세,중상
2021112000100507,2021년 11월 20일 20시,토요일,서울특별시 강서구 등촌동,경상사고,0,0,1,0,차대사람 - 기타,안전운전불이행,포장 - 건조,맑음,단일로 - 기타,승용,여,28세,상해없음,보행자,남,57세,경상
2021112000100552,2021년 11월 20일 22시,토요일,서울특별시 종로구 종로2가,경상사고,0,0,1,0,차대사람 - 기타,안전운전불이행,포장 - 건조,맑음,단일로 - 기타,승합,남,47세,상해없음,보행자,남,43세,경상
2021112000100556,2021년 11월 20일 22시,토요일,서울특별시 송파구 방이동,경상사고,0,0,1,0,차대사람 - 차도통행중,안전운전불이행,포장 - 건조,맑음,단일로 - 기타,승용,남,39세,상해없음,보행자,남,25세,경상
2021112100100001,2021년 11월 21일 00시,일요일,서울특별시 광진구 화양동,경상사고,0,0,1,0,차대사람 - 횡단중,안전운전불이행,포장 - 건조,맑음,단일로 - 기타,승용,여,44세,상해없음,보행자,여,17세,경상
2021112100100002,2021년 11월 21일 00시,일요일,서울특별시 서초구 잠원동,경상사고,0,0,1,0,차대사람 - 기타,안전운전불이행,포장 - 건조,맑음,단일로 - 기타,이륜,남,47세,상해없음,보행자,남,31세,경상
2021112100100042,2021년 11월 21일 03시,일요일,서울특별시 용산구 한강로2가,경상사고,0,0,2,0,차대사람 - 기타,보행자보호의무위반,포장 - 건조,맑음,기타 - 기타,승용,여,36세,기타불명,보행자,남,44세,경상
2021112100100069,2021년 11월 21일 08시,일요일,서울특별시 동대문구 휘경동,중상사고,0,1,0,0,차대사람 - 횡단중,보행자보호의무위반,포장 - 건조,맑음,단일로 - 기타,승용,남,63세,상해없음,보행자,여,19세,중상
2021112100100070,2021년 11월 21일 08시,일요일,서울특별시 영등포구 영등포동3가,경상사고,0,0,1,0,차대사람 - 기타,안전운전불이행,포장 - 건조,맑음,단일로 - 기타,승용,남,39세,상해없음,보행자,여,58세,경상
2021112100100169,2021년 11월 21일 13시,일요일,서울특별시 동작구 사당동,경상사고,0,0,1,0,차대사람 - 길가장자리구역통행중,안전운전불이행,포장 - 건조,맑음,교차로 - 교차로안,승용,여,67세,상해없음,보행자,여,44세,경상
2021112100100266,2021년 11월 21일 16시,일요일,서울특별시 송파구 마천동,경상사고,0,0,1,0,차대사람 - 기타,안전운전불이행,포장 - 건조,맑음,단일로 - 기타,승용,남,61세,상해없음,보행자,남,8세,경상
2021112100100297,2021년 11월 21일 17시,일요일,서울특별시 중랑구 신내동,경상사고,0,0,1,0,차대사람 - 횡단중,안전운전불이행,포장 - 건조,맑음,교차로 - 교차로횡단보도내,승용,남,63세,상해없음,보행자,여,28세,경상
2021112100100343,2021년 11월 21일 18시,일요일,서울특별시 금천구 독산동,중상사고,0,1,0,0,차대사람 - 기타,안전운전불이행,포장 - 건조,맑음,단일로 - 기타,승용,남,65세,상해없음,보행자,여,55세,중상
2021112100100438,2021년 11월 21일 21시,일요일,서울특별시 구로구 구로동,경상사고,0,0,1,0,차대사람 - 차도통행중,중앙선침범,포장 - 젖음/습기,비,단일로 - 기타,승용,남,39세,상해없음,보행자,남,39세,경상
2021112100100463,2021년 11월 21일 22시,일요일,서울특별시 서대문구 남가좌동,경상사고,0,0,1,0,차대사람 - 기타,안전운전불이행,포장 - 건조,맑음,단일로 - 기타,이륜,남,35세,상해없음,보행자,남,20세,경상