사고번호,사고일시,요일,시군구,사고내용,사망자수,중상자수,경상자수,부상신고자수,사고유형,법규위반,노면상태,기상상태,도로형태,가해운전자 차종,가해운전자 성별,가해운전자 연령,가해운전자 상해정도,피해운전자 차종,피해운전자 성별,피해운전자 연령,피해운전자 상해정도
2021120200100456,2021년 12월 2일 18시,목요일,서울특별시 구로구 고척동,중상사고,0,1,0,0,차대사람 - 보도통행중,신호위반,포장 - 건조,맑음,교차로 - 교차로횡단보도내,승합,남,60세,상해없음,보행자,남,57세,중상
2021120200100457,2021년 12월 2일 18시,목요일,서울특별시 서초구 방배동,경상사고,0,0,1,0,차대사람 - 보도통행중,안전운전불이행,포장 - 건조,맑음,기타 - 기타,개인형이동수단(PM),여,22세,상해없음,보행자,여,36세,경상
2021120200100514,2021년 12월 2일 19시,목요일,서울특별시 동작구 상도동,경상사고,0,0,1,0,차대사람 - 기타,보행자보호의무위반,포장 - 건조,기타,기타 - 기타,승용,여,63세,상해없음,보행자,남,33세,경상
2021120200100516,2021년 12월 2일 19시,목요일,서울특별시 강서구 내발산동,경상사고,0,0,1,0,차대사람 - 기타,안전운전불이행,포장 - 건조,흐림,단일로 - 기타,기타불명,기타불명,미분류,기타불명,보행자,남,7세,경상
2021120200100517,2021년 12월 2일 19시,목요일,서울특별시 송파구 석촌동,경상사고,0,0,1,0,차대사람 - 기타,안전운전불이행,포장 - 건조,맑음,단일로 - 기타,승용,남,56세,상해없음,보행자,남,77세,경상
2021120200100518,2021년 12월 2일 19시,목요일,서울특별시 서초구 반포동,중상사고,0,1,0,0,차대사람 - 차도통행중,안전운전불이행,포장 - 젖음/습기,흐림,기타 - 기타,승합,남,61세,상해없음,보행자,남,48세,중상
2021120200100574,2021년 12월 2일 21시,목요일,서울특별시 성동구 성수동2가,경상사고,0,0,1,0,차대사람 - 기타,안전운전불이행,포장 - 건조,맑음,교차로 - 교차로횡단보도내,승용,남,46세,상해없음,보행자,남,79세,경상
2021120200100595,2021년 12월 2일 22시,목요일,서울특별시 마포구 상암동,중상사고,0,1,0,0,차대사람 - 횡단중,안전운전불이행,포장 - 젖음/습기,맑음,교차로 - 교차로안,승용,여,41세,상해없음,보행자,여,25세,중상
2021120300100001,2021년 12월 3일 00시,금요일,서울특별시 마포구 노고산동,경상사고,0,0,1,0,차대사람 - 횡단중,신호위반,포장 - 젖음/습기,흐림,교차로 - 교차로안,이륜,남,25세,상해없음,보행자,여,22세,경상
2021120300100002,2021년 12월 3일 00시,금요일,서울특별시 송파구 방이동,중상사고,0,2,0,0,차대사람 - 기타,신호위반,포장 - 건조,맑음,교차로 - 교차로안,이륜,남,18세,상해없음,보행자,남,31세,중상
2021120300100014,2021년 12월 3일 01시,금요일,서울특별시 강남구 삼성동,중상사고,0,1,0,0,차대사람 - 기타,안전운전불이행,포장 - 건조,맑음,단일로 - 기타,승용,남,32세,상해없음,보행자,남,29세,중상
2021120300100030,2021년 12월 3일 03시,금요일,서울특별시 구로구 오류동,중상사고,0,1,0,0,차대사람 - 횡단중,안전운전불이행,포장 - 건조,맑음,교차로 - 교차로횡단보도내,승용,남,46세,상해없음,보행자,남,44세,중상
2021120300100032,2021년 12월 3일 04시,금요일,서울특별시 용산구 한남동,중상사고,0,2,0,0,차대사람 - 횡단중,보행자보호의무위반,포장 - 건조,맑음,단일로 - 기타,화물,남,65세,상해없음,보행자,남,36세,중상
2021120300100051,2021년 12월 3일 06시,금요일,서울특별시 영등포구 양평동3가,중상사고,0,1,0,0,차대사람 - 차도통행중,안전운전불이행,포장 - 건조,맑음,교차로 - 교차로안,승용,여,33세,상해없음,보행자,남,87세,중상
2021120300100134,2021년 12월 3일 08시,금요일,서울특별시 동대문구 전농동,경상사고,0,0,1,0,차대사람 - 횡단중,신호위반,포장 - 건조,맑음,교차로 - 교차로부근,승용,여,31세,상해없음,보행자,남,26세,경상
2021120300100226,2021년 12월 3일 10시,금요일,서울특별시 노원구 상계동,중상사고,0,1,0,0,차대사람 - 횡단중,보행자보호의무위반,포장 - 건조,맑음,교차로 - 교차로안,승용,남,72세,상해없음,보행자,여,78세,중상
2021120300100254,2021년 12월 3일 11시,금요일,서울특별시 동대문구 휘경동,경상사고,0,0,1,0,차대사람 - 차도통행중,안전운전불이행,포장 - 기타,기타,단일로 - 기타,자전거,남,78세,상해없음,보행자,여,63세,경상
2021120300100260,2021년 12월 3일 11시,금요일,서울특별시 강남구 역삼동,중상사고,0,1,0,0,차대사람 - 횡단중,보행자보호의무위반,포장 - 건조,맑음,교차로 - 교차로횡단보도내,승용,남,46세,상해없음,보행자,남,72세,중상
2021120300100295,2021년 12월 3일 12시,금요일,서울특별시 서초구 서초동,경상사고,0,0,1,0,차대사람 - 기타,안전운전불이행,포장 - 건조,맑음,단일로 - 기타,승용,남,63세,상해없음,보행자,여,25세,경상
2021120300100323,2021년 12월 3일 13시,금요일,서울특별시 동대문구 답십리동,경상사고,0,0,1,0,차대사람 - 횡단중,안전운전불이행,포장 - 건조,맑음,단일로 - 기타,승용,여,31세,상해없음,보행자,여,80세,경상
2021120300100326,2021년 12월 3일 13시,금요일,서울특별시 강남구 삼성동,경상사고,0,0,1,0,차대사람 - 길가장자리구역통행중,안전운전불이행,포장 - 건조,맑음,단일로 - 기타,승용,남,31세,상해없음,보행자,남,65세,경상
2021120300100327,2021년 12월 3일 13시,금요일,서울특별시 서초구 반포동,부상신고사고,0,0,0,1,차대사람 - 기타,안전운전불이행,포장 - 건조,맑음,단일로 - 기타,승용,여,66세,상해없음,보행자,남,57세,부상신고
2021120300100364,2021년 12월 3일 14시,금요일,서울특별시 광진구 광장동,경상사고,0,0,3,0,차대사람 - 기타,보행자보호의무위반,포장 - 건조,맑음,단일로 - 기타,승용,남,48세,상해없음,보행자,여,47세,경상
2021120300100369,2021년 12월 3일 14시,금요일,서울특별시 노원구 상계동,중상사고,0,1,0,0,차대사람 - 기타,안전운전불이행,포장 - 건조,맑음,단일로 - 기타,승용,남,22세,상해없음,보행자,남,19세,중상
2021120300100371,2021년 12월 3일 14시,금요일,서울특별시 노원구 중계동,경상사고,0,0,1,0,차대사람 - 기타,안전운전불이행,포장 - 건조,맑음,단일로 - 기타,승용,남,60세,상해없음,보행자,남,40세,경상
2021120300100372,2021년 12월 3일 14시,금요일,서울특별시 서초구 반포동,경상사고,0,0,1,0,차대사람 - 기타,안전운전불이행,포장 - 건조,맑음,교차로 - 교차로부근,승합,남,57세,상해없음,보행자,여,25세,경상
2021120300100404,2021년 12월 3일 15시,금요일,서울특별시 강남구 삼성동,부상신고사고,0,0,0,1,차대사람 - 차도통행중,안전운전불이행,포장 - 건조,맑음,교차로 - 교차로안,승용,남,40세,상해없음,보행자,남,55세,부상신고
2021120300100483,2021년 12월 3일 17시,금요일,서울특별시 성북구 돈암동,경상사고,0,0,1,0,차대사람 - 횡단중,보행자보호의무위반,포장 - 건조,맑음,단일로 - 기타,승용,여,49세,상해없음,보행자,남,35세,경상
2021120300100488,2021년 12월 3일 17시,금요일,서울특별시 양천구 신정동,중상사고,0,1,0,0,차대사람 - 기타,안전운전불이행,포장 - 건조,맑음,교차로 - 교차로안,승용,여,49세,상해없음,보행자,남,60세,중상
2021120300100537,2021년 12월 3일 18시,금요일,서울특별시 용산구 용산동6가,사망사고,1,0,0,0,차대사람 - 횡단중,과속,포장 - 건조,맑음,단일로 - 기타,승용,남,53세,상해없음,보행자,여,54세,사망
2021120300100541,2021년 12월 3일 18시,금요일,서울특별시 양천구 목동,경상사고,0,0,1,0,차대사람 - 길가장자리구역통행중,안전운전불이행,포장 - 건조,맑음,교차로 - 교차로부근,승용,여,45세,상해없음,보행자,남,41세,경상
2021120300100605,2021년 12월 3일 19시,금요일,서울특별시 관악구 신림동,경상사고,0,0,1,0,차대사람 - 길가장자리구역통행중,안전운전불이행,포장 - 건조,맑음,단일로 - 기타,승용,여,53세,상해없음,보행자,남,42세,경상
2021120300100642,2021년 12월 3일 20시,금요일,서울특별시 성동구 금호동2가,경상사고,0,0,1,0,차대사람 - 횡단중,안전운전불이행,포장 - 건조,맑음,교차로 - 교차로횡단보도내,이륜,남,48세,상해없음,보행자,여,25세,경상
2021120300100701,2021년 12월 3일 22시,금요일,서울특별시 강동구 성내동,경상사고,0,0,1,0,차대사람 - 횡단중,안전운전불이행,포장 - 건조,맑음,교차로 - 교차로안,승용,여,61세,상해없음,보행자,남,44세,경상
2021120400100001,2021년 12월 4일 00시,토요일,서울특별시 강북구 수유동,중상사고,0,1,0,0,차대사람 - 기타,안전운전불이행,포장 - 건조,맑음,단일로 - 기타,이륜,남,40세,상해없음,보행자,남,25세,중상
2021120400100020,2021년 12월 4일 01시,토요일,서울특별시 마포구 도화동,중상사고,0,1,0,0,차대사람 - 기타,신호위반,포장 - 건조,맑음,교차로 - 교차로안,승용,남,24세,상해없음,보행자,남,48세,중상
2021120400100022,2021년 12월 4일 01시,토요일,서울특별시 서초구 서초동,경상사고,0,0,1,0,차대사람 - 기타,안전운전불이행,포장 - 건조,맑음,단일로 - 기타,승용,남,33세,상해없음,보행자,남,31세,경상
2021120400100023,2021년 12월 4일 01시,토요일,서울특별시 노원구 월계동,중상사고,0,1,0,0,차대사람 - 기타,안전운전불이행,포장 - 건조,맑음,주차장 - 주차장,승용,남,28세,상해없음,보행자,남,31세,중상
2021120400100063,2021년 12월 4일 06시,토요일,서울특별시 노원구 상계동,중상사고,0,1,0,0,차대사람 - 횡단중,안전운전불이행,포장 - 건조,맑음,교차로 - 교차로부근,승용,남,69세,상해없음,보행자,여,79세,중상
2021120400100073,2021년 12월 4일 07시,토요일,서울특별시 강남구 청담동,경상사고,0,0,1,0,차대사람 - 보도통행중,보행자보호의무위반,포장 - 건조,맑음,단일로 - 기타,승용,남,62세,상해없음,보행자,여,26세,경상
2021120400100084,2021년 12월 4일 08시,토요일,서울특별시 강남구 대치동,중상사고,0,1,0,0,차대사람 - 기타,안전운전불이행,포장 - 건조,맑음,기타 - 기타,승용,남,76세,상해없음,보행자,남,55세,중상
2021120400100146,2021년 12월 4일 11시,토요일,서울특별시 서초구 서초동,경상사고,0,0,1,0,차대사람 - 기타,기타,포장 - 건조,맑음,단일로 - 기타,승용,남,73세,상해없음,보행자,여,29세,경상
2021120400100180,2021년 12월 4일 12시,토요일,서울특별시 강북구 수유동,중상사고,0,1,0,0,차대사람 - 기타,안전운전불이행,포장 - 건조,맑음,단일로 - 기타,승합,남,58세,상해없음,보행자,여,76세,중상
2021120400100220,2021년 12월 4일 13시,토요일,서울특별시 종로구 통인동,경상사고,0,0,1,0,차대사람 - 기타,안전운전불이행,포장 - 건조,맑음,단일로 - 기타,승용,여,55세,상해없음,보행자,여,40세,경상
2021120400100223,2021년 12월 4일 13시,토요일,서울특별시 동작구 사당동,경상사고,0,0,1,0,차대사람 - 횡단중,안전운전불이행,포장 - 건조,맑음,단일로 - 기타,승용,여,54세,상해없음,보행자,남,63세,경상
2021120400100286,2021년 12월 4일 15시,토요일,서울특별시 서대문구 홍제동,경상사고,0,0,1,0,차대사람 - 기타,안전운전불이행,포장 - 건조,맑음,단일로 - 기타,승용,여,21세,상해없음,보행자,여,57세,경상
2021120400100341,2021년 12월 4일 17시,토요일,서울특별시 종로구 구기동,경상사고,0,0,1,0,차대사람 - 기타,안전운전불이행,포장 - 건조,맑음,교차로 - 교차로부근,승용,남,50세,상해없음,보행자,여,13세,경상
2021120400100344,2021년 12월 4일 17시,토요일,서울특별시 중랑구 묵동,중상사고,0,1,0,0,차대사람 - 횡단중,안전운전불이행,포장 - 건조,맑음,교차로 - 교차로안,승용,여,49세,상해없음,보행자,여,30세,중상
2021120400100345,2021년 12월 4일 17시,토요일,서울특별시 성북구 석관동,중상사고,0,1,0,0,차대사람 - 차도통행중,안전운전불이행,포장 - 건조,맑음,교차로 - 교차로부근,화물,여,69세,상해없음,보행자,여,80세,중상
2021120400100433,2021년 12월 4일 19시,토요일,서울특별시 서대문구 홍은동,경상사고,0,0,1,0,차대사람 - 보도통행중,기타,포장 - 건조,맑음,기타 - 기타,승용,남,39세,상해없음,보행자,남,32세,경상
2021120500100005,2021년 12월 5일 00시,일요일,서울특별시 서초구 반포동,경상사고,0,0,2,0,차대사람 - 기타,안전운전불이행,포장 - 건조,맑음,교차로 - 교차로안,승용,남,28세,상해없음,보행자,남,31세,경상
2021120500100011,2021년 12월 5일 01시,일요일,서울특별시 강북구 수유동,경상사고,0,0,1,0,차대사람 - 기타,안전운전불이행,포장 - 건조,맑음,단일로 - 기타,승합,남,53세,상해없음,보행자,남,21세,경상
2021120500100029,2021년 12월 5일 02시,일요일,서울특별시 서초구 반포동,부상신고사고,0,0,0,1,차대사람 - 기타,안전운전불이행,포장 - 건조,맑음,기타 - 기타,기타불명,기타불명,미분류,기타불명,보행자,남,27세,부상신고
2021120500100063,2021년 12월 5일 07시,일요일,서울특별시 강북구 수유동,경상사고,0,0,1,0,차대사람 - 기타,안전운전불이행,포장 - 건조,흐림,단일로 - 기타,승용,남,36세,상해없음,보행자,남,21세,경상
2021120500100071,2021년 12월 5일 08시,일요일,서울특별시 금천구 시흥동,경상사고,0,0,1,0,차대사람 - 기타,안전운전불이행,포장 - 건조,맑음,단일로 - 기타,승용,남,41세,상해없음,보행자,여,18세,경상
2021120500100086,2021년 12월 5일 09시,일요일,서울특별시 성북구 돈암동,중상사고,0,1,1,0,차대사람 - 횡단중,안전운전불이행,포장 - 건조,맑음,교차로 - 교차로안,승용,남,69세,상해없음,보행자,남,57세,경상
2021120500100100,2021년 12월 5일 10시,일요일,서울특별시 영등포구 대림동,경상사고,0,0,1,0,차대사람 - 차도통행중,안전운전불이행,포장 - 건조,맑음,단일로 - 기타,승용,남,40세,상해없음,보행자,남,61세,경상
2021120500100145,2021년 12월 5일 12시,일요일,서울특별시 마포구 서교동,경상사고,0,0,1,0,차대사람 - 횡단중,신호위반,포장 - 건조,맑음,교차로 - 교차로안,개인형이동수단(PM),남,41세,상해없음,보행자,여,27세,경상
2021120500100146,2021년 12월 5일 12시,일요일,서울특별시 중랑구 묵동,경상사고,0,0,1,0,차대사람 - 횡단중,보행자보호의무위반,포장 - 건조,맑음,교차로 - 교차로안,승용,남,50세,상해없음,보행자,여,60세,경상
2021120500100149,2021년 12월 5일 12시,일요일,서울특별시 강남구 대치동,경상사고,0,0,1,0,차대사람 - 기타,안전운전불이행,포장 - 건조,맑음,교차로 - 교차로안,승용,여,49세,상해없음,보행자,남,46세,경상
2021120500100180,2021년 12월 5일 13시,일요일,서울특별시 서초구 잠원동,중상사고,0,1,0,0,차대사람 - 횡단중,신호위반,포장 - 건조,맑음,교차로 - 교차로횡단보도내,승용,남,67세,상해없음,보행자,남,54세,중상
2021120500100209,2021년 12월 5일 14시,일요일,서울특별시 광진구 중곡동,경상사고,0,0,1,0,차대사람 - 길가장자리구역통행중,안전운전불이행,포장 - 건조,맑음,교차로 - 교차로부근,화물,남,47세,상해없음,보행자,남,76세,경상
2021120500100235,2021년 12월 5일 15시,일요일,서울특별시 강서구 내발산동,경상사고,0,0,1,0,차대사람 - 보도통행중,기타,포장 - 건조,맑음,기타 - 기타,자전거,남,68세,상해없음,보행자,여,77세,경상
2021120500100353,2021년 12월 5일 19시,일요일,서울특별시 성동구 행당동,경상사고,0,0,1,0,차대사람 - 보도통행중,보행자보호의무위반,포장 - 건조,맑음,교차로 - 교차로횡단보도내,승용,남,44세,기타불명,보행자,여,19세,경상
2021120500100355,2021년 12월 5일 19시,일요일,서울특별시 송파구 거여동,중상사고,0,1,0,0,차대사람 - 횡단중,신호위반,포장 - 건조,맑음,교차로 - 교차로안,이륜,남,18세,상해없음,보행자,남,44세,중상
2021120500100387,2021년 12월 5일 20시,일요일,서울특별시 동작구 대방동,중상사고,0,1,0,0,차대사람 - 기타,기타,포장 - 건조,맑음,교차로 - 교차로부근,승용,남,63세,상해없음,보행자,여,35세,중상
2021120600100014,2021년 12월 6일 05시,월요일,서울특별시 동대문구 제기동,경상사고,0,0,1,0,차대사람 - 기타,안전운전불이행,포장 - 건조,맑음,단일로 - 기타,승합,남,66세,상해없음,보행자,여,62세,경상
2021120600100103,2021년 12월 6일 09시,월요일,서울특별시 동작구 대방동,중상사고,0,1,0,0,차대사람 - 횡단중,보행자보호의무위반,포장 - 건조,맑음,교차로 - 교차로횡단보도내,승용,남,62세,상해없음,보행자,여,16세,중상
2021120600100104,2021년 12월 6일 09시,월요일,서울특별시 송파구 잠실동,중상사고,0,1,0,0,차대사람 - 횡단중,보행자보호의무위반,포장 - 건조,맑음,단일로 - 기타,승용,남,65세,상해없음,보행자,여,84세,중상
2021120600100105,2021년 12월 6일 09시,월요일,서울특별시 서초구 방배동,경상사고,0,0,1,0,차대사람 - 횡단중,보행자보호의무위반,포장 - 건조,맑음,기타 - 기타,승용,여,31세,상해없음,보행자,남,57세,경상
2021120600100106,2021년 12월 6일 09시,월요일,서울특별시 서초구 방배동,경상사고,0,0,1,0,차대사람 - 횡단중,보행자보호의무위반,포장 - 건조,맑음,단일로 - 기타,승용,남,51세,상해없음,보행자,남,41세,경상
2021120600100139,2021년 12월 6일 10시,월요일,서울특별시 구로구 구로동,경상사고,0,0,1,0,차대사람 - 기타,안전운전불이행,포장 - 건조,맑음,기타 - 기타,승합,남,59세,기타불명,보행자,남,36세,경상
2021120600100200,2021년 12월 6일 12시,월요일,서울특별시 금천구 가산동,중상사고,0,1,0,0,차대사람 - 횡단중,보행자보호의무위반,포장 - 건조,맑음,교차로 - 교차로안,승용,여,30세,상해없음,보행자,여,47세,중상
2021120600100202,2021년 12월 6일 12시,월요일,서울특별시 송파구 송파동,부상신고사고,0,0,0,1,차대사람 - 보도통행중,안전운전불이행,포장 - 건조,맑음,단일로 - 기타,승용,여,61세,상해없음,보행자,남,46세,부상신고
2021120600100264,2021년 12월 6일 14시,월요일,서울특별시 도봉구 쌍문동,경상사고,0,0,2,0,차대사람 - 기타,신호위반,포장 - 건조,맑음,교차로 - 교차로안,승용,남,21세,상해없음,보행자,여,53세,경상
2021120600100286,2021년 12월 6일 15시,월요일,서울특별시 강서구 화곡동,중상사고,0,1,0,0,차대사람 - 차도통행중,안전운전불이행,포장 - 건조,맑음,교차로 - 교차로안,승용,여,47세,상해없음,보행자,여,82세,중상
2021120600100289,2021년 12월 6일 15시,월요일,서울특별시 양천구 신정동,중상사고,0,1,0,0,차대사람 - 보도통행중,안전운전불이행,포장 - 건조,맑음,단일로 - 기타,자전거,남,72세,상해없음,보행자,여,85세,중상
2021120600100317,2021년 12월 6일 16시,월요일,서울특별시 구로구 구로동,중상사고,0,1,0,0,차대사람 - 길가장자리구역통행중,기타,포장 - 건조,맑음,단일로 - 기타,화물,남,73세,상해없음,보행자,여,66세,중상
2021120600100318,2021년 12월 6일 16시,월요일,서울특별시 구로구 항동,경상사고,0,0,2,0,차대사람 - 기타,안전운전불이행,포장 - 건조,기타,기타 - 기타,화물,남,47세,기타불명,보행자,남,8세,경상
2021120600100394,2021년 12월 6일 18시,월요일,서울특별시 서대문구 홍제동,경상사고,0,0,1,0,차대사람 - 기타,안전운전불이행,포장 - 건조,맑음,단일로 - 기타,승용,남,42세,상해없음,보행자,남,18세,경상
2021120600100395,2021년 12월 6일 18시,월요일,서울특별시 은평구 증산동,경상사고,0,0,1,0,차대사람 - 기타,안전운전불이행,포장 - 건조,맑음,교차로 - 교차로안,화물,남,60세,상해없음,보행자,여,68세,경상
2021120600100401,2021년 12월 6일 18시,월요일,서울특별시 금천구 독산동,경상사고,0,0,1,0,차대사람 - 기타,안전운전불이행,포장 - 건조,맑음,단일로 - 기타,기타불명,기타불명,미분류,기타불명,보행자,여,32세,경상
2021120600100408,2021년 12월 6일 18시,월요일,서울특별시 강남구 도곡동,중상사고,0,1,1,0,차대사람 - 횡단중,보행자보호의무위반,포장 - 건조,맑음,교차로 - 교차로횡단보도내,승용,남,24세,상해없음,보행자,여,88세,중상
2021120600100493,2021년 12월 6일 20시,월요일,서울특별시 강서구 공항동,경상사고,0,0,1,0,차대사람 - 기타,안전운전불이행,포장 - 건조,맑음,기타 - 기타,승용,남,65세,상해없음,보행자,남,58세,경상
2021120600100515,2021년 12월 6일 21시,월요일,서울특별시 중구 신당동,경상사고,0,0,1,0,차대사람 - 기타,신호위반,포장 - 건조,맑음,교차로 - 교차로횡단보도내,자전거,남,47세,상해없음,보행자,여,69세,경상
2021120600100539,2021년 12월 6일 22시,월요일,서울특별시 강서구 화곡동,경상사고,0,0,1,0,차대사람 - 차도통행중,안전운전불이행,포장 - 건조,맑음,단일로 - 기타,승용,남,19세,상해없음,보행자,여,52세,경상
2021120600100540,2021년 12월 6일 22시,월요일,서울특별시 송파구 잠실동,경상사고,0,0,1,0,차대사람 - 기타,안전운전불이행,포장 - 건조,맑음,교차로 - 교차로부근,승용,남,59세,상해없음,보행자,여,26세,경상
2021120700100019,2021년 12월 7일 01시,화요일,서울특별시 은평구 갈현동,경상사고,0,0,1,0,차대사람 - 길가장자리구역통행중,안전운전불이행,포장 - 건조,맑음,교차로 - 교차로부근,이륜,남,25세,상해없음,보행자,남,47세,경상
2021120700100045,2021년 12월 7일 06시,화요일,서울특별시 강남구 일원동,경상사고,0,0,1,0,차대사람 - 횡단중,보행자보호의무위반,포장 - 건조,맑음,교차로 - 교차로횡단보도내,승용,남,39세,상해없음,보행자,남,82세,경상
2021120700100058,2021년 12월 7일 07시,화요일,서울특별시 구로구 개봉동,경상사고,0,0,1,0,차대사람 - 기타,안전운전불이행,포장 - 건조,기타,기타 - 기타,승합,남,53세,상해없음,보행자,남,60세,경상
2021120700100084,2021년 12월 7일 08시,화요일,서울특별시 금천구 가산동,경상사고,0,0,1,0,차대사람 - 기타,안전운전불이행,포장 - 건조,맑음,교차로 - 교차로부근,승용,여,52세,상해없음,보행자,여,56세,경상
2021120700100125,2021년 12월 7일 09시,화요일,서울특별시 강남구 대치동,경상사고,0,0,1,0,차대사람 - 횡단중,보행자보호의무위반,포장 - 건조,맑음,단일로 - 기타,승용,남,49세,상해없음,보행자,남,30세,경상
2021120700100200,2021년 12월 7일 12시,화요일,서울특별시 서대문구 연희동,경상사고,0,0,1,0,차대사람 - 차도통행중,안전운전불이행,포장 - 건조,맑음,단일로 - 기타,승용,남,62세,상해없음,보행자,남,51세,경상
2021120700100201,2021년 12월 7일 12시,화요일,서울특별시 강북구 수유동,중상사고,0,1,0,0,차대사람 - 기타,안전운전불이행,포장 - 건조,맑음,교차로 - 교차로안,화물,남,62세,상해없음,보행자,여,83세,중상
2021120700100203,2021년 12월 7일 12시,화요일,서울특별시 성동구 성수동1가,경상사고,0,0,1,0,차대사람 - 기타,안전운전불이행,포장 - 건조,맑음,단일로 - 기타,승용,남,57세,상해없음,보행자,남,44세,경상
2021120700100204,2021년 12월 7일 12시,화요일,서울특별시 동작구 노량진동,경상사고,0,0,1,0,차대사람 - 보도통행중,안전운전불이행,포장 - 건조,맑음,단일로 - 기타,승용,남,30세,상해없음,보행자,남,31세,경상
2021120700100252,2021년 12월 7일 13시,화요일,서울특별시 동대문구 장안동,부상신고사고,0,0,0,1,차대사람 - 기타,안전운전불이행,포장 - 건조,맑음,단일로 - 기타,승용,남,48세,상해없음,보행자,여,5세,부상신고
2021120700100254,2021년 12월 7일 13시,화요일,서울특별시 중랑구 상봉동,경상사고,0,0,1,0,차대사람 - 차도통행중,안전운전불이행,포장 - 건조,맑음,단일로 - 기타,승용,남,41세,상해없음,보행자,남,85세,경상
2021120700100322,2021년 12월 7일 15시,화요일,서울특별시 강북구 수유동,중상사고,0,1,0,0,차대사람 - 기타,안전운전불이행,포장 - 건조,맑음,단일로 - 기타,승용,남,40세,상해없음,보행자,여,86세,중상
2021120700100325,2021년 12월 7일 15시,화요일,서울특별시 동작구 신대방동,경상사고,0,0,1,0,차대사람 - 기타,안전운전불이행,포장 - 건조,맑음,단일로 - 기타,승용,남,69세,상해없음,보행자,남,12세,경상
2021120700100327,2021년 12월 7일 15시,화요일,서울특별시 관악구 봉천동,경상사고,0,0,1,0,차대사람 - 차도통행중,안전운전불이행,포장 - 건조,맑음,교차로 - 교차로부근,승용,남,38세,상해없음,보행자,여,15세,경상
2021120700100357,2021년 12월 7일 16시,화요일,서울특별시 송파구 가락동,중상사고,0,1,0,0,차대사람 - 기타,안전운전불이행,포장 - 건조,기타,기타 - 기타,승용,여,42세,상해없음,보행자,여,67세,중상
2021120700100453,2021년 12월 7일 18시,화요일,서울특별시 강서구 가양동,경상사고,0,0,1,0,차대사람 - 기타,보행자보호의무위반,포장 - 건조,맑음,단일로 - 기타,승용,남,45세,상해없음,보행자,여,71세,경상
2021120700100457,2021년 12월 7일 18시,화요일,서울특별시 노원구 중계동,중상사고,0,1,0,0,차대사람 - 횡단중,신호위반,포장 - 건조,맑음,교차로 - 교차로안,승용,남,50세,상해없음,보행자,여,73세,중상
2021120700100498,2021년 12월 7일 19시,화요일,서울특별시 성동구 성수동1가,경상사고,0,0,1,0,차대사람 - 기타,안전운전불이행,포장 - 건조,맑음,단일로 - 기타,자전거,남,59세,상해없음,보행자,여,28세,경상
2021120700100502,2021년 12월 7일 19시,화요일,서울특별시 강남구 개포동,경상사고,0,0,1,0,차대사람 - 기타,안전운전불이행,포장 - 건조,맑음,단일로 - 기타,승용,남,34세,상해없음,보행자,남,53세,경상
2021120700100530,2021년 12월 7일 20시,화요일,서울특별시 강북구 미아동,중상사고,0,1,0,0,차대사람 - 기타,직진우회전진행방해,포장 - 건조,맑음,교차로 - 교차로부근,승용,남,62세,상해없음,보행자,여,61세,중상
2021120700100535,2021년 12월 7일 20시,화요일,서울특별시 양천구 신월동,경상사고,0,0,1,0,차대사람 - 횡단중,안전운전불이행,포장 - 건조,맑음,단일로 - 기타,화물,남,50세,상해없음,보행자,남,41세,경상
2021120700100536,2021년 12월 7일 20시,화요일,서울특별시 노원구 공릉동,중상사고,0,1,0,0,차대사람 - 차도통행중,안전운전불이행,포장 - 건조,맑음,교차로 - 교차로안,승합,남,66세,상해없음,보행자,여,28세,중상
2021120700100562,2021년 12월 7일 21시,화요일,서울특별시 구로구 구로동,경상사고,0,0,1,0,차대사람 - 보도통행중,신호위반,포장 - 건조,맑음,단일로 - 기타,이륜,남,63세,상해없음,보행자,남,29세,경상
2021120700100571,2021년 12월 7일 22시,화요일,서울특별시 중구 회현동1가,중상사고,0,1,0,0,차대사람 - 기타,안전운전불이행,포장 - 건조,맑음,기타 - 기타,화물,남,46세,상해없음,보행자,여,22세,중상
2021120800100031,2021년 12월 8일 05시,수요일,서울특별시 도봉구 도봉동,중상사고,0,1,0,0,차대사람 - 길가장자리구역통행중,안전운전불이행,포장 - 젖음/습기,맑음,기타 - 기타,승합,남,52세,상해없음,보행자,여,75세,중상
2021120800100032,2021년 12월 8일 05시,수요일,서울특별시 강남구 대치동,중상사고,0,1,0,0,차대사람 - 횡단중,보행자보호의무위반,포장 - 건조,맑음,교차로 - 교차로안,화물,남,42세,상해없음,보행자,여,73세,중상
2021120800100095,2021년 12월 8일 08시,수요일,서울특별시 동대문구 전농동,경상사고,0,0,1,0,차대사람 - 기타,안전운전불이행,포장 - 건조,맑음,단일로 - 기타,승합,남,48세,상해없음,보행자,여,81세,경상
2021120800100134,2021년 12월 8일 09시,수요일,서울특별시 송파구 석촌동,부상신고사고,0,0,0,1,차대사람 - 보도통행중,기타,포장 - 건조,맑음,단일로 - 기타,승용,남,58세,상해없음,보행자,남,34세,부상신고
2021120800100154,2021년 12월 8일 10시,수요일,서울특별시 동대문구 답십리동,경상사고,0,0,1,0,차대사람 - 기타,안전운전불이행,포장 - 건조,맑음,기타 - 기타,승용,남,71세,상해없음,보행자,남,42세,경상