사고번호,사고일시,요일,시군구,사고내용,사망자수,중상자수,경상자수,부상신고자수,사고유형,법규위반,노면상태,기상상태,도로형태,가해운전자 차종,가해운전자 성별,가해운전자 연령,가해운전자 상해정도,피해운전자 차종,피해운전자 성별,피해운전자 연령,피해운전자 상해정도
2021122000100248,2021년 12월 20일 14시,월요일,서울특별시 서대문구 옥천동,중상사고,0,1,0,0,차대사람 - 횡단중,보행자보호의무위반,포장 - 건조,맑음,단일로 - 기타,승용,여,42세,상해없음,보행자,여,98세 이상,중상
2021122000100254,2021년 12월 20일 14시,월요일,서울특별시 양천구 신정동,경상사고,0,0,1,0,차대사람 - 횡단중,보행자보호의무위반,포장 - 건조,맑음,교차로 - 교차로횡단보도내,승용,여,48세,상해없음,보행자,여,72세,경상
2021122000100286,2021년 12월 20일 15시,월요일,서울특별시 용산구 한강로2가,경상사고,0,0,1,0,차대사람 - 횡단중,보행자보호의무위반,포장 - 건조,맑음,교차로 - 교차로횡단보도내,승용,남,59세,상해없음,보행자,여,24세,경상
2021122000100291,2021년 12월 20일 15시,월요일,서울특별시 강동구 암사동,경상사고,0,0,1,0,차대사람 - 기타,안전운전불이행,포장 - 건조,맑음,단일로 - 기타,승용,여,60세,상해없음,보행자,남,36세,경상
2021122000100375,2021년 12월 20일 17시,월요일,서울특별시 성동구 용답동,경상사고,0,0,1,0,차대사람 - 기타,안전운전불이행,포장 - 건조,맑음,단일로 - 기타,승용,남,65세,상해없음,보행자,여,32세,경상
2021122000100379,2021년 12월 20일 17시,월요일,서울특별시 강서구 등촌동,중상사고,0,1,0,0,차대사람 - 횡단중,보행자보호의무위반,포장 - 건조,맑음,교차로 - 교차로안,승용,남,63세,상해없음,보행자,여,82세,중상
2021122000100381,2021년 12월 20일 17시,월요일,서울특별시 강동구 고덕동,경상사고,0,0,1,0,차대사람 - 기타,안전운전불이행,포장 - 건조,맑음,단일로 - 기타,승용,여,58세,상해없음,보행자,여,42세,경상
2021122000100382,2021년 12월 20일 17시,월요일,서울특별시 송파구 풍납동,경상사고,0,0,1,0,차대사람 - 기타,보행자보호의무위반,포장 - 건조,맑음,교차로 - 교차로안,기타불명,기타불명,미분류,기타불명,보행자,남,53세,경상
2021122000100428,2021년 12월 20일 18시,월요일,서울특별시 중구 황학동,중상사고,0,1,0,0,차대사람 - 횡단중,보행자보호의무위반,포장 - 젖음/습기,눈,단일로 - 기타,이륜,남,38세,기타불명,보행자,남,57세,중상
2021122000100429,2021년 12월 20일 18시,월요일,서울특별시 중구 충무로4가,부상신고사고,0,0,0,1,차대사람 - 횡단중,안전운전불이행,포장 - 건조,맑음,교차로 - 교차로횡단보도내,기타불명,기타불명,미분류,기타불명,보행자,여,36세,부상신고
2021122000100436,2021년 12월 20일 18시,월요일,서울특별시 송파구 문정동,경상사고,0,0,1,0,차대사람 - 기타,안전운전불이행,포장 - 건조,맑음,기타 - 기타,이륜,남,56세,상해없음,보행자,여,64세,경상
2021122000100505,2021년 12월 20일 19시,월요일,서울특별시 구로구 개봉동,경상사고,0,0,1,0,차대사람 - 횡단중,안전운전불이행,포장 - 건조,맑음,교차로 - 교차로횡단보도내,승용,남,52세,상해없음,보행자,남,66세,경상
2021122000100507,2021년 12월 20일 19시,월요일,서울특별시 강남구 개포동,경상사고,0,0,1,1,차대사람 - 기타,신호위반,포장 - 건조,맑음,교차로 - 교차로횡단보도내,이륜,남,30세,부상신고,보행자,남,67세,경상
2021122000100545,2021년 12월 20일 20시,월요일,서울특별시 성동구 성수동1가,경상사고,0,0,1,0,차대사람 - 기타,안전운전불이행,포장 - 건조,맑음,단일로 - 기타,자전거,남,59세,상해없음,보행자,남,31세,경상
2021122000100546,2021년 12월 20일 20시,월요일,서울특별시 강남구 역삼동,경상사고,0,0,1,0,차대사람 - 기타,안전운전불이행,포장 - 건조,맑음,단일로 - 기타,기타불명,기타불명,미분류,기타불명,보행자,여,26세,경상
2021122000100577,2021년 12월 20일 21시,월요일,서울특별시 서초구 서초동,경상사고,0,0,1,0,차대사람 - 기타,안전운전불이행,포장 - 건조,맑음,교차로 - 교차로안,승용,남,69세,상해없음,보행자,여,31세,경상
2021122000100606,2021년 12월 20일 22시,월요일,서울특별시 성북구 종암동,중상사고,0,1,0,0,차대사람 - 횡단중,신호위반,포장 - 건조,흐림,교차로 - 교차로횡단보도내,승용,남,78세,상해없음,보행자,여,61세,중상
2021122100100020,2021년 12월 21일 06시,화요일,서울특별시 광진구 중곡동,중상사고,0,1,0,0,차대사람 - 횡단중,안전운전불이행,포장 - 건조,맑음,단일로 - 기타,승용,남,71세,상해없음,보행자,여,66세,중상
2021122100100021,2021년 12월 21일 06시,화요일,서울특별시 강남구 세곡동,사망사고,1,0,0,0,차대사람 - 기타,안전운전불이행,포장 - 건조,맑음,단일로 - 기타,화물,남,61세,상해없음,보행자,여,24세,사망
2021122100100072,2021년 12월 21일 08시,화요일,서울특별시 중구 쌍림동,중상사고,0,1,0,0,차대사람 - 기타,안전운전불이행,포장 - 건조,맑음,교차로 - 교차로부근,승용,남,73세,상해없음,보행자,여,73세,중상
2021122100100134,2021년 12월 21일 10시,화요일,서울특별시 강서구 화곡동,경상사고,0,0,1,0,차대사람 - 기타,안전운전불이행,포장 - 건조,맑음,교차로 - 교차로부근,화물,남,31세,상해없음,보행자,남,54세,경상
2021122100100162,2021년 12월 21일 11시,화요일,서울특별시 금천구 시흥동,경상사고,0,0,1,0,차대사람 - 기타,안전운전불이행,포장 - 건조,맑음,단일로 - 기타,승용,남,42세,상해없음,보행자,여,54세,경상
2021122100100164,2021년 12월 21일 11시,화요일,서울특별시 송파구 장지동,중상사고,0,1,0,0,차대사람 - 횡단중,안전운전불이행,포장 - 건조,맑음,교차로 - 교차로부근,승용,남,59세,상해없음,보행자,여,66세,중상
2021122100100238,2021년 12월 21일 14시,화요일,서울특별시 종로구 종로2가,중상사고,0,1,0,0,차대사람 - 횡단중,보행자보호의무위반,포장 - 건조,맑음,교차로 - 교차로횡단보도내,승용,남,33세,상해없음,보행자,남,50세,중상
2021122100100239,2021년 12월 21일 14시,화요일,서울특별시 성동구 성수동1가,경상사고,0,0,1,0,차대사람 - 기타,안전운전불이행,포장 - 건조,맑음,단일로 - 기타,이륜,남,62세,상해없음,보행자,남,29세,경상
2021122100100240,2021년 12월 21일 14시,화요일,서울특별시 강동구 천호동,중상사고,0,1,0,0,차대사람 - 횡단중,신호위반,포장 - 건조,맑음,단일로 - 기타,승합,남,67세,상해없음,보행자,여,34세,중상
2021122100100270,2021년 12월 21일 15시,화요일,서울특별시 마포구 합정동,경상사고,0,0,1,0,차대사람 - 횡단중,신호위반,포장 - 건조,맑음,단일로 - 기타,승용,남,62세,상해없음,보행자,남,57세,경상
2021122100100272,2021년 12월 21일 15시,화요일,서울특별시 성동구 성수동2가,부상신고사고,0,0,0,1,차대사람 - 기타,안전운전불이행,포장 - 건조,맑음,단일로 - 기타,이륜,남,44세,부상신고,보행자,여,40세,상해없음
2021122100100275,2021년 12월 21일 15시,화요일,서울특별시 중랑구 망우동,중상사고,0,1,0,0,차대사람 - 차도통행중,안전운전불이행,포장 - 건조,맑음,교차로 - 교차로안,승용,여,53세,상해없음,보행자,남,82세,중상
2021122100100303,2021년 12월 21일 16시,화요일,서울특별시 서대문구 대현동,경상사고,0,0,1,0,차대사람 - 차도통행중,안전운전불이행,포장 - 건조,맑음,교차로 - 교차로안,승용,남,26세,상해없음,보행자,남,34세,경상
2021122100100308,2021년 12월 21일 16시,화요일,서울특별시 강남구 논현동,경상사고,0,0,1,1,차대사람 - 기타,교차로운행방법위반,포장 - 기타,기타,기타 - 기타,화물,남,45세,부상신고,보행자,여,65세,경상
2021122100100320,2021년 12월 21일 17시,화요일,서울특별시 종로구 소격동,중상사고,0,1,0,0,차대사람 - 차도통행중,안전운전불이행,포장 - 기타,맑음,기타 - 기타,이륜,남,53세,상해없음,보행자,남,65세,중상
2021122100100364,2021년 12월 21일 18시,화요일,서울특별시 광진구 능동,중상사고,0,1,0,0,차대사람 - 기타,안전운전불이행,포장 - 건조,흐림,교차로 - 교차로안,승용,남,54세,기타불명,보행자,여,69세,중상
2021122100100365,2021년 12월 21일 18시,화요일,서울특별시 영등포구 당산동3가,경상사고,0,0,1,0,차대사람 - 길가장자리구역통행중,보행자보호의무위반,포장 - 건조,맑음,단일로 - 기타,승용,남,70세,상해없음,보행자,여,27세,경상
2021122100100430,2021년 12월 21일 19시,화요일,서울특별시 강서구 화곡동,경상사고,0,0,1,0,차대사람 - 횡단중,보행자보호의무위반,포장 - 건조,맑음,교차로 - 교차로부근,승용,여,52세,상해없음,보행자,남,39세,경상
2021122100100431,2021년 12월 21일 19시,화요일,서울특별시 송파구 삼전동,중상사고,0,1,0,0,차대사람 - 횡단중,보행자보호의무위반,포장 - 건조,맑음,교차로 - 교차로횡단보도내,승용,남,26세,상해없음,보행자,여,69세,중상
2021122100100432,2021년 12월 21일 19시,화요일,서울특별시 송파구 방이동,경상사고,0,0,1,0,차대사람 - 기타,안전운전불이행,포장 - 건조,맑음,단일로 - 기타,승용,남,34세,상해없음,보행자,남,30세,경상
2021122100100435,2021년 12월 21일 19시,화요일,서울특별시 서초구 서초동,경상사고,0,0,1,0,차대사람 - 기타,기타,포장 - 건조,맑음,단일로 - 기타,승용,남,43세,상해없음,보행자,남,66세,경상
2021122100100490,2021년 12월 21일 21시,화요일,서울특별시 강북구 미아동,경상사고,0,0,1,0,차대사람 - 횡단중,안전운전불이행,포장 - 건조,맑음,교차로 - 교차로안,승합,남,45세,상해없음,보행자,여,20세,경상
2021122100100496,2021년 12월 21일 21시,화요일,서울특별시 양천구 신월동,부상신고사고,0,0,0,1,차대사람 - 횡단중,안전운전불이행,포장 - 건조,맑음,단일로 - 기타,승용,남,64세,상해없음,보행자,남,43세,부상신고
2021122100100528,2021년 12월 21일 22시,화요일,서울특별시 서대문구 대현동,중상사고,0,1,0,0,차대사람 - 기타,안전운전불이행,포장 - 건조,맑음,교차로 - 교차로부근,원동기,남,49세,상해없음,보행자,여,62세,중상
2021122100100543,2021년 12월 21일 23시,화요일,서울특별시 영등포구 당산동,중상사고,0,1,0,0,차대사람 - 기타,보행자보호의무위반,포장 - 건조,맑음,단일로 - 기타,승용,남,25세,상해없음,보행자,남,55세,중상
2021122200100029,2021년 12월 22일 07시,수요일,서울특별시 성북구 정릉동,경상사고,0,0,1,0,차대사람 - 횡단중,보행자보호의무위반,포장 - 건조,맑음,단일로 - 기타,화물,남,68세,상해없음,보행자,남,19세,경상
2021122200100034,2021년 12월 22일 07시,수요일,서울특별시 송파구 문정동,중상사고,0,1,0,0,차대사람 - 횡단중,보행자보호의무위반,포장 - 건조,맑음,교차로 - 교차로횡단보도내,화물,남,29세,상해없음,보행자,남,63세,중상
2021122200100106,2021년 12월 22일 09시,수요일,서울특별시 구로구 구로동,경상사고,0,0,1,0,차대사람 - 횡단중,보행자보호의무위반,포장 - 건조,맑음,교차로 - 교차로횡단보도내,화물,남,66세,상해없음,보행자,여,31세,경상
2021122200100142,2021년 12월 22일 10시,수요일,서울특별시 송파구 잠실동,경상사고,0,0,1,0,차대사람 - 길가장자리구역통행중,안전운전불이행,포장 - 건조,맑음,단일로 - 기타,화물,남,31세,상해없음,보행자,여,44세,경상
2021122200100145,2021년 12월 22일 10시,수요일,서울특별시 서초구 서초동,부상신고사고,0,0,0,1,차대사람 - 보도통행중,기타,포장 - 건조,맑음,교차로 - 교차로횡단보도내,승용,남,58세,기타불명,보행자,여,30세,부상신고
2021122200100168,2021년 12월 22일 11시,수요일,서울특별시 송파구 잠실동,중상사고,0,1,0,0,차대사람 - 횡단중,안전운전불이행,포장 - 건조,맑음,교차로 - 교차로부근,승용,남,60세,상해없음,보행자,여,64세,중상
2021122200100231,2021년 12월 22일 13시,수요일,서울특별시 금천구 시흥동,경상사고,0,0,1,0,차대사람 - 기타,안전운전불이행,포장 - 건조,맑음,교차로 - 교차로안,승용,여,36세,상해없음,보행자,여,13세,경상
2021122200100232,2021년 12월 22일 13시,수요일,서울특별시 동작구 대방동,부상신고사고,0,0,0,1,차대사람 - 횡단중,신호위반,포장 - 건조,맑음,교차로 - 교차로안,승용,남,57세,상해없음,보행자,여,64세,부상신고
2021122200100233,2021년 12월 22일 13시,수요일,서울특별시 중랑구 면목동,중상사고,0,1,0,0,차대사람 - 기타,안전운전불이행,포장 - 건조,맑음,단일로 - 기타,화물,여,53세,상해없음,보행자,남,49세,중상
2021122200100270,2021년 12월 22일 14시,수요일,서울특별시 성북구 길음동,중상사고,0,1,0,0,차대사람 - 보도통행중,보행자보호의무위반,포장 - 건조,맑음,단일로 - 기타,승합,남,73세,상해없음,보행자,여,72세,중상
2021122200100342,2021년 12월 22일 16시,수요일,서울특별시 서대문구 연희동,부상신고사고,0,0,0,1,차대사람 - 차도통행중,안전운전불이행,포장 - 건조,맑음,교차로 - 교차로부근,승용,여,42세,상해없음,보행자,여,74세,부상신고
2021122200100344,2021년 12월 22일 16시,수요일,서울특별시 성동구 행당동,경상사고,0,0,1,0,차대사람 - 기타,안전운전불이행,포장 - 건조,맑음,단일로 - 기타,승용,여,42세,상해없음,보행자,남,44세,경상
2021122200100385,2021년 12월 22일 17시,수요일,서울특별시 강동구 천호동,중상사고,0,1,0,0,차대사람 - 차도통행중,안전운전불이행,포장 - 건조,맑음,단일로 - 기타,승용,남,45세,상해없음,보행자,남,68세,중상
2021122200100428,2021년 12월 22일 18시,수요일,서울특별시 강남구 청담동,경상사고,0,0,2,0,차대사람 - 기타,안전운전불이행,포장 - 건조,맑음,기타 - 기타,승용,남,45세,상해없음,보행자,여,29세,경상
2021122200100431,2021년 12월 22일 18시,수요일,서울특별시 양천구 신정동,경상사고,0,0,1,0,차대사람 - 보도통행중,보행자보호의무위반,포장 - 건조,맑음,교차로 - 교차로횡단보도내,승용,남,53세,상해없음,보행자,남,49세,경상
2021122200100490,2021년 12월 22일 19시,수요일,서울특별시 서초구 방배동,경상사고,0,0,1,0,차대사람 - 횡단중,보행자보호의무위반,포장 - 건조,맑음,교차로 - 교차로부근,승용,남,52세,상해없음,보행자,여,27세,경상
2021122200100491,2021년 12월 22일 19시,수요일,서울특별시 강남구 일원동,경상사고,0,0,1,0,차대사람 - 차도통행중,안전운전불이행,포장 - 건조,맑음,교차로 - 교차로안,이륜,남,30세,상해없음,보행자,여,25세,경상
2021122200100561,2021년 12월 22일 21시,수요일,서울특별시 양천구 목동,경상사고,0,0,1,0,차대사람 - 차도통행중,안전운전불이행,포장 - 건조,맑음,교차로 - 교차로안,승용,남,51세,상해없음,보행자,여,24세,경상
2021122300100022,2021년 12월 23일 06시,목요일,서울특별시 동대문구 용두동,경상사고,0,0,1,0,차대사람 - 차도통행중,안전운전불이행,포장 - 건조,맑음,단일로 - 기타,화물,남,56세,상해없음,보행자,여,67세,경상
2021122300100044,2021년 12월 23일 07시,목요일,서울특별시 중구 회현동1가,중상사고,0,1,0,0,차대사람 - 기타,기타,포장 - 건조,맑음,기타 - 기타,승용,남,65세,상해없음,보행자,여,76세,중상
2021122300100072,2021년 12월 23일 08시,목요일,서울특별시 관악구 봉천동,경상사고,0,0,1,0,차대사람 - 기타,안전운전불이행,포장 - 건조,맑음,단일로 - 기타,화물,남,37세,상해없음,보행자,여,29세,경상
2021122300100125,2021년 12월 23일 10시,목요일,서울특별시 강동구 성내동,경상사고,0,0,1,0,차대사람 - 길가장자리구역통행중,안전운전불이행,포장 - 건조,맑음,단일로 - 기타,승용,여,55세,상해없음,보행자,여,49세,경상
2021122300100153,2021년 12월 23일 11시,목요일,서울특별시 도봉구 방학동,중상사고,0,1,1,0,차대사람 - 횡단중,신호위반,포장 - 건조,맑음,교차로 - 교차로횡단보도내,승용,남,61세,상해없음,보행자,남,23세,경상
2021122300100180,2021년 12월 23일 12시,목요일,서울특별시 마포구 염리동,부상신고사고,0,0,0,1,차대사람 - 횡단중,안전운전불이행,포장 - 건조,맑음,단일로 - 기타,승합,남,56세,상해없음,보행자,남,57세,부상신고
2021122300100182,2021년 12월 23일 12시,목요일,서울특별시 서초구 서초동,경상사고,0,0,1,0,차대사람 - 기타,안전운전불이행,포장 - 건조,맑음,단일로 - 기타,승용,남,63세,상해없음,보행자,남,36세,경상
2021122300100183,2021년 12월 23일 12시,목요일,서울특별시 도봉구 창동,경상사고,0,0,1,0,차대사람 - 기타,안전운전불이행,포장 - 기타,맑음,단일로 - 기타,승용,여,48세,상해없음,보행자,여,41세,경상
2021122300100239,2021년 12월 23일 14시,목요일,서울특별시 중구 신당동,부상신고사고,0,0,0,1,차대사람 - 길가장자리구역통행중,안전운전불이행,포장 - 건조,맑음,미분류 - 미분류,기타불명,기타불명,미분류,기타불명,보행자,여,11세,부상신고
2021122300100241,2021년 12월 23일 14시,목요일,서울특별시 성북구 정릉동,경상사고,0,0,1,0,차대사람 - 기타,안전운전불이행,포장 - 건조,맑음,단일로 - 기타,승용,남,61세,상해없음,보행자,남,24세,경상
2021122300100305,2021년 12월 23일 16시,목요일,서울특별시 강남구 신사동,경상사고,0,0,1,0,차대사람 - 기타,안전운전불이행,포장 - 건조,맑음,교차로 - 교차로안,승용,여,48세,상해없음,보행자,남,21세,경상
2021122300100337,2021년 12월 23일 17시,목요일,서울특별시 금천구 가산동,중상사고,0,1,0,1,차대사람 - 횡단중,안전운전불이행,포장 - 건조,맑음,단일로 - 기타,이륜,남,28세,부상신고,보행자,남,55세,중상
2021122300100392,2021년 12월 23일 18시,목요일,서울특별시 동대문구 휘경동,경상사고,0,0,1,0,차대사람 - 기타,안전운전불이행,포장 - 건조,맑음,단일로 - 기타,승용,여,48세,상해없음,보행자,여,25세,경상
2021122300100395,2021년 12월 23일 18시,목요일,서울특별시 성동구 도선동,경상사고,0,0,1,0,차대사람 - 보도통행중,보행자보호의무위반,포장 - 건조,맑음,단일로 - 기타,승용,남,28세,상해없음,보행자,남,38세,경상
2021122300100449,2021년 12월 23일 19시,목요일,서울특별시 관악구 신림동,경상사고,0,0,1,0,차대사람 - 횡단중,안전운전불이행,포장 - 건조,맑음,교차로 - 교차로부근,기타불명,기타불명,미분류,기타불명,보행자,남,35세,경상
2021122300100482,2021년 12월 23일 20시,목요일,서울특별시 강북구 미아동,중상사고,0,1,0,0,차대사람 - 횡단중,안전운전불이행,포장 - 건조,맑음,단일로 - 기타,승용,남,52세,상해없음,보행자,여,79세,중상
2021122300100510,2021년 12월 23일 21시,목요일,서울특별시 중구 충무로4가,경상사고,0,0,1,0,차대사람 - 횡단중,신호위반,포장 - 건조,흐림,단일로 - 기타,이륜,남,58세,상해없음,보행자,여,58세,경상
2021122300100513,2021년 12월 23일 21시,목요일,서울특별시 용산구 이촌동,중상사고,0,1,0,0,차대사람 - 횡단중,안전운전불이행,포장 - 건조,맑음,교차로 - 교차로안,승용,남,59세,상해없음,보행자,여,66세,중상
2021122300100521,2021년 12월 23일 21시,목요일,서울특별시 송파구 방이동,중상사고,0,1,0,0,차대사람 - 차도통행중,안전운전불이행,포장 - 건조,맑음,단일로 - 기타,승용,남,50세,상해없음,보행자,남,69세,중상
2021122300100547,2021년 12월 23일 22시,목요일,서울특별시 강동구 천호동,경상사고,0,0,1,0,차대사람 - 기타,안전운전불이행,포장 - 건조,맑음,단일로 - 기타,승용,남,63세,상해없음,보행자,여,42세,경상
2021122300100562,2021년 12월 23일 23시,목요일,서울특별시 강북구 미아동,중상사고,0,1,1,0,차대사람 - 기타,안전운전불이행,포장 - 건조,흐림,단일로 - 기타,이륜,남,22세,상해없음,보행자,남,49세,경상
2021122400100022,2021년 12월 24일 05시,금요일,서울특별시 종로구 동숭동,중상사고,0,1,0,0,차대사람 - 횡단중,신호위반,포장 - 건조,맑음,단일로 - 기타,화물,남,48세,상해없음,보행자,여,53세,중상
2021122400100032,2021년 12월 24일 06시,금요일,서울특별시 중랑구 면목동,중상사고,0,1,0,0,차대사람 - 기타,안전운전불이행,포장 - 건조,맑음,단일로 - 지하차도(도로)내,이륜,남,28세,상해없음,보행자,여,66세,중상
2021122400100076,2021년 12월 24일 08시,금요일,서울특별시 동작구 상도동,경상사고,0,0,1,0,차대사람 - 기타,안전운전불이행,포장 - 건조,맑음,단일로 - 기타,승용,남,43세,상해없음,보행자,여,22세,경상
2021122400100081,2021년 12월 24일 08시,금요일,서울특별시 송파구 장지동,경상사고,0,0,1,0,차대사람 - 기타,안전운전불이행,포장 - 건조,맑음,단일로 - 기타,승용,남,35세,기타불명,보행자,남,30세,경상
2021122400100108,2021년 12월 24일 09시,금요일,서울특별시 도봉구 도봉동,경상사고,0,0,1,0,차대사람 - 횡단중,안전운전불이행,포장 - 건조,맑음,기타 - 기타,자전거,남,52세,상해없음,보행자,남,29세,경상
2021122400100152,2021년 12월 24일 11시,금요일,서울특별시 송파구 방이동,경상사고,0,0,1,0,차대사람 - 횡단중,안전운전불이행,포장 - 건조,맑음,교차로 - 교차로안,승용,남,69세,상해없음,보행자,남,68세,경상
2021122400100185,2021년 12월 24일 12시,금요일,서울특별시 구로구 구로동,경상사고,0,0,1,0,차대사람 - 기타,안전운전불이행,포장 - 건조,맑음,단일로 - 기타,승용,여,54세,상해없음,보행자,남,28세,경상
2021122400100210,2021년 12월 24일 13시,금요일,서울특별시 광진구 능동,경상사고,0,0,1,0,차대사람 - 기타,보행자보호의무위반,포장 - 젖음/습기,비,교차로 - 교차로부근,승용,남,38세,상해없음,보행자,여,32세,경상
2021122400100268,2021년 12월 24일 15시,금요일,서울특별시 서초구 방배동,경상사고,0,0,1,0,차대사람 - 횡단중,보행자보호의무위반,포장 - 건조,맑음,교차로 - 교차로안,승용,여,76세,상해없음,보행자,남,25세,경상
2021122400100300,2021년 12월 24일 16시,금요일,서울특별시 중구 광희동1가,중상사고,0,1,0,0,차대사람 - 횡단중,신호위반,포장 - 건조,맑음,교차로 - 교차로부근,승용,여,50세,상해없음,보행자,여,29세,중상
2021122400100304,2021년 12월 24일 16시,금요일,서울특별시 성동구 하왕십리동,경상사고,0,0,2,0,차대사람 - 횡단중,보행자보호의무위반,포장 - 기타,맑음,단일로 - 기타,승용,여,46세,상해없음,보행자,여,10세,경상
2021122400100337,2021년 12월 24일 17시,금요일,서울특별시 광진구 군자동,중상사고,0,1,0,0,차대사람 - 횡단중,보행자보호의무위반,포장 - 건조,맑음,교차로 - 교차로안,승용,남,35세,상해없음,보행자,여,30세,중상
2021122400100338,2021년 12월 24일 17시,금요일,서울특별시 성동구 행당동,부상신고사고,0,0,0,1,차대사람 - 기타,안전운전불이행,포장 - 건조,맑음,단일로 - 기타,승합,남,54세,상해없음,보행자,남,32세,부상신고
2021122400100392,2021년 12월 24일 18시,금요일,서울특별시 동작구 노량진동,경상사고,0,0,2,0,차대사람 - 차도통행중,안전운전불이행,포장 - 건조,맑음,단일로 - 기타,이륜,남,25세,상해없음,보행자,남,47세,경상
2021122400100395,2021년 12월 24일 18시,금요일,서울특별시 송파구 삼전동,경상사고,0,0,1,0,차대사람 - 기타,중앙선침범,포장 - 건조,맑음,단일로 - 기타,승합,여,58세,상해없음,보행자,남,69세,경상
2021122400100455,2021년 12월 24일 19시,금요일,서울특별시 종로구 평동,경상사고,0,0,1,0,차대사람 - 횡단중,보행자보호의무위반,포장 - 기타,맑음,교차로 - 교차로안,승용,남,64세,상해없음,보행자,여,49세,경상
2021122400100521,2021년 12월 24일 20시,금요일,서울특별시 양천구 신정동,중상사고,0,1,0,0,차대사람 - 횡단중,보행자보호의무위반,포장 - 건조,맑음,교차로 - 교차로횡단보도내,승용,남,78세,상해없음,보행자,여,59세,중상
2021122400100562,2021년 12월 24일 21시,금요일,서울특별시 강서구 마곡동,경상사고,0,0,1,0,차대사람 - 횡단중,안전운전불이행,포장 - 건조,맑음,단일로 - 기타,이륜,남,35세,기타불명,보행자,여,20세,경상
2021122400100601,2021년 12월 24일 22시,금요일,서울특별시 영등포구 신길동,경상사고,0,0,1,0,차대사람 - 기타,안전운전불이행,포장 - 건조,맑음,교차로 - 교차로횡단보도내,승용,남,42세,상해없음,보행자,남,59세,경상
2021122400100602,2021년 12월 24일 22시,금요일,서울특별시 강남구 논현동,부상신고사고,0,0,0,1,차대사람 - 기타,안전운전불이행,포장 - 건조,맑음,교차로 - 교차로부근,기타불명,기타불명,미분류,기타불명,보행자,여,28세,부상신고
2021122400100603,2021년 12월 24일 22시,금요일,서울특별시 강서구 화곡동,경상사고,0,0,1,0,차대사람 - 횡단중,안전운전불이행,포장 - 건조,맑음,단일로 - 기타,기타불명,기타불명,미분류,기타불명,보행자,여,26세,경상
2021122400100605,2021년 12월 24일 22시,금요일,서울특별시 노원구 상계동,경상사고,0,0,1,0,차대사람 - 차도통행중,안전운전불이행,포장 - 건조,맑음,단일로 - 기타,승합,남,54세,상해없음,보행자,여,18세,경상
2021122400100606,2021년 12월 24일 22시,금요일,서울특별시 도봉구 방학동,중상사고,0,1,0,0,차대사람 - 기타,보행자보호의무위반,포장 - 건조,맑음,교차로 - 교차로부근,승용,여,60세,상해없음,보행자,여,56세,중상
2021122400100630,2021년 12월 24일 23시,금요일,서울특별시 마포구 공덕동,경상사고,0,0,1,0,차대사람 - 기타,신호위반,포장 - 건조,맑음,교차로 - 교차로부근,이륜,남,24세,상해없음,보행자,남,28세,경상
2021122500100023,2021년 12월 25일 04시,토요일,서울특별시 마포구 합정동,사망사고,1,0,0,0,차대사람 - 기타,안전운전불이행,포장 - 건조,맑음,교차로 - 교차로안,승용,남,29세,상해없음,보행자,여,44세,사망
2021122500100024,2021년 12월 25일 04시,토요일,서울특별시 마포구 성산동,사망사고,1,0,0,0,차대사람 - 기타,안전운전불이행,포장 - 건조,맑음,단일로 - 기타,승용,남,55세,상해없음,보행자,여,31세,사망
2021122500100028,2021년 12월 25일 05시,토요일,서울특별시 강북구 수유동,경상사고,0,0,1,0,차대사람 - 기타,안전운전불이행,포장 - 건조,맑음,교차로 - 교차로안,이륜,남,26세,상해없음,보행자,남,22세,경상
2021122500100171,2021년 12월 25일 14시,토요일,서울특별시 강남구 논현동,경상사고,0,0,1,0,차대사람 - 기타,안전운전불이행,포장 - 건조,맑음,교차로 - 교차로안,승용,남,61세,상해없음,보행자,남,53세,경상
2021122500100199,2021년 12월 25일 15시,토요일,서울특별시 용산구 한남동,경상사고,0,0,1,0,차대사람 - 길가장자리구역통행중,안전운전불이행,포장 - 건조,맑음,기타 - 기타,승용,남,27세,상해없음,보행자,남,27세,경상
2021122500100222,2021년 12월 25일 16시,토요일,서울특별시 중랑구 상봉동,중상사고,0,1,0,0,차대사람 - 횡단중,안전운전불이행,포장 - 건조,맑음,교차로 - 교차로안,승용,남,51세,상해없음,보행자,남,47세,중상
2021122500100250,2021년 12월 25일 17시,토요일,서울특별시 관악구 신림동,경상사고,0,0,1,0,차대사람 - 기타,안전운전불이행,포장 - 건조,맑음,단일로 - 기타,승합,남,55세,상해없음,보행자,남,40세,경상
2021122500100277,2021년 12월 25일 18시,토요일,서울특별시 송파구 석촌동,중상사고,0,1,0,0,차대사람 - 횡단중,보행자보호의무위반,포장 - 건조,맑음,교차로 - 교차로횡단보도내,승용,여,66세,상해없음,보행자,여,62세,중상
2021122500100278,2021년 12월 25일 18시,토요일,서울특별시 구로구 개봉동,경상사고,0,0,1,0,차대사람 - 횡단중,신호위반,포장 - 건조,맑음,단일로 - 기타,기타불명,기타불명,미분류,기타불명,보행자,여,37세,경상
2021122500100310,2021년 12월 25일 19시,토요일,서울특별시 마포구 서교동,경상사고,0,0,1,0,차대사람 - 길가장자리구역통행중,안전운전불이행,포장 - 건조,맑음,단일로 - 기타,승용,남,30세,상해없음,보행자,여,20세,경상