사고번호,사고일시,요일,시군구,사고내용,사망자수,중상자수,경상자수,부상신고자수,사고유형,법규위반,노면상태,기상상태,도로형태,가해운전자 차종,가해운전자 성별,가해운전자 연령,가해운전자 상해정도,피해운전자 차종,피해운전자 성별,피해운전자 연령,피해운전자 상해정도
2021122500100336,2021년 12월 25일 20시,토요일,서울특별시 중구 다동,경상사고,0,0,2,0,차대사람 - 보도통행중,보행자보호의무위반,포장 - 건조,맑음,교차로 - 교차로횡단보도내,승용,남,33세,상해없음,보행자,남,21세,경상
2021122600100041,2021년 12월 26일 10시,일요일,서울특별시 마포구 염리동,경상사고,0,0,1,0,차대사람 - 기타,안전운전불이행,포장 - 건조,맑음,단일로 - 기타,승용,여,31세,상해없음,보행자,남,60세,경상
2021122600100057,2021년 12월 26일 11시,일요일,서울특별시 강남구 신사동,경상사고,0,0,1,0,차대사람 - 기타,안전운전불이행,포장 - 건조,맑음,단일로 - 기타,승용,여,39세,상해없음,보행자,여,25세,경상
2021122600100095,2021년 12월 26일 13시,일요일,서울특별시 송파구 잠실동,중상사고,0,1,0,0,차대사람 - 기타,안전운전불이행,포장 - 건조,맑음,단일로 - 기타,화물,남,68세,상해없음,보행자,남,78세,중상
2021122600100121,2021년 12월 26일 14시,일요일,서울특별시 성북구 성북동,경상사고,0,0,1,0,차대사람 - 기타,안전운전불이행,포장 - 건조,맑음,단일로 - 기타,승용,남,30세,상해없음,보행자,남,54세,경상
2021122600100123,2021년 12월 26일 14시,일요일,서울특별시 중랑구 면목동,경상사고,0,0,1,0,차대사람 - 횡단중,중앙선침범,포장 - 건조,맑음,교차로 - 교차로횡단보도내,이륜,남,39세,상해없음,보행자,여,69세,경상
2021122600100154,2021년 12월 26일 15시,일요일,서울특별시 성북구 동소문동3가,경상사고,0,0,1,0,차대사람 - 횡단중,신호위반,포장 - 건조,맑음,단일로 - 기타,승용,남,62세,상해없음,보행자,여,29세,경상
2021122600100203,2021년 12월 26일 17시,일요일,서울특별시 마포구 성산동,경상사고,0,0,1,0,차대사람 - 기타,안전운전불이행,포장 - 건조,맑음,단일로 - 기타,승용,남,72세,상해없음,보행자,여,39세,경상
2021122600100204,2021년 12월 26일 17시,일요일,서울특별시 동작구 대방동,경상사고,0,0,1,0,차대사람 - 횡단중,보행자보호의무위반,포장 - 건조,맑음,단일로 - 기타,기타불명,기타불명,미분류,기타불명,보행자,여,26세,경상
2021122600100314,2021년 12월 26일 21시,일요일,서울특별시 중랑구 묵동,중상사고,0,1,0,0,차대사람 - 횡단중,안전운전불이행,포장 - 건조,맑음,단일로 - 기타,승용,남,66세,상해없음,보행자,남,63세,중상
2021122600100315,2021년 12월 26일 21시,일요일,서울특별시 노원구 상계동,경상사고,0,0,1,0,차대사람 - 기타,안전운전불이행,포장 - 건조,맑음,단일로 - 기타,승용,남,21세,상해없음,보행자,남,19세,경상
2021122600100340,2021년 12월 26일 22시,일요일,서울특별시 강남구 역삼동,경상사고,0,0,1,0,차대사람 - 보도통행중,보행자보호의무위반,포장 - 건조,맑음,교차로 - 교차로횡단보도내,승용,여,65세,기타불명,보행자,여,19세,경상
2021122700100053,2021년 12월 27일 08시,월요일,서울특별시 동작구 대방동,경상사고,0,0,1,0,차대사람 - 횡단중,보행자보호의무위반,포장 - 건조,맑음,교차로 - 교차로횡단보도내,기타불명,기타불명,미분류,기타불명,보행자,여,30세,경상
2021122700100054,2021년 12월 27일 08시,월요일,서울특별시 강서구 내발산동,경상사고,0,0,1,0,차대사람 - 기타,안전운전불이행,포장 - 건조,맑음,기타 - 기타,승합,남,62세,상해없음,보행자,여,42세,경상
2021122700100055,2021년 12월 27일 08시,월요일,서울특별시 구로구 구로동,경상사고,0,0,1,0,차대사람 - 기타,신호위반,포장 - 건조,맑음,단일로 - 기타,자전거,남,55세,상해없음,보행자,여,27세,경상
2021122700100180,2021년 12월 27일 12시,월요일,서울특별시 강북구 미아동,부상신고사고,0,0,0,1,차대사람 - 기타,안전운전불이행,포장 - 건조,맑음,교차로 - 교차로안,승합,남,65세,상해없음,보행자,여,85세,부상신고
2021122700100181,2021년 12월 27일 12시,월요일,서울특별시 성동구 성수동2가,경상사고,0,0,1,0,차대사람 - 기타,안전운전불이행,포장 - 건조,맑음,기타 - 기타,원동기,여,69세,상해없음,보행자,여,37세,경상
2021122700100182,2021년 12월 27일 12시,월요일,서울특별시 중랑구 상봉동,경상사고,0,0,1,0,차대사람 - 기타,기타,포장 - 건조,맑음,단일로 - 기타,자전거,남,23세,상해없음,보행자,여,70세,경상
2021122700100279,2021년 12월 27일 15시,월요일,서울특별시 종로구 창신동,경상사고,0,0,1,0,차대사람 - 기타,안전운전불이행,포장 - 건조,맑음,단일로 - 기타,기타불명,기타불명,미분류,기타불명,보행자,여,40세,경상
2021122700100282,2021년 12월 27일 15시,월요일,서울특별시 영등포구 양평동3가,경상사고,0,0,1,0,차대사람 - 횡단중,안전운전불이행,포장 - 건조,맑음,단일로 - 기타,화물,남,39세,상해없음,보행자,여,47세,경상
2021122700100284,2021년 12월 27일 15시,월요일,서울특별시 강남구 신사동,경상사고,0,0,1,0,차대사람 - 기타,안전운전불이행,포장 - 건조,맑음,단일로 - 기타,승용,남,54세,상해없음,보행자,여,31세,경상
2021122700100285,2021년 12월 27일 15시,월요일,서울특별시 강남구 논현동,경상사고,0,0,1,0,차대사람 - 기타,안전운전불이행,포장 - 건조,맑음,단일로 - 기타,승용,여,37세,상해없음,보행자,여,48세,경상
2021122700100319,2021년 12월 27일 16시,월요일,서울특별시 강남구 신사동,경상사고,0,0,1,0,차대사람 - 기타,안전운전불이행,포장 - 건조,맑음,교차로 - 교차로부근,승용,남,23세,상해없음,보행자,여,32세,경상
2021122700100351,2021년 12월 27일 17시,월요일,서울특별시 강북구 수유동,경상사고,0,0,1,0,차대사람 - 기타,보행자보호의무위반,포장 - 건조,맑음,단일로 - 기타,승합,여,49세,상해없음,보행자,남,7세,경상
2021122700100352,2021년 12월 27일 17시,월요일,서울특별시 중랑구 신내동,경상사고,0,0,1,0,차대사람 - 횡단중,보행자보호의무위반,포장 - 건조,맑음,교차로 - 교차로안,화물,남,56세,상해없음,보행자,남,37세,경상
2021122700100392,2021년 12월 27일 18시,월요일,서울특별시 종로구 창성동,경상사고,0,0,1,0,차대사람 - 기타,안전운전불이행,포장 - 건조,맑음,단일로 - 기타,승용,남,53세,상해없음,보행자,여,37세,경상
2021122700100393,2021년 12월 27일 18시,월요일,서울특별시 강북구 우이동,경상사고,0,0,1,0,차대사람 - 기타,안전운전불이행,포장 - 건조,맑음,단일로 - 기타,승용,남,63세,상해없음,보행자,여,69세,경상
2021122700100431,2021년 12월 27일 19시,월요일,서울특별시 동작구 신대방동,경상사고,0,0,1,0,차대사람 - 횡단중,안전운전불이행,포장 - 건조,맑음,단일로 - 기타,승용,여,47세,상해없음,보행자,여,53세,경상
2021122700100472,2021년 12월 27일 20시,월요일,서울특별시 성동구 하왕십리동,경상사고,0,0,1,0,차대사람 - 길가장자리구역통행중,중앙선침범,포장 - 건조,맑음,단일로 - 기타,승용,남,62세,상해없음,보행자,여,66세,경상
2021122700100504,2021년 12월 27일 21시,월요일,서울특별시 용산구 한강로2가,경상사고,0,0,1,0,차대사람 - 횡단중,보행자보호의무위반,포장 - 건조,맑음,단일로 - 기타,승용,남,58세,상해없음,보행자,남,28세,경상
2021122700100507,2021년 12월 27일 21시,월요일,서울특별시 영등포구 대림동,경상사고,0,0,2,0,차대사람 - 기타,안전운전불이행,포장 - 건조,맑음,교차로 - 교차로부근,승용,남,57세,상해없음,보행자,남,62세,경상
2021122700100512,2021년 12월 27일 21시,월요일,서울특별시 서초구 우면동,경상사고,0,0,1,0,차대사람 - 횡단중,보행자보호의무위반,포장 - 건조,맑음,교차로 - 교차로안,승용,여,34세,상해없음,보행자,남,69세,경상
2021122700100540,2021년 12월 27일 22시,월요일,서울특별시 중구 회현동1가,경상사고,0,0,1,0,차대사람 - 횡단중,보행자보호의무위반,포장 - 건조,맑음,단일로 - 기타,승용,남,46세,상해없음,보행자,남,30세,경상
2021122700100543,2021년 12월 27일 22시,월요일,서울특별시 성동구 도선동,경상사고,0,0,1,0,차대사람 - 길가장자리구역통행중,안전운전불이행,포장 - 건조,맑음,단일로 - 기타,이륜,남,29세,상해없음,보행자,남,58세,경상
2021122700100567,2021년 12월 27일 23시,월요일,서울특별시 동작구 신대방동,사망사고,1,0,0,0,차대사람 - 횡단중,안전운전불이행,포장 - 건조,맑음,단일로 - 기타,승용,남,68세,상해없음,보행자,여,56세,사망
2021122800100018,2021년 12월 28일 03시,화요일,서울특별시 중구 을지로6가,중상사고,0,1,0,0,차대사람 - 횡단중,과속,포장 - 건조,맑음,단일로 - 기타,승용,남,64세,상해없음,보행자,남,45세,중상
2021122800100019,2021년 12월 28일 03시,화요일,서울특별시 강남구 역삼동,중상사고,0,1,0,0,차대사람 - 횡단중,신호위반,포장 - 건조,맑음,교차로 - 교차로횡단보도내,승용,남,63세,상해없음,보행자,여,66세,중상
2021122800100038,2021년 12월 28일 06시,화요일,서울특별시 강남구 삼성동,중상사고,0,1,0,0,차대사람 - 횡단중,신호위반,포장 - 건조,맑음,단일로 - 기타,승용,남,65세,상해없음,보행자,여,48세,중상
2021122800100058,2021년 12월 28일 07시,화요일,서울특별시 성북구 종암동,경상사고,0,0,1,0,차대사람 - 횡단중,보행자보호의무위반,포장 - 건조,맑음,단일로 - 기타,승용,남,25세,상해없음,보행자,여,36세,경상
2021122800100086,2021년 12월 28일 08시,화요일,서울특별시 강서구 공항동,중상사고,0,1,0,0,차대사람 - 횡단중,신호위반,포장 - 건조,맑음,교차로 - 교차로횡단보도내,승용,남,77세,상해없음,보행자,여,45세,중상
2021122800100089,2021년 12월 28일 08시,화요일,서울특별시 강동구 둔촌동,경상사고,0,0,1,0,차대사람 - 길가장자리구역통행중,안전운전불이행,포장 - 건조,맑음,기타 - 기타,승용,남,53세,기타불명,보행자,여,29세,경상
2021122800100114,2021년 12월 28일 09시,화요일,서울특별시 서초구 서초동,경상사고,0,0,1,0,차대사람 - 횡단중,안전운전불이행,포장 - 건조,맑음,단일로 - 기타,화물,남,24세,상해없음,보행자,여,22세,경상
2021122800100170,2021년 12월 28일 11시,화요일,서울특별시 광진구 구의동,중상사고,0,1,0,0,차대사람 - 기타,안전운전불이행,포장 - 건조,맑음,단일로 - 기타,승용,남,62세,상해없음,보행자,남,61세,중상
2021122800100171,2021년 12월 28일 11시,화요일,서울특별시 중랑구 면목동,중상사고,0,1,0,0,차대사람 - 차도통행중,안전운전불이행,포장 - 건조,맑음,단일로 - 기타,승용,남,68세,상해없음,보행자,여,79세,중상
2021122800100172,2021년 12월 28일 11시,화요일,서울특별시 중랑구 면목동,경상사고,0,0,1,0,차대사람 - 기타,안전운전불이행,포장 - 건조,맑음,단일로 - 기타,승용,여,47세,상해없음,보행자,여,12세,경상
2021122800100174,2021년 12월 28일 11시,화요일,서울특별시 강남구 역삼동,경상사고,0,0,1,0,차대사람 - 차도통행중,안전운전불이행,포장 - 건조,맑음,기타 - 기타,승용,여,53세,상해없음,보행자,여,37세,경상
2021122800100197,2021년 12월 28일 12시,화요일,서울특별시 성북구 하월곡동,경상사고,0,0,1,0,차대사람 - 횡단중,보행자보호의무위반,포장 - 건조,맑음,교차로 - 교차로부근,승용,남,74세,상해없음,보행자,남,67세,경상
2021122800100295,2021년 12월 28일 16시,화요일,서울특별시 송파구 거여동,경상사고,0,0,1,0,차대사람 - 기타,안전운전불이행,포장 - 건조,맑음,교차로 - 교차로안,승합,남,67세,상해없음,보행자,남,58세,경상
2021122800100318,2021년 12월 28일 17시,화요일,서울특별시 영등포구 대림동,경상사고,0,0,1,0,차대사람 - 차도통행중,안전운전불이행,포장 - 건조,맑음,단일로 - 기타,승용,남,60세,상해없음,보행자,남,55세,경상
2021122800100320,2021년 12월 28일 17시,화요일,서울특별시 성북구 종암동,경상사고,0,0,1,0,차대사람 - 횡단중,보행자보호의무위반,포장 - 건조,기타,단일로 - 기타,승용,남,87세,상해없음,보행자,여,54세,경상
2021122800100360,2021년 12월 28일 18시,화요일,서울특별시 강서구 화곡동,중상사고,0,1,0,0,차대사람 - 기타,안전운전불이행,포장 - 건조,맑음,주차장 - 주차장,화물,남,69세,상해없음,보행자,여,54세,중상
2021122800100444,2021년 12월 28일 20시,화요일,서울특별시 종로구 종로2가,경상사고,0,0,1,0,차대사람 - 기타,안전운전불이행,포장 - 건조,맑음,단일로 - 기타,승용,남,60세,상해없음,보행자,남,60세,경상
2021122800100445,2021년 12월 28일 20시,화요일,서울특별시 강동구 길동,경상사고,0,0,1,0,차대사람 - 보도통행중,기타,포장 - 건조,맑음,단일로 - 기타,원동기,남,16세,상해없음,보행자,남,51세,경상
2021122800100478,2021년 12월 28일 21시,화요일,서울특별시 강남구 역삼동,경상사고,0,0,1,0,차대사람 - 길가장자리구역통행중,안전운전불이행,포장 - 건조,맑음,단일로 - 기타,승용,남,54세,상해없음,보행자,남,50세,경상
2021122800100516,2021년 12월 28일 22시,화요일,서울특별시 성북구 정릉동,경상사고,0,0,1,0,차대사람 - 기타,안전운전불이행,포장 - 건조,맑음,기타 - 기타,승용,남,39세,상해없음,보행자,여,47세,경상
2021122800100520,2021년 12월 28일 22시,화요일,서울특별시 강서구 공항동,경상사고,0,0,1,0,차대사람 - 횡단중,안전운전불이행,포장 - 건조,맑음,단일로 - 기타,이륜,남,30세,상해없음,보행자,남,60세,경상
2021122900100016,2021년 12월 29일 03시,수요일,서울특별시 관악구 남현동,중상사고,0,1,0,0,차대사람 - 차도통행중,보행자보호의무위반,포장 - 건조,맑음,단일로 - 기타,승용,남,26세,상해없음,보행자,여,33세,중상
2021122900100027,2021년 12월 29일 06시,수요일,서울특별시 중랑구 망우동,중상사고,0,1,0,0,차대사람 - 기타,안전운전불이행,포장 - 건조,맑음,교차로 - 교차로부근,승용,남,68세,상해없음,보행자,남,60세,중상
2021122900100087,2021년 12월 29일 09시,수요일,서울특별시 중랑구 신내동,경상사고,0,0,1,0,차대사람 - 횡단중,보행자보호의무위반,포장 - 건조,맑음,교차로 - 교차로횡단보도내,승용,남,58세,상해없음,보행자,여,14세,경상
2021122900100114,2021년 12월 29일 10시,수요일,서울특별시 성동구 성수동2가,경상사고,0,0,1,0,차대사람 - 기타,안전운전불이행,포장 - 젖음/습기,흐림,단일로 - 기타,화물,남,42세,상해없음,보행자,남,61세,경상
2021122900100140,2021년 12월 29일 11시,수요일,서울특별시 구로구 개봉동,경상사고,0,0,1,0,차대사람 - 차도통행중,안전운전불이행,포장 - 건조,맑음,교차로 - 교차로안,화물,남,59세,상해없음,보행자,남,77세,경상
2021122900100143,2021년 12월 29일 11시,수요일,서울특별시 노원구 공릉동,경상사고,0,0,1,0,차대사람 - 보도통행중,기타,포장 - 건조,맑음,기타 - 기타,화물,남,54세,상해없음,보행자,여,85세,경상
2021122900100199,2021년 12월 29일 13시,수요일,서울특별시 마포구 아현동,중상사고,0,1,0,0,차대사람 - 기타,안전운전불이행,포장 - 건조,맑음,단일로 - 기타,이륜,남,39세,상해없음,보행자,남,63세,중상
2021122900100200,2021년 12월 29일 13시,수요일,서울특별시 송파구 문정동,중상사고,0,1,1,0,차대사람 - 횡단중,신호위반,포장 - 건조,맑음,교차로 - 교차로횡단보도내,이륜,남,40세,경상,보행자,남,28세,중상
2021122900100224,2021년 12월 29일 14시,수요일,서울특별시 동대문구 휘경동,부상신고사고,0,0,0,1,차대사람 - 기타,안전운전불이행,포장 - 건조,맑음,단일로 - 기타,이륜,남,51세,부상신고,보행자,남,43세,상해없음
2021122900100332,2021년 12월 29일 17시,수요일,서울특별시 관악구 신림동,중상사고,0,1,0,0,차대사람 - 기타,안전운전불이행,포장 - 건조,맑음,교차로 - 교차로안,승용,여,41세,상해없음,보행자,여,30세,중상
2021122900100338,2021년 12월 29일 17시,수요일,서울특별시 강남구 역삼동,부상신고사고,0,0,0,1,차대사람 - 차도통행중,안전운전불이행,포장 - 건조,기타,단일로 - 기타,기타불명,기타불명,미분류,기타불명,보행자,남,28세,부상신고
2021122900100444,2021년 12월 29일 19시,수요일,서울특별시 용산구 동자동,경상사고,0,0,1,0,차대사람 - 횡단중,안전운전불이행,포장 - 건조,맑음,기타 - 기타,승용,여,62세,상해없음,보행자,남,42세,경상
2021122900100478,2021년 12월 29일 20시,수요일,서울특별시 마포구 서교동,경상사고,0,0,1,0,차대사람 - 횡단중,안전운전불이행,포장 - 건조,맑음,교차로 - 교차로안,승용,여,25세,상해없음,보행자,남,50세,경상
2021122900100479,2021년 12월 29일 20시,수요일,서울특별시 영등포구 신길동,중상사고,0,1,0,0,차대사람 - 보도통행중,기타,포장 - 건조,맑음,단일로 - 기타,자전거,남,21세,상해없음,보행자,남,32세,중상
2021123000100039,2021년 12월 30일 07시,목요일,서울특별시 송파구 가락동,부상신고사고,0,0,0,1,차대사람 - 기타,안전운전불이행,포장 - 건조,맑음,기타 - 기타,기타불명,남,47세,기타불명,보행자,남,22세,부상신고
2021123000100058,2021년 12월 30일 08시,목요일,서울특별시 종로구 안국동,경상사고,0,0,1,0,차대사람 - 횡단중,보행자보호의무위반,포장 - 건조,맑음,교차로 - 교차로횡단보도내,승용,여,51세,상해없음,보행자,남,65세,경상
2021123000100059,2021년 12월 30일 08시,목요일,서울특별시 성북구 동선동3가,경상사고,0,0,1,0,차대사람 - 보도통행중,보행자보호의무위반,포장 - 건조,맑음,단일로 - 기타,이륜,남,57세,상해없음,보행자,여,30세,경상
2021123000100061,2021년 12월 30일 08시,목요일,서울특별시 송파구 잠실동,부상신고사고,0,0,0,1,차대사람 - 횡단중,보행자보호의무위반,포장 - 건조,흐림,교차로 - 교차로안,승용,남,48세,상해없음,보행자,남,13세,부상신고
2021123000100114,2021년 12월 30일 10시,목요일,서울특별시 강북구 번동,중상사고,0,1,0,0,차대사람 - 차도통행중,안전운전불이행,포장 - 건조,맑음,단일로 - 기타,승용,남,70세,상해없음,보행자,여,47세,중상
2021123000100135,2021년 12월 30일 11시,목요일,서울특별시 동대문구 장안동,경상사고,0,0,1,0,차대사람 - 기타,안전운전불이행,포장 - 건조,맑음,단일로 - 기타,승합,남,55세,상해없음,보행자,남,69세,경상
2021123000100136,2021년 12월 30일 11시,목요일,서울특별시 금천구 시흥동,경상사고,0,0,1,0,차대사람 - 횡단중,보행자보호의무위반,포장 - 건조,맑음,교차로 - 교차로횡단보도내,승용,남,43세,상해없음,보행자,남,68세,경상
2021123000100142,2021년 12월 30일 11시,목요일,서울특별시 강남구 역삼동,경상사고,0,0,1,0,차대사람 - 기타,안전운전불이행,포장 - 건조,맑음,교차로 - 교차로안,승용,남,48세,상해없음,보행자,남,23세,경상
2021123000100207,2021년 12월 30일 13시,목요일,서울특별시 종로구 명륜4가,경상사고,0,0,1,0,차대사람 - 기타,안전운전불이행,포장 - 건조,맑음,단일로 - 기타,승용,남,67세,상해없음,보행자,여,13세,경상
2021123000100208,2021년 12월 30일 13시,목요일,서울특별시 금천구 독산동,중상사고,0,1,0,0,차대사람 - 차도통행중,안전운전불이행,포장 - 건조,맑음,단일로 - 기타,화물,남,36세,상해없음,보행자,남,12세,중상
2021123000100209,2021년 12월 30일 13시,목요일,서울특별시 강남구 신사동,중상사고,0,1,0,0,차대사람 - 횡단중,보행자보호의무위반,포장 - 건조,맑음,교차로 - 교차로횡단보도내,화물,남,46세,상해없음,보행자,여,69세,중상
2021123000100240,2021년 12월 30일 14시,목요일,서울특별시 관악구 봉천동,경상사고,0,0,1,0,차대사람 - 보도통행중,안전운전불이행,포장 - 건조,맑음,기타 - 기타,개인형이동수단(PM),남,26세,상해없음,보행자,여,29세,경상
2021123000100333,2021년 12월 30일 17시,목요일,서울특별시 서대문구 홍은동,중상사고,0,1,0,0,차대사람 - 횡단중,보행자보호의무위반,포장 - 건조,맑음,단일로 - 기타,승용,남,66세,상해없음,보행자,여,19세,중상
2021123000100337,2021년 12월 30일 17시,목요일,서울특별시 관악구 봉천동,경상사고,0,0,1,0,차대사람 - 횡단중,안전운전불이행,포장 - 건조,맑음,단일로 - 기타,승용,여,35세,상해없음,보행자,남,76세,경상
2021123000100342,2021년 12월 30일 17시,목요일,서울특별시 강남구 도곡동,경상사고,0,0,1,0,차대사람 - 기타,안전운전불이행,포장 - 건조,맑음,단일로 - 기타,승용,남,68세,상해없음,보행자,남,26세,경상
2021123000100385,2021년 12월 30일 18시,목요일,서울특별시 광진구 구의동,중상사고,0,1,0,0,차대사람 - 기타,안전운전불이행,포장 - 건조,맑음,교차로 - 교차로안,승용,여,51세,상해없음,보행자,여,17세,중상
2021123000100389,2021년 12월 30일 18시,목요일,서울특별시 성동구 금호동1가,경상사고,0,0,1,0,차대사람 - 횡단중,보행자보호의무위반,포장 - 건조,맑음,교차로 - 교차로횡단보도내,승용,여,41세,상해없음,보행자,남,10세,경상
2021123000100456,2021년 12월 30일 19시,목요일,서울특별시 동작구 신대방동,중상사고,0,1,0,0,차대사람 - 보도통행중,보행자보호의무위반,포장 - 건조,맑음,교차로 - 교차로횡단보도내,승용,남,36세,상해없음,보행자,여,56세,중상
2021123000100457,2021년 12월 30일 19시,목요일,서울특별시 관악구 신림동,경상사고,0,0,1,0,차대사람 - 횡단중,보행자보호의무위반,포장 - 건조,맑음,교차로 - 교차로횡단보도내,이륜,남,45세,상해없음,보행자,여,64세,경상
2021123000100458,2021년 12월 30일 19시,목요일,서울특별시 강서구 가양동,경상사고,0,0,2,0,차대사람 - 기타,안전거리미확보,포장 - 건조,맑음,단일로 - 기타,승용,남,36세,상해없음,보행자,남,41세,경상
2021123000100508,2021년 12월 30일 20시,목요일,서울특별시 서초구 서초동,경상사고,0,0,1,0,차대사람 - 길가장자리구역통행중,안전운전불이행,포장 - 건조,맑음,기타 - 기타,승용,남,37세,상해없음,보행자,여,56세,경상
2021123000100543,2021년 12월 30일 21시,목요일,서울특별시 동작구 신대방동,사망사고,1,0,0,0,차대사람 - 차도통행중,안전운전불이행,포장 - 건조,기타,단일로 - 기타,승합,남,52세,상해없음,보행자,남,45세,사망
2021123000100545,2021년 12월 30일 21시,목요일,서울특별시 송파구 방이동,경상사고,0,0,1,0,차대사람 - 기타,안전운전불이행,포장 - 건조,맑음,단일로 - 기타,승용,남,37세,상해없음,보행자,여,29세,경상
2021123000100610,2021년 12월 30일 23시,목요일,서울특별시 영등포구 신길동,중상사고,0,1,0,1,차대사람 - 기타,안전운전불이행,포장 - 건조,맑음,교차로 - 교차로안,이륜,남,56세,부상신고,보행자,남,48세,중상
2021123100100036,2021년 12월 31일 07시,금요일,서울특별시 강북구 수유동,경상사고,0,0,1,0,차대사람 - 횡단중,보행자보호의무위반,포장 - 건조,맑음,교차로 - 교차로횡단보도내,승용,남,59세,상해없음,보행자,여,59세,경상
2021123100100054,2021년 12월 31일 08시,금요일,서울특별시 관악구 봉천동,경상사고,0,0,1,0,차대사람 - 기타,안전운전불이행,포장 - 건조,맑음,단일로 - 기타,승용,남,46세,상해없음,보행자,여,26세,경상
2021123100100057,2021년 12월 31일 08시,금요일,서울특별시 강남구 역삼동,경상사고,0,0,1,0,차대사람 - 횡단중,신호위반,포장 - 건조,맑음,교차로 - 교차로횡단보도내,승합,남,32세,상해없음,보행자,여,18세,경상
2021123100100117,2021년 12월 31일 11시,금요일,서울특별시 성북구 정릉동,중상사고,0,1,0,0,차대사람 - 기타,안전운전불이행,포장 - 건조,맑음,교차로 - 교차로부근,승용,여,28세,상해없음,보행자,여,84세,중상
2021123100100118,2021년 12월 31일 11시,금요일,서울특별시 마포구 성산동,중상사고,0,1,0,0,차대사람 - 횡단중,안전운전불이행,포장 - 건조,맑음,교차로 - 교차로안,승용,남,57세,상해없음,보행자,여,55세,중상
2021123100100145,2021년 12월 31일 12시,금요일,서울특별시 동대문구 제기동,경상사고,0,0,1,0,차대사람 - 기타,안전운전불이행,포장 - 건조,맑음,교차로 - 교차로부근,승합,남,65세,상해없음,보행자,남,50세,경상
2021123100100146,2021년 12월 31일 12시,금요일,서울특별시 동대문구 제기동,경상사고,0,0,1,0,차대사람 - 기타,안전운전불이행,포장 - 건조,맑음,단일로 - 기타,승용,남,74세,상해없음,보행자,남,82세,경상
2021123100100148,2021년 12월 31일 12시,금요일,서울특별시 중랑구 상봉동,경상사고,0,0,1,0,차대사람 - 횡단중,안전운전불이행,포장 - 건조,맑음,단일로 - 기타,화물,남,65세,상해없음,보행자,여,35세,경상
2021123100100151,2021년 12월 31일 12시,금요일,서울특별시 도봉구 방학동,경상사고,0,0,1,0,차대사람 - 기타,기타,포장 - 건조,맑음,단일로 - 기타,승합,남,77세,상해없음,보행자,여,81세,경상
2021123100100225,2021년 12월 31일 14시,금요일,서울특별시 강북구 수유동,경상사고,0,0,1,0,차대사람 - 길가장자리구역통행중,안전운전불이행,포장 - 건조,맑음,단일로 - 기타,승용,남,40세,상해없음,보행자,남,56세,경상
2021123100100226,2021년 12월 31일 14시,금요일,서울특별시 영등포구 여의도동,경상사고,0,0,1,0,차대사람 - 횡단중,보행자보호의무위반,포장 - 건조,맑음,단일로 - 기타,화물,남,53세,상해없음,보행자,여,22세,경상
2021123100100227,2021년 12월 31일 14시,금요일,서울특별시 송파구 신천동,중상사고,0,1,0,0,차대사람 - 횡단중,신호위반,포장 - 건조,맑음,단일로 - 기타,승용,여,51세,상해없음,보행자,여,37세,중상
2021123100100276,2021년 12월 31일 15시,금요일,서울특별시 영등포구 여의도동,경상사고,0,0,1,0,차대사람 - 횡단중,보행자보호의무위반,포장 - 기타,기타,교차로 - 교차로부근,승용,여,51세,상해없음,보행자,여,83세,경상
2021123100100416,2021년 12월 31일 18시,금요일,서울특별시 종로구 동숭동,중상사고,0,1,0,0,차대사람 - 기타,안전운전불이행,포장 - 건조,맑음,단일로 - 기타,승용,여,53세,상해없음,보행자,여,32세,중상
2021123100100420,2021년 12월 31일 18시,금요일,서울특별시 금천구 시흥동,중상사고,0,1,0,0,차대사람 - 횡단중,신호위반,포장 - 건조,맑음,단일로 - 지하차도(도로)내,승합,남,67세,상해없음,보행자,여,62세,중상
2021123100100426,2021년 12월 31일 18시,금요일,서울특별시 강동구 천호동,경상사고,0,0,1,0,차대사람 - 횡단중,보행자보호의무위반,포장 - 건조,맑음,교차로 - 교차로횡단보도내,승용,남,73세,상해없음,보행자,남,72세,경상
2021123100100487,2021년 12월 31일 19시,금요일,서울특별시 은평구 역촌동,중상사고,0,1,0,0,차대사람 - 차도통행중,안전운전불이행,포장 - 건조,맑음,단일로 - 기타,이륜,남,29세,상해없음,보행자,여,56세,중상
2021123100100533,2021년 12월 31일 20시,금요일,서울특별시 중구 충무로4가,중상사고,0,1,0,0,차대사람 - 횡단중,보행자보호의무위반,포장 - 건조,맑음,교차로 - 교차로횡단보도내,승용,남,74세,상해없음,보행자,여,77세,중상
2021123100100562,2021년 12월 31일 21시,금요일,서울특별시 마포구 서교동,중상사고,0,1,0,0,차대사람 - 길가장자리구역통행중,안전운전불이행,포장 - 건조,흐림,단일로 - 기타,화물,남,31세,상해없음,보행자,남,30세,중상
2021123100100565,2021년 12월 31일 21시,금요일,서울특별시 강남구 세곡동,중상사고,0,1,0,0,차대사람 - 횡단중,보행자보호의무위반,포장 - 건조,맑음,교차로 - 교차로안,승용,여,42세,상해없음,보행자,여,49세,중상
2021123100100625,2021년 12월 31일 23시,금요일,서울특별시 서초구 반포동,경상사고,0,0,1,0,차대사람 - 기타,안전운전불이행,포장 - 건조,맑음,단일로 - 기타,승합,남,59세,상해없음,보행자,여,27세,경상